==========================================
开始时间: 
2026-06-24 09:20:59
==========================================
=== 检查输入文件 ===
-rw-r--r-- 1 root root 71 6月  22 12:06 /metadatadir/sample.txt
-rw-r--r-- 1 root root 1563333158 6月  23 16:14 /prodigal/unique_gene.fasta
=== 开始运行 bwa_update ===
[2026-06-24 09:21:00] RUN: bash /root/microbiome/microbiome/metage_megahit/bowtie_update.sh /metadatadir /cleandata /prodigal /workdir/bowtie_update none
[2026-06-24 09:21:00] 开始 bowtie2-build...
Settings:
  Output files: "/workdir/bowtie_update/uniq.*.bt2"
  Line rate: 6 (line is 64 bytes)
  Lines per side: 1 (side is 64 bytes)
  Offset rate: 4 (one in 16)
  FTable chars: 10
  Strings: unpacked
  Max bucket size: default
  Max bucket size, sqrt multiplier: default
  Max bucket size, len divisor: 288
  Difference-cover sample period: 1024
  Endianness: little
  Actual local endianness: little
  Sanity checking: disabled
  Assertions: disabled
  Random seed: 0
  Sizeofs: void*:8, int:4, long:8, size_t:8
Input files DNA, FASTA:
  /prodigal/unique_gene.fasta
Building a SMALL index
Reading reference sizes
  Time reading reference sizes: 00:00:19
Calculating joined length
Writing header
Reserving space for joined string
Joining reference sequences
  Time to join reference sequences: 00:00:17
bmax according to bmaxDivN setting: 4483304
Using parameters --bmax 3362478 --dcv 1024
  Doing ahead-of-time memory usage test
  Passed!  Constructing with these parameters: --bmax 3362478 --dcv 1024
Constructing suffix-array element generator
Building DifferenceCoverSample
  Building sPrime
  Building sPrimeOrder
  V-Sorting samples
  V-Sorting samples time: 00:00:25
  Allocating rank array
  Ranking v-sort output
  Ranking v-sort output time: 00:00:11
  Invoking Larsson-Sadakane on ranks
  Invoking Larsson-Sadakane on ranks time: 00:00:24
  Sanity-checking and returning
Building samples
Reserving space for 770 sample suffixes
Generating random suffixes
QSorting 770 sample offsets, eliminating duplicates
QSorting sample offsets, eliminating duplicates time: 00:00:00
Multikey QSorting 770 samples
  (Using difference cover)
  Multikey QSorting samples time: 00:00:00
Calculating bucket sizes
Splitting and merging
  Splitting and merging time: 00:00:00
Split 111, merged 335; iterating...
Splitting and merging
  Splitting and merging time: 00:00:00
Split 59, merged 60; iterating...
Splitting and merging
  Splitting and merging time: 00:00:00
Split 20, merged 32; iterating...
Splitting and merging
  Splitting and merging time: 00:00:00
Split 7, merged 12; iterating...
Splitting and merging
  Splitting and merging time: 00:00:00
Split 3, merged 4; iterating...
Avg bucket size: 2.44544e+06 (target: 3362477)
Converting suffix-array elements to index image
Allocating ftab, absorbFtab
Entering Ebwt loop
Getting block 1 of 528
  Reserving size (3362478) for bucket 1
Getting block 2 of 528
  Reserving size (3362478) for bucket 2
Getting block 3 of 528
Getting block 4 of 528
Getting block 5 of 528
Getting block 6 of 528
Getting block 7 of 528
Getting block 8 of 528
Getting block 9 of 528
Getting block 10 of 528
Getting block 11 of 528
Getting block 12 of 528
Getting block 13 of 528
Getting block 14 of 528
  Reserving size (3362478) for bucket 3
  Calculating Z arrays for bucket 1
  Reserving size (3362478) for bucket 4
  Reserving size (3362478) for bucket 5
  Calculating Z arrays for bucket 2
  Reserving size (3362478) for bucket 6
  Reserving size (3362478) for bucket 7
  Reserving size (3362478) for bucket 8
  Reserving size (3362478) for bucket 9
  Reserving size (3362478) for bucket 10
  Reserving size (3362478) for bucket 11
  Reserving size (3362478) for bucket 12
  Reserving size (3362478) for bucket 13
  Reserving size (3362478) for bucket 14
Getting block 15 of 528
Getting block 16 of 528
Getting block 17 of 528
Getting block 18 of 528
Getting block 19 of 528
Getting block 20 of 528
Getting block 21 of 528
Getting block 22 of 528
Getting block 23 of 528
Getting block 24 of 528
Getting block 25 of 528
Getting block 26 of 528
Getting block 27 of 528
Getting block 28 of 528
Getting block 29 of 528
Getting block 30 of 528
Getting block 31 of 528
Getting block 32 of 528
Getting block 33 of 528
Getting block 34 of 528
Getting block 35 of 528
Getting block 36 of 528
Getting block 37 of 528
Getting block 38 of 528
Getting block 39 of 528
Getting block 40 of 528
Getting block 41 of 528
Getting block 42 of 528
Getting block 43 of 528
Getting block 44 of 528
Getting block 45 of 528
Getting block 46 of 528
Getting block 47 of 528
Getting block 48 of 528
Getting block 49 of 528
Getting block 50 of 528
Getting block 51 of 528
Getting block 52 of 528
Getting block 53 of 528
Getting block 54 of 528
Getting block 55 of 528
Getting block 56 of 528
Getting block 57 of 528
  Entering block accumulator loop for bucket 1:
  Calculating Z arrays for bucket 7
  Calculating Z arrays for bucket 14
  Reserving size (3362478) for bucket 15
  Calculating Z arrays for bucket 13
  Calculating Z arrays for bucket 8
  Calculating Z arrays for bucket 6
  Entering block accumulator loop for bucket 2:
  Reserving size (3362478) for bucket 16
  Calculating Z arrays for bucket 10
  Calculating Z arrays for bucket 9
  Calculating Z arrays for bucket 11
  Calculating Z arrays for bucket 3
  Calculating Z arrays for bucket 12
  Reserving size (3362478) for bucket 17
  Reserving size (3362478) for bucket 18
  Calculating Z arrays for bucket 5
  Reserving size (3362478) for bucket 19
  Reserving size (3362478) for bucket 20
  Calculating Z arrays for bucket 4
  Reserving size (3362478) for bucket 21
  Reserving size (3362478) for bucket 22
  Reserving size (3362478) for bucket 23
  Reserving size (3362478) for bucket 24
Getting block 58 of 528
  Reserving size (3362478) for bucket 25
Getting block 59 of 528
  Reserving size (3362478) for bucket 26
  Reserving size (3362478) for bucket 27
  Reserving size (3362478) for bucket 28
  Reserving size (3362478) for bucket 29
  Reserving size (3362478) for bucket 30
  Reserving size (3362478) for bucket 31
  Reserving size (3362478) for bucket 32
  Reserving size (3362478) for bucket 33
  Reserving size (3362478) for bucket 34
  Reserving size (3362478) for bucket 35
  Reserving size (3362478) for bucket 36
Getting block 60 of 528
  Reserving size (3362478) for bucket 37
  Reserving size (3362478) for bucket 38
  Reserving size (3362478) for bucket 39
  Reserving size (3362478) for bucket 40
  Reserving size (3362478) for bucket 41
  Reserving size (3362478) for bucket 42
  Reserving size (3362478) for bucket 43
  Reserving size (3362478) for bucket 44
  Reserving size (3362478) for bucket 45
  Reserving size (3362478) for bucket 46
  Reserving size (3362478) for bucket 47
  Reserving size (3362478) for bucket 48
  Reserving size (3362478) for bucket 49
  Reserving size (3362478) for bucket 50
  Reserving size (3362478) for bucket 51
  Reserving size (3362478) for bucket 52
  Reserving size (3362478) for bucket 53
  Reserving size (3362478) for bucket 54
  Reserving size (3362478) for bucket 55
  Reserving size (3362478) for bucket 56
  Reserving size (3362478) for bucket 57
Getting block 61 of 528
Getting block 62 of 528
  Entering block accumulator loop for bucket 7:
Getting block 63 of 528
Getting block 64 of 528
  Entering block accumulator loop for bucket 14:
Getting block 65 of 528
  Entering block accumulator loop for bucket 11:
  Entering block accumulator loop for bucket 3:
Getting block 66 of 528
  Entering block accumulator loop for bucket 12:
Getting block 68 of 528
Getting block 67 of 528
  Entering block accumulator loop for bucket 9:
Getting block 69 of 528
Getting block 70 of 528
Getting block 71 of 528
  Entering block accumulator loop for bucket 8:
  Calculating Z arrays for bucket 16
  Entering block accumulator loop for bucket 5:
  Entering block accumulator loop for bucket 10:
  Entering block accumulator loop for bucket 4:
  Reserving size (3362478) for bucket 58
  Entering block accumulator loop for bucket 13:
  Calculating Z arrays for bucket 24
  Calculating Z arrays for bucket 23
  Entering block accumulator loop for bucket 6:
  Calculating Z arrays for bucket 15
  Calculating Z arrays for bucket 22
  Reserving size (3362478) for bucket 59
  Calculating Z arrays for bucket 20
  Calculating Z arrays for bucket 17
  Calculating Z arrays for bucket 18
  Calculating Z arrays for bucket 29
  Calculating Z arrays for bucket 26
  Calculating Z arrays for bucket 31
  Reserving size (3362478) for bucket 60
  Calculating Z arrays for bucket 30
  Calculating Z arrays for bucket 21
  Calculating Z arrays for bucket 39
  Calculating Z arrays for bucket 56
  Calculating Z arrays for bucket 28
  Calculating Z arrays for bucket 27
  Calculating Z arrays for bucket 33
  Reserving size (3362478) for bucket 61
  Calculating Z arrays for bucket 38
  Calculating Z arrays for bucket 49
  Calculating Z arrays for bucket 35
  Calculating Z arrays for bucket 34
  Reserving size (3362478) for bucket 62
  Calculating Z arrays for bucket 43
  Calculating Z arrays for bucket 54
  Calculating Z arrays for bucket 51
  Calculating Z arrays for bucket 36
  Calculating Z arrays for bucket 52
  Calculating Z arrays for bucket 47
  Calculating Z arrays for bucket 41
  Calculating Z arrays for bucket 42
  Reserving size (3362478) for bucket 63
  Calculating Z arrays for bucket 57
  Calculating Z arrays for bucket 37
  Calculating Z arrays for bucket 32
  Calculating Z arrays for bucket 19
  Calculating Z arrays for bucket 48
  Reserving size (3362478) for bucket 64
  Calculating Z arrays for bucket 25
  Reserving size (3362478) for bucket 65
  Calculating Z arrays for bucket 46
  Calculating Z arrays for bucket 44
  Calculating Z arrays for bucket 50
  Calculating Z arrays for bucket 53
  Calculating Z arrays for bucket 45
  Calculating Z arrays for bucket 40
  Calculating Z arrays for bucket 55
  Reserving size (3362478) for bucket 66
  Reserving size (3362478) for bucket 68
  Reserving size (3362478) for bucket 67
  Reserving size (3362478) for bucket 69
  Reserving size (3362478) for bucket 70
  Reserving size (3362478) for bucket 71
  Entering block accumulator loop for bucket 16:
  Entering block accumulator loop for bucket 24:
  Entering block accumulator loop for bucket 21:
  Entering block accumulator loop for bucket 56:
  Entering block accumulator loop for bucket 35:
  Entering block accumulator loop for bucket 34:
  Entering block accumulator loop for bucket 29:
  Entering block accumulator loop for bucket 51:
  Entering block accumulator loop for bucket 18:
  Entering block accumulator loop for bucket 36:
  Entering block accumulator loop for bucket 39:
  Entering block accumulator loop for bucket 38:
  Entering block accumulator loop for bucket 31:
  Entering block accumulator loop for bucket 32:
  Entering block accumulator loop for bucket 30:
  Entering block accumulator loop for bucket 19:
  Entering block accumulator loop for bucket 15:
  Entering block accumulator loop for bucket 48:
  Entering block accumulator loop for bucket 28:
  Entering block accumulator loop for bucket 53:
  Entering block accumulator loop for bucket 45:
  Entering block accumulator loop for bucket 55:
  Calculating Z arrays for bucket 67
  Entering block accumulator loop for bucket 22:
  Entering block accumulator loop for bucket 17:
  Entering block accumulator loop for bucket 26:
  Entering block accumulator loop for bucket 42:
  Entering block accumulator loop for bucket 54:
  Entering block accumulator loop for bucket 20:
  Entering block accumulator loop for bucket 27:
  Entering block accumulator loop for bucket 43:
  Entering block accumulator loop for bucket 47:
  Entering block accumulator loop for bucket 52:
  Entering block accumulator loop for bucket 33:
  Entering block accumulator loop for bucket 44:
  Entering block accumulator loop for bucket 49:
  Entering block accumulator loop for bucket 40:
  Entering block accumulator loop for bucket 23:
  Entering block accumulator loop for bucket 50:
  Calculating Z arrays for bucket 65
  Calculating Z arrays for bucket 64
  Entering block accumulator loop for bucket 46:
  Entering block accumulator loop for bucket 65:
  Entering block accumulator loop for bucket 64:
  Entering block accumulator loop for bucket 25:
  Entering block accumulator loop for bucket 57:
  Entering block accumulator loop for bucket 41:
  Calculating Z arrays for bucket 59
  Entering block accumulator loop for bucket 59:
  Entering block accumulator loop for bucket 37:
  Calculating Z arrays for bucket 66
  Calculating Z arrays for bucket 60
  Calculating Z arrays for bucket 70
  Entering block accumulator loop for bucket 67:
  Calculating Z arrays for bucket 61
  Entering block accumulator loop for bucket 70:
  Calculating Z arrays for bucket 68
  Entering block accumulator loop for bucket 68:
  Entering block accumulator loop for bucket 66:
  Entering block accumulator loop for bucket 61:
  Calculating Z arrays for bucket 58
  Calculating Z arrays for bucket 63
  Entering block accumulator loop for bucket 60:
  Calculating Z arrays for bucket 71
  Calculating Z arrays for bucket 62
  Calculating Z arrays for bucket 69
  Entering block accumulator loop for bucket 62:
  Entering block accumulator loop for bucket 58:
  Entering block accumulator loop for bucket 69:
  Entering block accumulator loop for bucket 71:
  Entering block accumulator loop for bucket 63:
  bucket 4: 10%
  bucket 9: 10%
  bucket 8: 10%
  bucket 33: 10%
  bucket 34: 10%
  bucket 36: 10%
  bucket 57: 10%
  bucket 51: 10%
  bucket 40: 10%
  bucket 2: 10%
  bucket 21: 10%
  bucket 61: 10%
  bucket 1: 10%
  bucket 6: 10%
  bucket 3: 10%
  bucket 5: 10%
  bucket 13: 10%
  bucket 10: 10%
  bucket 12: 10%
  bucket 7: 10%
  bucket 14: 10%
  bucket 16: 10%
  bucket 19: 10%
  bucket 11: 10%
  bucket 22: 10%
  bucket 15: 10%
  bucket 18: 10%
  bucket 20: 10%
  bucket 17: 10%
  bucket 24: 10%
  bucket 27: 10%
  bucket 26: 10%
  bucket 29: 10%
  bucket 25: 10%
  bucket 37: 10%
  bucket 28: 10%
  bucket 32: 10%
  bucket 31: 10%
  bucket 35: 10%
  bucket 23: 10%
  bucket 30: 10%
  bucket 41: 10%
  bucket 52: 10%
  bucket 39: 10%
  bucket 38: 10%
  bucket 53: 10%
  bucket 48: 10%
  bucket 55: 10%
  bucket 49: 10%
  bucket 42: 10%
  bucket 54: 10%
  bucket 45: 10%
  bucket 59: 10%
  bucket 47: 10%
  bucket 44: 10%
  bucket 4: 20%
  bucket 56: 10%
  bucket 50: 10%
  bucket 46: 10%
  bucket 62: 10%
  bucket 60: 10%
  bucket 69: 10%
  bucket 65: 10%
  bucket 63: 10%
  bucket 71: 10%
  bucket 70: 10%
  bucket 58: 10%
  bucket 43: 10%
  bucket 67: 10%
  bucket 66: 10%
  bucket 68: 10%
  bucket 64: 10%
  bucket 8: 20%
  bucket 9: 20%
  bucket 33: 20%
  bucket 34: 20%
  bucket 36: 20%
  bucket 57: 20%
  bucket 40: 20%
  bucket 61: 20%
  bucket 4: 30%
  bucket 8: 30%
  bucket 9: 30%
  bucket 51: 20%
  bucket 2: 20%
  bucket 21: 20%
  bucket 1: 20%
  bucket 34: 30%
  bucket 36: 30%
  bucket 33: 30%
  bucket 3: 20%
  bucket 5: 20%
  bucket 6: 20%
  bucket 13: 20%
  bucket 10: 20%
  bucket 57: 30%
  bucket 12: 20%
  bucket 67: 20%
  bucket 7: 20%
  bucket 14: 20%
  bucket 19: 20%
  bucket 16: 20%
  bucket 11: 20%
  bucket 22: 20%
  bucket 15: 20%
  bucket 18: 20%
  bucket 20: 20%
  bucket 17: 20%
  bucket 29: 20%
  bucket 24: 20%
  bucket 26: 20%
  bucket 27: 20%
  bucket 48: 20%
  bucket 25: 20%
  bucket 28: 20%
  bucket 37: 20%
  bucket 32: 20%
  bucket 23: 20%
  bucket 30: 20%
  bucket 31: 20%
  bucket 41: 20%
  bucket 35: 20%
  bucket 42: 20%
  bucket 52: 20%
  bucket 38: 20%
  bucket 49: 20%
  bucket 39: 20%
  bucket 53: 20%
  bucket 54: 20%
  bucket 55: 20%
  bucket 50: 20%
  bucket 59: 20%
  bucket 4: 40%
  bucket 45: 20%
  bucket 47: 20%
  bucket 44: 20%
  bucket 56: 20%
  bucket 62: 20%
  bucket 46: 20%
  bucket 65: 20%
  bucket 63: 20%
  bucket 60: 20%
  bucket 61: 30%
  bucket 69: 20%
  bucket 43: 20%
  bucket 71: 20%
  bucket 66: 20%
  bucket 58: 20%
  bucket 68: 20%
  bucket 70: 20%
  bucket 40: 30%
  bucket 64: 20%
  bucket 9: 40%
  bucket 34: 40%
  bucket 33: 40%
  bucket 36: 40%
  bucket 8: 40%
  bucket 57: 40%
  bucket 67: 30%
  bucket 29: 30%
  bucket 4: 50%
  bucket 2: 30%
  bucket 1: 30%
  bucket 21: 30%
  bucket 3: 30%
  bucket 5: 30%
  bucket 6: 30%
  bucket 61: 40%
  bucket 51: 30%
  bucket 13: 30%
  bucket 10: 30%
  bucket 9: 50%
  bucket 12: 30%
  bucket 7: 30%
  bucket 19: 30%
  bucket 11: 30%
  bucket 14: 30%
  bucket 16: 30%
  bucket 22: 30%
  bucket 15: 30%
  bucket 18: 30%
  bucket 20: 30%
  bucket 17: 30%
  bucket 26: 30%
  bucket 24: 30%
  bucket 25: 30%
  bucket 27: 30%
  bucket 48: 30%
  bucket 33: 50%
  bucket 28: 30%
  bucket 34: 50%
  bucket 37: 30%
  bucket 32: 30%
  bucket 36: 50%
  bucket 23: 30%
  bucket 30: 30%
  bucket 31: 30%
  bucket 41: 30%
  bucket 35: 30%
  bucket 38: 30%
  bucket 42: 30%
  bucket 49: 30%
  bucket 52: 30%
  bucket 54: 30%
  bucket 39: 30%
  bucket 53: 30%
  bucket 57: 50%
  bucket 55: 30%
  bucket 4: 60%
  bucket 50: 30%
  bucket 59: 30%
  bucket 44: 30%
  bucket 47: 30%
  bucket 45: 30%
  bucket 56: 30%
  bucket 29: 40%
  bucket 62: 30%
  bucket 46: 30%
  bucket 65: 30%
  bucket 63: 30%
  bucket 60: 30%
  bucket 43: 30%
  bucket 40: 40%
  bucket 66: 30%
  bucket 69: 30%
  bucket 71: 30%
  bucket 58: 30%
  bucket 68: 30%
  bucket 70: 30%
  bucket 64: 30%
  bucket 67: 40%
  bucket 9: 60%
  bucket 61: 50%
  bucket 8: 50%
  bucket 48: 40%
  bucket 2: 40%
  bucket 33: 60%
  bucket 1: 40%
  bucket 34: 60%
  bucket 36: 60%
  bucket 4: 70%
  bucket 3: 40%
  bucket 21: 40%
  bucket 5: 40%
  bucket 6: 40%
  bucket 13: 40%
  bucket 10: 40%
  bucket 57: 60%
  bucket 12: 40%
  bucket 29: 50%
  bucket 19: 40%
  bucket 7: 40%
  bucket 11: 40%
  bucket 16: 40%
  bucket 14: 40%
  bucket 51: 40%
  bucket 22: 40%
  bucket 15: 40%
  bucket 9: 70%
  bucket 18: 40%
  bucket 20: 40%
  bucket 17: 40%
  bucket 26: 40%
  bucket 25: 40%
  bucket 24: 40%
  bucket 27: 40%
  bucket 28: 40%
  bucket 32: 40%
  bucket 61: 60%
  bucket 37: 40%
  bucket 23: 40%
  bucket 30: 40%
  bucket 31: 40%
  bucket 41: 40%
  bucket 35: 40%
  bucket 38: 40%
  bucket 42: 40%
  bucket 49: 40%
  bucket 52: 40%
  bucket 54: 40%
  bucket 39: 40%
  bucket 53: 40%
  bucket 55: 40%
  bucket 50: 40%
  bucket 48: 50%
  bucket 59: 40%
  bucket 4: 80%
  bucket 44: 40%
  bucket 45: 40%
  bucket 47: 40%
  bucket 56: 40%
  bucket 34: 70%
  bucket 62: 40%
  bucket 65: 40%
  bucket 46: 40%
  bucket 40: 50%
  bucket 36: 70%
  bucket 63: 40%
  bucket 60: 40%
  bucket 43: 40%
  bucket 66: 40%
  bucket 69: 40%
  bucket 71: 40%
  bucket 68: 40%
  bucket 58: 40%
  bucket 70: 40%
  bucket 8: 60%
  bucket 57: 70%
  bucket 64: 40%
  bucket 29: 60%
  bucket 67: 50%
  bucket 33: 70%
  bucket 12: 50%
  bucket 2: 50%
  bucket 9: 80%
  bucket 1: 50%
  bucket 27: 50%
  bucket 3: 50%
  bucket 5: 50%
  bucket 21: 50%
  bucket 6: 50%
  bucket 13: 50%
  bucket 10: 50%
  bucket 16: 50%
  bucket 61: 70%
  bucket 19: 50%
  bucket 11: 50%
  bucket 7: 50%
  bucket 4: 90%
  bucket 14: 50%
  bucket 22: 50%
  bucket 48: 60%
  bucket 15: 50%
  bucket 18: 50%
  bucket 34: 80%
  bucket 20: 50%
  bucket 17: 50%
  bucket 51: 50%
  bucket 26: 50%
  bucket 25: 50%
  bucket 24: 50%
  bucket 29: 70%
  bucket 57: 80%
  bucket 12: 60%
  bucket 28: 50%
  bucket 32: 50%
  bucket 9: 90%
  bucket 37: 50%
  bucket 23: 50%
  bucket 30: 50%
  bucket 31: 50%
  bucket 41: 50%
  bucket 38: 50%
  bucket 35: 50%
  bucket 42: 50%
  bucket 27: 60%
  bucket 49: 50%
  bucket 52: 50%
  bucket 36: 80%
  bucket 54: 50%
  bucket 39: 50%
  bucket 53: 50%
  bucket 55: 50%
  bucket 50: 50%
  bucket 59: 50%
  bucket 47: 50%
  bucket 44: 50%
  bucket 45: 50%
  bucket 56: 50%
  bucket 40: 60%
  bucket 65: 50%
  bucket 62: 50%
  bucket 63: 50%
  bucket 46: 50%
  bucket 8: 70%
  bucket 4: 100%
  Sorting block of length 2666377 for bucket 4
  (Using difference cover)
  bucket 60: 50%
  bucket 43: 50%
  bucket 66: 50%
  bucket 61: 80%
  bucket 69: 50%
  bucket 58: 50%
  bucket 71: 50%
  bucket 68: 50%
  bucket 70: 50%
  bucket 2: 60%
  bucket 1: 60%
  bucket 48: 70%
  bucket 33: 80%
  bucket 34: 90%
  bucket 64: 50%
  bucket 67: 60%
  bucket 3: 60%
  bucket 5: 60%
  bucket 12: 70%
  bucket 21: 60%
  bucket 6: 60%
  bucket 10: 60%
  bucket 13: 60%
  bucket 29: 80%
  bucket 9: 100%
  Sorting block of length 2241868 for bucket 9
  (Using difference cover)
  bucket 57: 90%
  bucket 16: 60%
  bucket 11: 60%
  bucket 19: 60%
  bucket 7: 60%
  bucket 27: 70%
  bucket 14: 60%
  bucket 22: 60%
  bucket 15: 60%
  bucket 18: 60%
  bucket 17: 60%
  bucket 20: 60%
  bucket 26: 60%
  bucket 25: 60%
  bucket 24: 60%
  bucket 51: 60%
  bucket 61: 90%
  Sorting block time: 00:00:03
Returning block of 2666378 for bucket 4
Getting block 72 of 528
  Reserving size (3362478) for bucket 72
  Calculating Z arrays for bucket 72
  Entering block accumulator loop for bucket 72:
  bucket 48: 80%
  bucket 28: 60%
  bucket 32: 60%
  bucket 12: 80%
  bucket 37: 60%
  bucket 23: 60%
  bucket 36: 90%
  bucket 30: 60%
  bucket 34: 100%
  Sorting block of length 2931862 for bucket 34
  (Using difference cover)
  bucket 31: 60%
  bucket 41: 60%
  bucket 38: 60%
  bucket 35: 60%
  bucket 42: 60%
  bucket 49: 60%
  bucket 29: 90%
  bucket 52: 60%
  bucket 54: 60%
  bucket 39: 60%
  bucket 53: 60%
  bucket 55: 60%
  bucket 57: 100%
  Sorting block of length 1915282 for bucket 57
  (Using difference cover)
  bucket 8: 80%
  bucket 50: 60%
  bucket 45: 60%
  bucket 59: 60%
  bucket 47: 60%
  bucket 44: 60%
  bucket 40: 70%
  Sorting block time: 00:00:04
Returning block of 2241869 for bucket 9
  bucket 2: 70%
  bucket 56: 60%
  bucket 27: 80%
  bucket 1: 70%
  bucket 67: 70%
  bucket 58: 60%
Getting block 73 of 528
  Reserving size (3362478) for bucket 73
  Calculating Z arrays for bucket 73
  Entering block accumulator loop for bucket 73:
  bucket 65: 60%
  bucket 63: 60%
  bucket 62: 60%
  bucket 46: 60%
  bucket 60: 60%
  bucket 3: 70%
  bucket 43: 60%
  bucket 5: 70%
  bucket 66: 60%
  bucket 69: 60%
  bucket 71: 60%
  bucket 10: 70%
  bucket 68: 60%
  bucket 13: 70%
  bucket 33: 90%
  bucket 6: 70%
  bucket 21: 70%
  bucket 70: 60%
  bucket 64: 60%
  bucket 16: 70%
  bucket 12: 90%
  bucket 11: 70%
  bucket 19: 70%
  bucket 7: 70%
  bucket 72: 10%
  bucket 36: 100%
  Sorting block of length 2345735 for bucket 36
  (Using difference cover)
  bucket 14: 70%
  bucket 22: 70%
  bucket 15: 70%
  bucket 18: 70%
  Sorting block time: 00:00:03
Returning block of 1915283 for bucket 57
  bucket 48: 90%
  bucket 29: 100%
  Sorting block of length 1648098 for bucket 29
  (Using difference cover)
  bucket 17: 70%
Getting block 74 of 528
  Reserving size (3362478) for bucket 74
  Calculating Z arrays for bucket 74
  Entering block accumulator loop for bucket 74:
  bucket 20: 70%
  bucket 27: 90%
  bucket 26: 70%
  bucket 25: 70%
  bucket 30: 70%
  bucket 24: 70%
  bucket 73: 10%
  bucket 61: 100%
  Sorting block of length 2535952 for bucket 61
  (Using difference cover)
  bucket 51: 70%
  bucket 67: 80%
  bucket 28: 70%
  bucket 32: 70%
  bucket 35: 70%
  bucket 37: 70%
  bucket 23: 70%
  bucket 31: 70%
  bucket 38: 70%
  bucket 41: 70%
  Sorting block time: 00:00:05
Returning block of 2931863 for bucket 34
  bucket 42: 70%
  bucket 8: 90%
  bucket 49: 70%
  bucket 11: 80%
  bucket 2: 80%
  bucket 1: 80%
  bucket 52: 70%
  bucket 58: 70%
  bucket 54: 70%
Getting block 75 of 528
  Reserving size (3362478) for bucket 75
  Calculating Z arrays for bucket 75
  Entering block accumulator loop for bucket 75:
  bucket 39: 70%
  bucket 53: 70%
  bucket 55: 70%
  bucket 50: 70%
  bucket 10: 80%
  bucket 3: 80%
  bucket 72: 20%
  bucket 5: 80%
  Sorting block time: 00:00:03
Returning block of 1648099 for bucket 29
  bucket 15: 80%
  bucket 40: 80%
  bucket 59: 70%
  bucket 47: 70%
  bucket 45: 70%
  bucket 44: 70%
Getting block 76 of 528
  Reserving size (3362478) for bucket 76
  Calculating Z arrays for bucket 76
  Entering block accumulator loop for bucket 76:
  bucket 13: 80%
  bucket 56: 70%
  bucket 6: 80%
  bucket 21: 80%
  bucket 65: 70%
  bucket 63: 70%
  bucket 62: 70%
  bucket 60: 70%
  bucket 46: 70%
  bucket 74: 10%
  bucket 16: 80%
  bucket 43: 70%
  bucket 66: 70%
  bucket 33: 100%
  Sorting block of length 748213 for bucket 33
  (Using difference cover)
  Sorting block time: 00:00:04
Returning block of 2345736 for bucket 36
  bucket 71: 70%
  bucket 12: 100%
  Sorting block of length 1422337 for bucket 12
  (Using difference cover)
  bucket 69: 70%
  bucket 19: 80%
  bucket 27: 100%
  Sorting block of length 2600635 for bucket 27
  (Using difference cover)
  bucket 68: 70%
Getting block 77 of 528
  Reserving size (3362478) for bucket 77
  Calculating Z arrays for bucket 77
  Entering block accumulator loop for bucket 77:
  bucket 30: 80%
  bucket 70: 70%
  bucket 48: 100%
  Sorting block of length 2328155 for bucket 48
  (Using difference cover)
  bucket 73: 20%
  bucket 64: 70%
  bucket 7: 80%
  bucket 14: 80%
  bucket 22: 80%
  bucket 23: 80%
  bucket 18: 80%
  Sorting block time: 00:00:01
Returning block of 748214 for bucket 33
Getting block 78 of 528
  Reserving size (3362478) for bucket 78
  Calculating Z arrays for bucket 78
  Entering block accumulator loop for bucket 78:
  bucket 17: 80%
  bucket 20: 80%
  bucket 67: 90%
  Sorting block time: 00:00:05
Returning block of 2535953 for bucket 61
  bucket 26: 80%
  Sorting block time: 00:00:02
Returning block of 1422338 for bucket 12
  bucket 25: 80%
  bucket 24: 80%
Getting block 79 of 528
  Reserving size (3362478) for bucket 79
  Calculating Z arrays for bucket 79
  Entering block accumulator loop for bucket 79:
  bucket 72: 30%
Getting block 80 of 528
  Reserving size (3362478) for bucket 80
  Calculating Z arrays for bucket 80
  Entering block accumulator loop for bucket 80:
  bucket 11: 90%
  bucket 28: 80%
  bucket 32: 80%
  bucket 19: 90%
  bucket 35: 80%
  bucket 74: 20%
  bucket 37: 80%
  bucket 51: 80%
  bucket 10: 90%
  bucket 1: 90%
  bucket 2: 90%
  bucket 30: 90%
  bucket 8: 100%
  Sorting block of length 2119804 for bucket 8
  (Using difference cover)
  bucket 31: 80%
  bucket 38: 80%
  bucket 15: 90%
  bucket 41: 80%
  bucket 3: 90%
  bucket 42: 80%
  bucket 49: 80%
  bucket 5: 90%
  Sorting block time: 00:00:04
Returning block of 2600636 for bucket 27
  bucket 54: 80%
  bucket 52: 80%
  bucket 39: 80%
  bucket 58: 80%
  bucket 64: 80%
  bucket 50: 80%
  bucket 53: 80%
  Sorting block time: 00:00:04
Returning block of 2328156 for bucket 48
  bucket 13: 90%
Getting block 81 of 528
  Reserving size (3362478) for bucket 81
  Calculating Z arrays for bucket 81
  Entering block accumulator loop for bucket 81:
  bucket 75: 10%
  bucket 60: 80%
  bucket 6: 90%
  bucket 21: 90%
  bucket 55: 80%
Getting block 82 of 528
  Reserving size (3362478) for bucket 82
  Calculating Z arrays for bucket 82
  Entering block accumulator loop for bucket 82:
  bucket 40: 90%
  bucket 47: 80%
  bucket 44: 80%
  bucket 66: 80%
  bucket 59: 80%
  bucket 45: 80%
  bucket 16: 90%
  bucket 76: 10%
  bucket 56: 80%
  bucket 78: 10%
  bucket 65: 80%
  bucket 63: 80%
  bucket 62: 80%
  bucket 46: 80%
  bucket 67: 100%
  Sorting block of length 2656973 for bucket 67
  (Using difference cover)
  bucket 23: 90%
  bucket 77: 10%
  bucket 43: 80%
  bucket 7: 90%
  bucket 72: 40%
  bucket 69: 80%
  bucket 11: 100%
  Sorting block of length 3301167 for bucket 11
  (Using difference cover)
  bucket 71: 80%
  bucket 68: 80%
  bucket 14: 90%
  bucket 18: 90%
  bucket 73: 30%
  bucket 70: 80%
  bucket 22: 90%
  bucket 19: 100%
  Sorting block of length 3267828 for bucket 19
  (Using difference cover)
  bucket 17: 90%
  bucket 74: 30%
  bucket 30: 100%
  Sorting block of length 3066300 for bucket 30
  (Using difference cover)
  bucket 51: 90%
  bucket 20: 90%
  Sorting block time: 00:00:04
Returning block of 2119805 for bucket 8
Getting block 83 of 528
  Reserving size (3362478) for bucket 83
  Calculating Z arrays for bucket 83
  Entering block accumulator loop for bucket 83:
  bucket 21: 100%
  Sorting block of length 959771 for bucket 21
  (Using difference cover)
  bucket 26: 90%
  bucket 24: 90%
  bucket 25: 90%
  bucket 81: 10%
  bucket 80: 10%
  bucket 79: 10%
  bucket 1: 100%
  Sorting block of length 2671279 for bucket 1
  (Using difference cover)
  bucket 28: 90%
  bucket 2: 100%
  Sorting block of length 2369699 for bucket 2
  (Using difference cover)
  bucket 32: 90%
  bucket 10: 100%
  Sorting block of length 1354356 for bucket 10
  (Using difference cover)
  bucket 35: 90%
  bucket 37: 90%
  bucket 23: 100%
  Sorting block of length 1969597 for bucket 23
  (Using difference cover)
  bucket 15: 100%
  Sorting block of length 3038476 for bucket 15
  (Using difference cover)
  bucket 3: 100%
  Sorting block of length 1292415 for bucket 3
  (Using difference cover)
  bucket 5: 100%
  Sorting block of length 3133164 for bucket 5
  (Using difference cover)
  Sorting block time: 00:00:02
Returning block of 959772 for bucket 21
Getting block 84 of 528
  Reserving size (3362478) for bucket 84
  Calculating Z arrays for bucket 84
  Entering block accumulator loop for bucket 84:
  bucket 38: 90%
  bucket 55: 90%
  bucket 31: 90%
  bucket 72: 50%
  bucket 41: 90%
  bucket 18: 100%
  Sorting block of length 2718187 for bucket 18
  (Using difference cover)
  bucket 13: 100%
  Sorting block of length 2211574 for bucket 13
  (Using difference cover)
  bucket 49: 90%
  bucket 42: 90%
  bucket 6: 100%
  Sorting block of length 1784378 for bucket 6
  (Using difference cover)
  bucket 64: 90%
  bucket 50: 90%
  bucket 52: 90%
  bucket 54: 90%
  bucket 45: 90%
  bucket 39: 90%
  bucket 53: 90%
  bucket 58: 90%
  bucket 60: 90%
  bucket 16: 100%
  Sorting block of length 1220656 for bucket 16
  (Using difference cover)
  bucket 75: 20%
  bucket 40: 100%
  Sorting block of length 2659012 for bucket 40
  (Using difference cover)
  bucket 76: 20%
  bucket 17: 100%
  Sorting block of length 2844895 for bucket 17
  (Using difference cover)
  bucket 82: 10%
  bucket 46: 90%
  bucket 44: 90%
  bucket 47: 90%
  Sorting block time: 00:00:02
Returning block of 1292416 for bucket 3
  bucket 59: 90%
  bucket 66: 90%
Getting block 85 of 528
  Reserving size (3362478) for bucket 85
  Calculating Z arrays for bucket 85
  Entering block accumulator loop for bucket 85:
  bucket 74: 40%
  bucket 78: 20%
  Sorting block time: 00:00:05
Returning block of 2656974 for bucket 67
  bucket 56: 90%
  Sorting block time: 00:00:02
Returning block of 1354357 for bucket 10
  Sorting block time: 00:00:04
Returning block of 3267829 for bucket 19
  bucket 43: 90%
  bucket 65: 90%
  bucket 7: 100%
  Sorting block of length 3225557 for bucket 7
  (Using difference cover)
  bucket 63: 90%
Getting block 86 of 528
  Reserving size (3362478) for bucket 86
  Calculating Z arrays for bucket 86
  Entering block accumulator loop for bucket 86:
  bucket 62: 90%
  bucket 81: 20%
Getting block 87 of 528
  Reserving size (3362478) for bucket 87
  Calculating Z arrays for bucket 87
  Entering block accumulator loop for bucket 87:
Getting block 88 of 528
  Reserving size (3362478) for bucket 88
  Calculating Z arrays for bucket 88
  Entering block accumulator loop for bucket 88:
  bucket 77: 20%
  bucket 14: 100%
  Sorting block of length 2647303 for bucket 14
  (Using difference cover)
  bucket 69: 90%
  bucket 51: 100%
  Sorting block of length 3249779 for bucket 51
  (Using difference cover)
  Sorting block time: 00:00:05
Returning block of 3301168 for bucket 11
  Sorting block time: 00:00:03
Returning block of 2671280 for bucket 1
  bucket 22: 100%
  Sorting block of length 2459811 for bucket 22
  (Using difference cover)
  Sorting block time: 00:00:03
Returning block of 1969598 for bucket 23
  bucket 71: 90%
Getting block 89 of 528
  Reserving size (3362478) for bucket 89
  Calculating Z arrays for bucket 89
  Entering block accumulator loop for bucket 89:
  bucket 68: 90%
  Sorting block time: 00:00:03
Returning block of 2369700 for bucket 2
  bucket 73: 40%
Getting block 90 of 528
  Reserving size (3362478) for bucket 90
  Calculating Z arrays for bucket 90
  Entering block accumulator loop for bucket 90:
Getting block 91 of 528
  Reserving size (3362478) for bucket 91
  Calculating Z arrays for bucket 91
  Entering block accumulator loop for bucket 91:
Getting block 92 of 528
  Reserving size (3362478) for bucket 92
  Calculating Z arrays for bucket 92
  Entering block accumulator loop for bucket 92:
  bucket 70: 90%
  bucket 20: 100%
  Sorting block of length 2503644 for bucket 20
  (Using difference cover)
  Sorting block time: 00:00:02
Returning block of 1220657 for bucket 16
  Sorting block time: 00:00:03
Returning block of 1784379 for bucket 6
  Sorting block time: 00:00:06
Returning block of 3066301 for bucket 30
Getting block 93 of 528
  Reserving size (3362478) for bucket 93
  Calculating Z arrays for bucket 93
  Entering block accumulator loop for bucket 93:
Getting block 94 of 528
  Reserving size (3362478) for bucket 94
  Calculating Z arrays for bucket 94
  Entering block accumulator loop for bucket 94:
Getting block 95 of 528
  Reserving size (3362478) for bucket 95
  Calculating Z arrays for bucket 95
  Entering block accumulator loop for bucket 95:
  Sorting block time: 00:00:04
Returning block of 2211575 for bucket 13
Getting block 96 of 528
  Reserving size (3362478) for bucket 96
  Calculating Z arrays for bucket 96
  Entering block accumulator loop for bucket 96:
  bucket 55: 100%
  Sorting block of length 2024625 for bucket 55
  (Using difference cover)
  bucket 84: 10%
  Sorting block time: 00:00:05
Returning block of 2718188 for bucket 18
Getting block 97 of 528
  Reserving size (3362478) for bucket 97
  Calculating Z arrays for bucket 97
  Entering block accumulator loop for bucket 97:
  Sorting block time: 00:00:05
Returning block of 3133165 for bucket 5
Getting block 98 of 528
  Reserving size (3362478) for bucket 98
  Calculating Z arrays for bucket 98
  Entering block accumulator loop for bucket 98:
  Sorting block time: 00:00:05
Returning block of 2659013 for bucket 40
Getting block 99 of 528
  Reserving size (3362478) for bucket 99
  Calculating Z arrays for bucket 99
  Entering block accumulator loop for bucket 99:
  Sorting block time: 00:00:05
Returning block of 2844896 for bucket 17
  Sorting block time: 00:00:07
Returning block of 3038477 for bucket 15
  bucket 83: 10%
Getting block 100 of 528
  Reserving size (3362478) for bucket 100
  Calculating Z arrays for bucket 100
  Entering block accumulator loop for bucket 100:
Getting block 101 of 528
  Reserving size (3362478) for bucket 101
  Calculating Z arrays for bucket 101
  Entering block accumulator loop for bucket 101:
  Sorting block time: 00:00:04
Returning block of 2503645 for bucket 20
  bucket 26: 100%
  Sorting block of length 2675755 for bucket 26
  (Using difference cover)
Getting block 102 of 528
  Reserving size (3362478) for bucket 102
  Calculating Z arrays for bucket 102
  Entering block accumulator loop for bucket 102:
  bucket 24: 100%
  Sorting block of length 1769564 for bucket 24
  (Using difference cover)
  Sorting block time: 00:00:05
Returning block of 3249780 for bucket 51
Getting block 103 of 528
  Reserving size (3362478) for bucket 103
  Calculating Z arrays for bucket 103
  Entering block accumulator loop for bucket 103:
  Sorting block time: 00:00:05
Returning block of 2459812 for bucket 22
  Sorting block time: 00:00:04
Returning block of 2024626 for bucket 55
  bucket 25: 100%
  Sorting block of length 2941228 for bucket 25
  (Using difference cover)
Getting block 104 of 528
  Reserving size (3362478) for bucket 104
  Calculating Z arrays for bucket 104
  Entering block accumulator loop for bucket 104:
  Sorting block time: 00:00:06
Returning block of 2647304 for bucket 14
  bucket 79: 20%
  bucket 35: 100%
  Sorting block of length 1381707 for bucket 35
  (Using difference cover)
  Sorting block time: 00:00:08
Returning block of 3225558 for bucket 7
Getting block 105 of 528
  Reserving size (3362478) for bucket 105
  Calculating Z arrays for bucket 105
  Entering block accumulator loop for bucket 105:
Getting block 106 of 528
  Reserving size (3362478) for bucket 106
  Calculating Z arrays for bucket 106
  Entering block accumulator loop for bucket 106:
Getting block 107 of 528
  Reserving size (3362478) for bucket 107
  Calculating Z arrays for bucket 107
  Entering block accumulator loop for bucket 107:
  bucket 72: 60%
  bucket 28: 100%
  Sorting block of length 3329267 for bucket 28
  (Using difference cover)
  Sorting block time: 00:00:04
Returning block of 1769565 for bucket 24
Getting block 108 of 528
  Reserving size (3362478) for bucket 108
  Calculating Z arrays for bucket 108
  Entering block accumulator loop for bucket 108:
  bucket 45: 100%
  Sorting block of length 1899074 for bucket 45
  (Using difference cover)
  bucket 76: 30%
  bucket 50: 100%
  Sorting block of length 1674902 for bucket 50
  (Using difference cover)
  Sorting block time: 00:00:03
Returning block of 1381708 for bucket 35
Getting block 109 of 528
  Reserving size (3362478) for bucket 109
  Calculating Z arrays for bucket 109
  Entering block accumulator loop for bucket 109:
  bucket 74: 50%
  bucket 49: 100%
  Sorting block of length 2949832 for bucket 49
  (Using difference cover)
  bucket 41: 100%
  Sorting block of length 3056752 for bucket 41
  (Using difference cover)
  bucket 32: 100%
  Sorting block of length 3174566 for bucket 32
  (Using difference cover)
  bucket 80: 20%
  bucket 31: 100%
  Sorting block of length 1818114 for bucket 31
  (Using difference cover)
  bucket 64: 100%
  Sorting block of length 2027314 for bucket 64
  (Using difference cover)
  Sorting block time: 00:00:07
Returning block of 2941229 for bucket 25
  Sorting block time: 00:00:03
Returning block of 1674903 for bucket 50
Getting block 110 of 528
  Reserving size (3362478) for bucket 110
  Calculating Z arrays for bucket 110
  Entering block accumulator loop for bucket 110:
  bucket 53: 100%
  Sorting block of length 3137919 for bucket 53
  (Using difference cover)
Getting block 111 of 528
  Reserving size (3362478) for bucket 111
  Calculating Z arrays for bucket 111
  Entering block accumulator loop for bucket 111:
  Sorting block time: 00:00:08
Returning block of 2675756 for bucket 26
  bucket 37: 100%
  Sorting block of length 2182630 for bucket 37
  (Using difference cover)
Getting block 112 of 528
  Reserving size (3362478) for bucket 112
  Calculating Z arrays for bucket 112
  Entering block accumulator loop for bucket 112:
  Sorting block time: 00:00:03
Returning block of 2027315 for bucket 64
Getting block 113 of 528
  Reserving size (3362478) for bucket 113
  Calculating Z arrays for bucket 113
  Entering block accumulator loop for bucket 113:
  bucket 59: 100%
  Sorting block of length 2866446 for bucket 59
  (Using difference cover)
  bucket 39: 100%
  Sorting block of length 3101612 for bucket 39
  (Using difference cover)
  bucket 38: 100%
  Sorting block of length 2621839 for bucket 38
  (Using difference cover)
  bucket 56: 100%
  Sorting block of length 3249599 for bucket 56
  (Using difference cover)
  bucket 42: 100%
  Sorting block of length 3287845 for bucket 42
  (Using difference cover)
  bucket 70: 100%
  Sorting block of length 1711570 for bucket 70
  (Using difference cover)
  Sorting block time: 00:00:04
Returning block of 1818115 for bucket 31
Getting block 114 of 528
  Reserving size (3362478) for bucket 114
  Calculating Z arrays for bucket 114
  Entering block accumulator loop for bucket 114:
  bucket 62: 100%
  Sorting block of length 2602843 for bucket 62
  (Using difference cover)
  Sorting block time: 00:00:07
Returning block of 1899075 for bucket 45
  Sorting block time: 00:00:05
Returning block of 2949833 for bucket 49
Getting block 115 of 528
  Reserving size (3362478) for bucket 115
  Calculating Z arrays for bucket 115
  Entering block accumulator loop for bucket 115:
  bucket 84: 20%
  bucket 88: 10%
Getting block 116 of 528
  Reserving size (3362478) for bucket 116
  Calculating Z arrays for bucket 116
  Entering block accumulator loop for bucket 116:
  bucket 86: 10%
  Sorting block time: 00:00:05
Returning block of 2182631 for bucket 37
  Sorting block time: 00:00:05
Returning block of 3137920 for bucket 53
Getting block 117 of 528
  Reserving size (3362478) for bucket 117
  Calculating Z arrays for bucket 117
  Entering block accumulator loop for bucket 117:
  bucket 91: 10%
Getting block 118 of 528
  Reserving size (3362478) for bucket 118
  Calculating Z arrays for bucket 118
  Entering block accumulator loop for bucket 118:
  bucket 54: 100%
  Sorting block of length 1727293 for bucket 54
  (Using difference cover)
  bucket 68: 100%
  Sorting block of length 2425916 for bucket 68
  (Using difference cover)
  bucket 71: 100%
  Sorting block of length 1974088 for bucket 71
  (Using difference cover)
  Sorting block time: 00:00:10
Returning block of 3329268 for bucket 28
  bucket 52: 100%
  Sorting block of length 3125742 for bucket 52
  (Using difference cover)
  bucket 78: 30%
Getting block 119 of 528
  Reserving size (3362478) for bucket 119
  Calculating Z arrays for bucket 119
  Entering block accumulator loop for bucket 119:
  bucket 85: 10%
  bucket 82: 20%
  bucket 60: 100%
  Sorting block of length 3053754 for bucket 60
  (Using difference cover)
  bucket 66: 100%
  Sorting block of length 3094897 for bucket 66
  (Using difference cover)
  bucket 47: 100%
  Sorting block of length 3107982 for bucket 47
  (Using difference cover)
  bucket 58: 100%
  Sorting block of length 2594888 for bucket 58
  (Using difference cover)
  Sorting block time: 00:00:05
Returning block of 2602844 for bucket 62
  bucket 43: 100%
  Sorting block of length 2796825 for bucket 43
  (Using difference cover)
  Sorting block time: 00:00:05
Returning block of 3249600 for bucket 56
  bucket 83: 20%
Getting block 120 of 528
  Reserving size (3362478) for bucket 120
  Calculating Z arrays for bucket 120
  Entering block accumulator loop for bucket 120:
Getting block 121 of 528
  Reserving size (3362478) for bucket 121
  Calculating Z arrays for bucket 121
  Entering block accumulator loop for bucket 121:
  Sorting block time: 00:00:06
Returning block of 3287846 for bucket 42
  Sorting block time: 00:00:06
Returning block of 1711571 for bucket 70
  bucket 65: 100%
  Sorting block of length 2188386 for bucket 65
  (Using difference cover)
  bucket 63: 100%
  Sorting block of length 1664900 for bucket 63
  (Using difference cover)
Getting block 122 of 528
  Reserving size (3362478) for bucket 122
  Calculating Z arrays for bucket 122
  Entering block accumulator loop for bucket 122:
  bucket 87: 10%
  Sorting block time: 00:00:03
Returning block of 1974089 for bucket 71
  bucket 44: 100%
  Sorting block of length 2651892 for bucket 44
  (Using difference cover)
Getting block 123 of 528
  Reserving size (3362478) for bucket 123
  Calculating Z arrays for bucket 123
  Entering block accumulator loop for bucket 123:
  bucket 46: 100%
  Sorting block of length 3042504 for bucket 46
  (Using difference cover)
  bucket 75: 30%
  bucket 69: 100%
  Sorting block of length 2210533 for bucket 69
  (Using difference cover)
Getting block 124 of 528
  Reserving size (3362478) for bucket 124
  Calculating Z arrays for bucket 124
  Entering block accumulator loop for bucket 124:
  Sorting block time: 00:00:11
Returning block of 3056753 for bucket 41
Getting block 125 of 528
  Reserving size (3362478) for bucket 125
  Calculating Z arrays for bucket 125
  Entering block accumulator loop for bucket 125:
  Sorting block time: 00:00:11
Returning block of 3174567 for bucket 32
  Sorting block time: 00:00:05
Returning block of 1727294 for bucket 54
Getting block 126 of 528
  Reserving size (3362478) for bucket 126
  Calculating Z arrays for bucket 126
  Entering block accumulator loop for bucket 126:
Getting block 127 of 528
  Reserving size (3362478) for bucket 127
  Calculating Z arrays for bucket 127
  Entering block accumulator loop for bucket 127:
  bucket 81: 30%
  Sorting block time: 00:00:08
Returning block of 3101613 for bucket 39
Getting block 128 of 528
  Reserving size (3362478) for bucket 128
  Calculating Z arrays for bucket 128
  Entering block accumulator loop for bucket 128:
  Sorting block time: 00:00:08
Returning block of 2621840 for bucket 38
  bucket 97: 10%
  bucket 89: 10%
Getting block 129 of 528
  Reserving size (3362478) for bucket 129
  Calculating Z arrays for bucket 129
  Entering block accumulator loop for bucket 129:
  Sorting block time: 00:00:10
Returning block of 2866447 for bucket 59
Getting block 130 of 528
  Reserving size (3362478) for bucket 130
  Calculating Z arrays for bucket 130
  Entering block accumulator loop for bucket 130:
  bucket 79: 30%
  Sorting block time: 00:00:04
Returning block of 1664901 for bucket 63
Getting block 131 of 528
  Reserving size (3362478) for bucket 131
  Calculating Z arrays for bucket 131
  Entering block accumulator loop for bucket 131:
  Sorting block time: 00:00:05
Returning block of 2796826 for bucket 43
  Sorting block time: 00:00:04
Returning block of 2188387 for bucket 65
Getting block 132 of 528
  Reserving size (3362478) for bucket 132
  Calculating Z arrays for bucket 132
  Entering block accumulator loop for bucket 132:
Getting block 133 of 528
  Reserving size (3362478) for bucket 133
  Calculating Z arrays for bucket 133
  Entering block accumulator loop for bucket 133:
  Sorting block time: 00:00:04
Returning block of 2210534 for bucket 69
  Sorting block time: 00:00:08
Returning block of 2425917 for bucket 68
Getting block 134 of 528
  Reserving size (3362478) for bucket 134
  Calculating Z arrays for bucket 134
  Entering block accumulator loop for bucket 134:
  Sorting block time: 00:00:08
Returning block of 3125743 for bucket 52
Getting block 135 of 528
  Reserving size (3362478) for bucket 135
  Calculating Z arrays for bucket 135
  Entering block accumulator loop for bucket 135:
Getting block 136 of 528
  Reserving size (3362478) for bucket 136
  Calculating Z arrays for bucket 136
  Entering block accumulator loop for bucket 136:
  bucket 102: 10%
  bucket 95: 10%
  bucket 93: 10%
  bucket 77: 30%
  Sorting block time: 00:00:07
Returning block of 2594889 for bucket 58
Getting block 137 of 528
  Reserving size (3362478) for bucket 137
  Calculating Z arrays for bucket 137
  Entering block accumulator loop for bucket 137:
  Sorting block time: 00:00:08
Returning block of 3107983 for bucket 47
  Sorting block time: 00:00:09
Returning block of 3053755 for bucket 60
Getting block 138 of 528
  Reserving size (3362478) for bucket 138
  Calculating Z arrays for bucket 138
  Entering block accumulator loop for bucket 138:
Getting block 139 of 528
  Reserving size (3362478) for bucket 139
  Calculating Z arrays for bucket 139
  Entering block accumulator loop for bucket 139:
  bucket 90: 10%
  bucket 74: 60%
  Sorting block time: 00:00:10
Returning block of 3094898 for bucket 66
  Sorting block time: 00:00:08
Returning block of 2651893 for bucket 44
Getting block 140 of 528
  Reserving size (3362478) for bucket 140
  Calculating Z arrays for bucket 140
  Entering block accumulator loop for bucket 140:
Getting block 141 of 528
  Reserving size (3362478) for bucket 141
  Calculating Z arrays for bucket 141
  Entering block accumulator loop for bucket 141:
  Sorting block time: 00:00:08
Returning block of 3042505 for bucket 46
Getting block 142 of 528
  Reserving size (3362478) for bucket 142
  Calculating Z arrays for bucket 142
  Entering block accumulator loop for bucket 142:
  bucket 110: 10%
  bucket 73: 50%
  bucket 113: 10%
  bucket 100: 10%
  bucket 118: 10%
  bucket 99: 10%
  bucket 83: 30%
  bucket 72: 70%
  bucket 94: 10%
  bucket 92: 10%
  bucket 109: 10%
  bucket 76: 40%
  bucket 105: 10%
  bucket 103: 10%
  bucket 96: 10%
  bucket 101: 10%
  bucket 84: 30%
  bucket 86: 20%
  bucket 91: 20%
  bucket 78: 40%
  bucket 88: 20%
  bucket 82: 30%
  bucket 116: 10%
  bucket 104: 10%
  bucket 97: 20%
  bucket 120: 10%
  bucket 98: 10%
  bucket 106: 10%
  bucket 107: 10%
  bucket 121: 10%
  bucket 112: 10%
  bucket 85: 20%
  bucket 80: 30%
  bucket 79: 40%
  bucket 124: 10%
  bucket 108: 10%
  bucket 118: 20%
  bucket 117: 10%
  bucket 119: 10%
  bucket 111: 10%
  bucket 133: 10%
  bucket 113: 20%
  bucket 87: 20%
  bucket 83: 40%
  bucket 110: 20%
  bucket 84: 40%
  bucket 74: 70%
  bucket 123: 10%
  bucket 122: 10%
  bucket 89: 20%
  bucket 131: 10%
  bucket 139: 10%
  bucket 114: 10%
  bucket 75: 40%
  bucket 73: 60%
  bucket 93: 20%
  bucket 100: 20%
  bucket 102: 20%
  bucket 135: 10%
  bucket 81: 40%
  bucket 115: 10%
  bucket 132: 10%
  bucket 134: 10%
  bucket 86: 30%
  bucket 109: 20%
  bucket 91: 30%
  bucket 72: 80%
  bucket 126: 10%
  bucket 76: 50%
  bucket 128: 10%
  bucket 88: 30%
  bucket 77: 40%
  bucket 78: 50%
  bucket 118: 30%
  bucket 130: 10%
  bucket 129: 10%
  bucket 127: 10%
  bucket 95: 20%
  bucket 125: 10%
  bucket 99: 20%
  bucket 138: 10%
  bucket 90: 20%
  bucket 116: 20%
  bucket 137: 10%
  bucket 97: 30%
  bucket 136: 10%
  bucket 92: 20%
  bucket 84: 50%
  bucket 83: 50%
  bucket 103: 20%
  bucket 79: 50%
  bucket 120: 20%
  bucket 113: 30%
  bucket 96: 20%
  bucket 105: 20%
  bucket 82: 40%
  bucket 142: 10%
  bucket 121: 20%
  bucket 140: 10%
  bucket 94: 20%
  bucket 112: 20%
  bucket 101: 20%
  bucket 141: 10%
  bucket 124: 20%
  bucket 110: 30%
  bucket 85: 30%
  bucket 74: 80%
  bucket 133: 20%
  bucket 119: 20%
  bucket 139: 20%
  bucket 118: 40%
  bucket 87: 30%
  bucket 100: 30%
  bucket 104: 20%
  bucket 86: 40%
  bucket 83: 60%
  bucket 80: 40%
  bucket 117: 20%
  bucket 76: 60%
  bucket 93: 30%
  bucket 78: 60%
  bucket 106: 20%
  bucket 109: 30%
  bucket 88: 40%
  bucket 107: 20%
  bucket 102: 30%
  bucket 123: 20%
  bucket 91: 40%
  bucket 113: 40%
  bucket 131: 20%
  bucket 98: 20%
  bucket 122: 20%
  bucket 108: 20%
  bucket 111: 20%
  bucket 73: 70%
  bucket 84: 60%
  bucket 79: 60%
  bucket 72: 90%
  bucket 75: 50%
  bucket 92: 30%
  bucket 116: 30%
  bucket 134: 20%
  bucket 132: 20%
  bucket 81: 50%
  bucket 89: 30%
  bucket 120: 30%
  bucket 110: 40%
  bucket 121: 30%
  bucket 85: 40%
  bucket 83: 70%
  bucket 126: 20%
  bucket 114: 20%
  bucket 74: 90%
  bucket 112: 30%
  bucket 124: 30%
  bucket 135: 20%
  bucket 118: 50%
  bucket 99: 30%
  bucket 138: 20%
  bucket 82: 50%
  bucket 77: 50%
  bucket 115: 20%
  bucket 103: 30%
  bucket 90: 30%
  bucket 128: 20%
  bucket 95: 30%
  bucket 97: 40%
  bucket 86: 50%
  bucket 113: 50%
  bucket 137: 20%
  bucket 101: 30%
  bucket 139: 30%
  bucket 130: 20%
  bucket 102: 40%
  bucket 129: 20%
  bucket 94: 30%
  bucket 96: 30%
  bucket 125: 20%
  bucket 127: 20%
  bucket 133: 30%
  bucket 142: 20%
  bucket 136: 20%
  bucket 105: 30%
  bucket 109: 40%
  bucket 140: 20%
  bucket 76: 70%
  bucket 87: 40%
  bucket 84: 70%
  bucket 93: 40%
  bucket 83: 80%
  bucket 88: 50%
  bucket 79: 70%
  bucket 78: 70%
  bucket 119: 30%
  bucket 100: 40%
  bucket 141: 20%
  bucket 73: 80%
  bucket 91: 50%
  bucket 122: 30%
  bucket 72: 100%
  Sorting block of length 1793895 for bucket 72
  (Using difference cover)
  bucket 123: 30%
  bucket 131: 30%
  bucket 110: 50%
  bucket 80: 50%
  bucket 85: 50%
  bucket 117: 30%
  bucket 104: 30%
  bucket 74: 100%
  Sorting block of length 3248852 for bucket 74
  (Using difference cover)
  bucket 111: 30%
  Sorting block time: 00:00:03
Returning block of 1793896 for bucket 72
Getting block 143 of 528
  Reserving size (3362478) for bucket 143
  Calculating Z arrays for bucket 143
  Entering block accumulator loop for bucket 143:
  bucket 134: 30%
  bucket 132: 30%
  bucket 75: 60%
  bucket 106: 30%
  bucket 120: 40%
  bucket 116: 40%
  bucket 107: 30%
  bucket 82: 60%
  bucket 121: 40%
  bucket 118: 60%
  bucket 108: 30%
  bucket 99: 40%
  bucket 81: 60%
  bucket 103: 40%
  bucket 124: 40%
  bucket 92: 40%
  bucket 89: 40%
  bucket 88: 60%
  bucket 87: 50%
  bucket 138: 30%
  bucket 112: 40%
  Sorting block time: 00:00:09
Returning block of 3248853 for bucket 74
  bucket 101: 40%
  bucket 76: 80%
Getting block 144 of 528
  Reserving size (3362478) for bucket 144
  Calculating Z arrays for bucket 144
  Entering block accumulator loop for bucket 144:
  bucket 98: 30%
  bucket 133: 40%
  bucket 126: 30%
  bucket 113: 60%
  bucket 135: 30%
  bucket 90: 40%
  bucket 86: 60%
  bucket 137: 30%
  bucket 93: 50%
  bucket 77: 60%
  bucket 131: 40%
  bucket 97: 50%
  bucket 128: 30%
  bucket 100: 50%
  bucket 94: 40%
  bucket 114: 30%
  bucket 95: 40%
  bucket 102: 50%
  bucket 75: 70%
  bucket 139: 40%
  bucket 91: 60%
  bucket 142: 30%
  bucket 115: 30%
  bucket 88: 70%
  bucket 136: 30%
  bucket 105: 40%
  bucket 140: 30%
  bucket 109: 50%
  bucket 96: 40%
  bucket 129: 30%
  bucket 85: 60%
  bucket 123: 40%
  bucket 130: 30%
  bucket 78: 80%
  bucket 84: 80%
  bucket 79: 80%
  bucket 141: 30%
  bucket 87: 60%
  bucket 125: 30%
  bucket 89: 50%
  bucket 83: 90%
  bucket 127: 30%
  bucket 73: 90%
  bucket 122: 40%
  bucket 121: 50%
  bucket 82: 70%
  bucket 119: 40%
  bucket 124: 50%
  bucket 132: 40%
  bucket 134: 40%
  bucket 80: 60%
  bucket 104: 40%
  bucket 108: 40%
  bucket 110: 60%
  bucket 103: 50%
  bucket 99: 50%
  bucket 111: 40%
  bucket 81: 70%
  bucket 106: 40%
  bucket 117: 40%
  bucket 107: 40%
  bucket 131: 50%
  bucket 75: 80%
  bucket 76: 90%
  bucket 88: 80%
  bucket 120: 50%
  bucket 92: 50%
  bucket 116: 50%
  bucket 133: 50%
  bucket 113: 70%
  bucket 143: 10%
  bucket 118: 70%
  bucket 101: 50%
  bucket 138: 40%
  bucket 87: 70%
  bucket 89: 60%
  bucket 77: 70%
  bucket 90: 50%
  bucket 86: 70%
  bucket 112: 50%
  bucket 93: 60%
  bucket 98: 40%
  bucket 135: 40%
  bucket 137: 40%
  bucket 97: 60%
  bucket 144: 10%
  bucket 95: 50%
  bucket 126: 40%
  bucket 94: 50%
  bucket 121: 60%
  bucket 91: 70%
  bucket 100: 60%
  bucket 128: 40%
  bucket 102: 60%
  bucket 114: 40%
  bucket 96: 50%
  bucket 85: 70%
  bucket 79: 90%
  bucket 139: 50%
  bucket 142: 40%
  bucket 127: 40%
  bucket 108: 50%
  bucket 78: 90%
  bucket 123: 50%
  bucket 136: 40%
  bucket 73: 100%
  Sorting block of length 1619283 for bucket 73
  (Using difference cover)
  bucket 84: 90%
  bucket 83: 100%
  Sorting block of length 2174277 for bucket 83
  (Using difference cover)
  bucket 124: 60%
  bucket 105: 50%
  bucket 115: 40%
  bucket 88: 90%
  bucket 140: 40%
  bucket 129: 40%
  bucket 109: 60%
  bucket 141: 40%
  bucket 130: 40%
  bucket 125: 40%
  bucket 80: 70%
  bucket 82: 80%
  bucket 89: 70%
  bucket 87: 80%
  bucket 103: 60%
  bucket 113: 80%
  bucket 122: 50%
  bucket 119: 50%
  bucket 131: 60%
  bucket 132: 50%
  bucket 134: 50%
  bucket 81: 80%
  bucket 104: 50%
  bucket 75: 90%
  bucket 76: 100%
  Sorting block of length 1715883 for bucket 76
  (Using difference cover)
  bucket 110: 70%
  bucket 99: 60%
  Sorting block time: 00:00:03
Returning block of 1619284 for bucket 73
  bucket 92: 60%
  bucket 111: 50%
  bucket 106: 50%
Getting block 145 of 528
  Reserving size (3362478) for bucket 145
  Calculating Z arrays for bucket 145
  Entering block accumulator loop for bucket 145:
  bucket 117: 50%
  bucket 133: 60%
  bucket 107: 50%
  bucket 77: 80%
  bucket 121: 70%
  Sorting block time: 00:00:02
Returning block of 1715884 for bucket 76
Getting block 146 of 528
  Reserving size (3362478) for bucket 146
  Calculating Z arrays for bucket 146
  Entering block accumulator loop for bucket 146:
  Sorting block time: 00:00:06
Returning block of 2174278 for bucket 83
Getting block 147 of 528
  Reserving size (3362478) for bucket 147
  Calculating Z arrays for bucket 147
  Entering block accumulator loop for bucket 147:
  bucket 101: 60%
  bucket 116: 60%
  bucket 88: 100%
  Sorting block of length 1034825 for bucket 88
  (Using difference cover)
  bucket 86: 80%
  bucket 123: 60%
  bucket 90: 60%
  bucket 120: 60%
  bucket 118: 80%
  bucket 95: 60%
  bucket 138: 50%
  bucket 108: 60%
  bucket 143: 20%
  bucket 93: 70%
  bucket 91: 80%
  bucket 124: 70%
  bucket 97: 70%
  bucket 137: 50%
  bucket 112: 60%
  bucket 102: 70%
  bucket 94: 60%
  bucket 135: 50%
  Sorting block time: 00:00:02
Returning block of 1034826 for bucket 88
Getting block 148 of 528
  Reserving size (3362478) for bucket 148
  Calculating Z arrays for bucket 148
  Entering block accumulator loop for bucket 148:
  bucket 89: 80%
  bucket 98: 50%
  bucket 126: 50%
  bucket 87: 90%
  bucket 100: 70%
  bucket 78: 100%
  Sorting block of length 2970612 for bucket 78
  (Using difference cover)
  bucket 144: 20%
  bucket 79: 100%
  Sorting block of length 3082473 for bucket 79
  (Using difference cover)
  bucket 85: 80%
  bucket 128: 50%
  bucket 96: 60%
  bucket 84: 100%
  Sorting block of length 1963909 for bucket 84
  (Using difference cover)
  bucket 80: 80%
  bucket 142: 50%
  bucket 82: 90%
  bucket 136: 50%
  bucket 113: 90%
  bucket 77: 90%
  bucket 114: 50%
  bucket 139: 60%
  bucket 105: 60%
  bucket 127: 50%
  bucket 140: 50%
  bucket 129: 50%
  bucket 141: 50%
  bucket 115: 50%
  bucket 131: 70%
  bucket 130: 50%
  bucket 125: 50%
  bucket 109: 70%
  bucket 103: 70%
  bucket 81: 90%
  bucket 75: 100%
  Sorting block of length 1731525 for bucket 75
  (Using difference cover)
  bucket 132: 60%
  bucket 121: 80%
  bucket 119: 60%
  bucket 134: 60%
  bucket 108: 70%
  bucket 147: 10%
  bucket 122: 60%
  bucket 133: 70%
  bucket 86: 90%
  bucket 92: 70%
  bucket 99: 70%
  bucket 104: 60%
  bucket 102: 80%
  bucket 97: 80%
  bucket 110: 80%
  bucket 116: 70%
  bucket 123: 70%
  bucket 118: 90%
  bucket 87: 100%
  Sorting block of length 3273852 for bucket 87
  (Using difference cover)
  bucket 106: 60%
  bucket 111: 60%
  bucket 124: 80%
  bucket 90: 70%
  bucket 145: 10%
  bucket 107: 60%
  bucket 117: 60%
  bucket 95: 70%
  bucket 148: 10%
  bucket 77: 100%
  Sorting block of length 3040532 for bucket 77
  (Using difference cover)
  Sorting block time: 00:00:02
Returning block of 1731526 for bucket 75
  bucket 101: 70%
  bucket 91: 90%
Getting block 149 of 528
  Reserving size (3362478) for bucket 149
  Calculating Z arrays for bucket 149
  Entering block accumulator loop for bucket 149:
  Sorting block time: 00:00:04
Returning block of 1963910 for bucket 84
  bucket 93: 80%
Getting block 150 of 528
  Reserving size (3362478) for bucket 150
  Calculating Z arrays for bucket 150
  Entering block accumulator loop for bucket 150:
  bucket 146: 10%
  Sorting block time: 00:00:05
Returning block of 2970613 for bucket 78
  bucket 138: 60%
Getting block 151 of 528
  Reserving size (3362478) for bucket 151
  Calculating Z arrays for bucket 151
  Entering block accumulator loop for bucket 151:
  Sorting block time: 00:00:06
Returning block of 3082474 for bucket 79
Getting block 152 of 528
  Reserving size (3362478) for bucket 152
  Calculating Z arrays for bucket 152
  Entering block accumulator loop for bucket 152:
  bucket 94: 70%
  bucket 120: 70%
  bucket 137: 60%
  bucket 89: 90%
  bucket 112: 70%
  bucket 143: 30%
  bucket 135: 60%
  bucket 82: 100%
  Sorting block of length 3202010 for bucket 82
  (Using difference cover)
  bucket 100: 80%
  bucket 85: 90%
  bucket 126: 60%
  bucket 96: 70%
  bucket 127: 60%
  bucket 98: 60%
  bucket 80: 90%
  Sorting block time: 00:00:04
Returning block of 3040533 for bucket 77
  bucket 128: 60%
  bucket 113: 100%
  Sorting block of length 2456807 for bucket 113
  (Using difference cover)
  Sorting block time: 00:00:05
Returning block of 3273853 for bucket 87
  bucket 144: 30%
Getting block 153 of 528
  Reserving size (3362478) for bucket 153
  Calculating Z arrays for bucket 153
  Entering block accumulator loop for bucket 153:
  bucket 129: 60%
  bucket 103: 80%
  bucket 142: 60%
Getting block 154 of 528
  Reserving size (3362478) for bucket 154
  Calculating Z arrays for bucket 154
  Entering block accumulator loop for bucket 154:
  bucket 136: 60%
  bucket 99: 80%
  bucket 105: 70%
  bucket 131: 80%
  bucket 140: 60%
  bucket 141: 60%
  bucket 139: 70%
  bucket 123: 80%
  bucket 118: 100%
  Sorting block of length 2552554 for bucket 118
  (Using difference cover)
  bucket 108: 80%
  bucket 81: 100%
  Sorting block of length 1481652 for bucket 81
  (Using difference cover)
  bucket 102: 90%
  bucket 114: 60%
  Sorting block time: 00:00:06
Returning block of 3202011 for bucket 82
  bucket 101: 80%
  bucket 115: 60%
Getting block 155 of 528
  Reserving size (3362478) for bucket 155
  Calculating Z arrays for bucket 155
  Entering block accumulator loop for bucket 155:
  bucket 132: 70%
  bucket 125: 60%
  bucket 97: 90%
  bucket 130: 60%
  bucket 133: 80%
  bucket 109: 80%
  Sorting block time: 00:00:07
Returning block of 2456808 for bucket 113
Getting block 156 of 528
  Reserving size (3362478) for bucket 156
  Calculating Z arrays for bucket 156
  Entering block accumulator loop for bucket 156:
  bucket 149: 10%
  Sorting block time: 00:00:03
Returning block of 1481653 for bucket 81
  bucket 93: 90%
Getting block 157 of 528
  Reserving size (3362478) for bucket 157
  Calculating Z arrays for bucket 157
  Entering block accumulator loop for bucket 157:
  bucket 148: 20%
  bucket 86: 100%
  Sorting block of length 3194488 for bucket 86
  (Using difference cover)
  bucket 134: 70%
  bucket 92: 80%
  bucket 119: 70%
  bucket 110: 90%
  bucket 116: 80%
  bucket 126: 70%
  bucket 121: 90%
  bucket 104: 70%
  bucket 90: 80%
  bucket 95: 80%
  bucket 147: 20%
  bucket 122: 70%
  bucket 106: 70%
  bucket 91: 100%
  Sorting block of length 2748971 for bucket 91
  (Using difference cover)
  bucket 111: 70%
  bucket 107: 70%
  bucket 127: 70%
  bucket 146: 20%
  bucket 138: 70%
  bucket 150: 10%
  bucket 152: 10%
  bucket 94: 80%
  bucket 145: 20%
  bucket 117: 70%
  bucket 137: 70%
  bucket 124: 90%
  bucket 89: 100%
  Sorting block of length 3344058 for bucket 89
  (Using difference cover)
  Sorting block time: 00:00:05
Returning block of 2552555 for bucket 118
  bucket 123: 90%
  bucket 151: 10%
Getting block 158 of 528
  Reserving size (3362478) for bucket 158
  Calculating Z arrays for bucket 158
  Entering block accumulator loop for bucket 158:
  bucket 99: 90%
  bucket 100: 90%
  bucket 85: 100%
  Sorting block of length 2592286 for bucket 85
  (Using difference cover)
  bucket 120: 80%
  bucket 112: 80%
  bucket 135: 70%
  bucket 96: 80%
  bucket 131: 90%
  bucket 80: 100%
  Sorting block of length 3295218 for bucket 80
  (Using difference cover)
  bucket 103: 90%
  bucket 143: 40%
  bucket 149: 20%
  bucket 93: 100%
  Sorting block of length 2400214 for bucket 93
  (Using difference cover)
  bucket 129: 70%
  bucket 128: 70%
  bucket 154: 10%
  bucket 98: 70%
  bucket 142: 70%
  bucket 132: 80%
  bucket 134: 80%
  bucket 97: 100%
  Sorting block of length 989443 for bucket 97
  (Using difference cover)
  bucket 136: 70%
  bucket 105: 80%
  bucket 114: 70%
  bucket 140: 70%
  bucket 153: 10%
  bucket 144: 40%
  bucket 141: 70%
  bucket 102: 100%
  Sorting block of length 3302386 for bucket 102
  (Using difference cover)
  bucket 139: 80%
  bucket 108: 90%
  bucket 101: 90%
  bucket 148: 30%
  Sorting block time: 00:00:06
Returning block of 3194489 for bucket 86
  bucket 156: 10%
  bucket 127: 80%
  bucket 125: 70%
  bucket 115: 70%
  bucket 130: 70%
  bucket 126: 80%
  bucket 155: 10%
  Sorting block time: 00:00:04
Returning block of 2748972 for bucket 91
  bucket 133: 90%
Getting block 159 of 528
  Reserving size (3362478) for bucket 159
  Calculating Z arrays for bucket 159
  Entering block accumulator loop for bucket 159:
  bucket 152: 20%
  bucket 109: 90%
  bucket 92: 90%
  Sorting block time: 00:00:01
Returning block of 989444 for bucket 97
Getting block 160 of 528
  Reserving size (3362478) for bucket 160
  Calculating Z arrays for bucket 160
  Entering block accumulator loop for bucket 160:
Getting block 161 of 528
  Reserving size (3362478) for bucket 161
  Calculating Z arrays for bucket 161
  Entering block accumulator loop for bucket 161:
  bucket 99: 100%
  Sorting block of length 2998682 for bucket 99
  (Using difference cover)
  bucket 116: 90%
  bucket 157: 10%
  bucket 119: 80%
  bucket 90: 90%
  bucket 95: 90%
  bucket 110: 100%
  Sorting block of length 891607 for bucket 110
  (Using difference cover)
  bucket 150: 20%
  bucket 121: 100%
  Sorting block of length 3306409 for bucket 121
  (Using difference cover)
  bucket 104: 80%
  bucket 131: 100%
  Sorting block of length 2155296 for bucket 131
  (Using difference cover)
  Sorting block time: 00:00:05
Returning block of 2592287 for bucket 85
  bucket 106: 80%
  bucket 94: 90%
  bucket 100: 100%
  Sorting block of length 2118550 for bucket 100
  (Using difference cover)
  Sorting block time: 00:00:06
Returning block of 3344059 for bucket 89
  bucket 138: 80%
Getting block 162 of 528
  Reserving size (3362478) for bucket 162
  Calculating Z arrays for bucket 162
  Entering block accumulator loop for bucket 162:
  bucket 111: 80%
  bucket 149: 30%
  bucket 147: 30%
  bucket 122: 80%
  bucket 151: 20%
  bucket 107: 80%
  bucket 146: 30%
  Sorting block time: 00:00:04
Returning block of 2400215 for bucket 93
  bucket 137: 80%
Getting block 163 of 528
  Reserving size (3362478) for bucket 163
  Calculating Z arrays for bucket 163
  Entering block accumulator loop for bucket 163:
  bucket 123: 100%
  Sorting block of length 2722014 for bucket 123
  (Using difference cover)
  bucket 145: 30%
Getting block 164 of 528
  Reserving size (3362478) for bucket 164
  Calculating Z arrays for bucket 164
  Entering block accumulator loop for bucket 164:
  bucket 117: 80%
  Sorting block time: 00:00:02
Returning block of 891608 for bucket 110
Getting block 165 of 528
  Reserving size (3362478) for bucket 165
  Calculating Z arrays for bucket 165
  Entering block accumulator loop for bucket 165:
  bucket 132: 90%
  bucket 124: 100%
  Sorting block of length 2751907 for bucket 124
  (Using difference cover)
  bucket 114: 80%
  bucket 96: 90%
  bucket 158: 10%
  Sorting block time: 00:00:06
Returning block of 3295219 for bucket 80
  bucket 101: 100%
  Sorting block of length 3323521 for bucket 101
  (Using difference cover)
  bucket 135: 80%
  bucket 129: 80%
  bucket 120: 90%
  bucket 112: 90%
  bucket 127: 90%
Getting block 166 of 528
  Reserving size (3362478) for bucket 166
  Calculating Z arrays for bucket 166
  Entering block accumulator loop for bucket 166:
  bucket 143: 50%
  bucket 103: 100%
  Sorting block of length 3084821 for bucket 103
  (Using difference cover)
  bucket 152: 30%
  Sorting block time: 00:00:04
Returning block of 2998683 for bucket 99
  bucket 148: 40%
Getting block 167 of 528
  Reserving size (3362478) for bucket 167
  Calculating Z arrays for bucket 167
  Entering block accumulator loop for bucket 167:
  Sorting block time: 00:00:03
Returning block of 2155297 for bucket 131
  Sorting block time: 00:00:05
Returning block of 3302387 for bucket 102
Getting block 168 of 528
  Reserving size (3362478) for bucket 168
  Calculating Z arrays for bucket 168
  Entering block accumulator loop for bucket 168:
Getting block 169 of 528
  Reserving size (3362478) for bucket 169
  Calculating Z arrays for bucket 169
  Entering block accumulator loop for bucket 169:
  bucket 154: 20%
  Sorting block time: 00:00:04
Returning block of 2118551 for bucket 100
Getting block 170 of 528
  Reserving size (3362478) for bucket 170
  Calculating Z arrays for bucket 170
  Entering block accumulator loop for bucket 170:
  bucket 142: 80%
  bucket 128: 80%
  Sorting block time: 00:00:04
Returning block of 2722015 for bucket 123
  bucket 92: 100%
  Sorting block of length 1760168 for bucket 92
  (Using difference cover)
  bucket 136: 80%
Getting block 171 of 528
  Reserving size (3362478) for bucket 171
  Calculating Z arrays for bucket 171
  Entering block accumulator loop for bucket 171:
  Sorting block time: 00:00:05
Returning block of 3323522 for bucket 101
Getting block 172 of 528
  Reserving size (3362478) for bucket 172
  Calculating Z arrays for bucket 172
  Entering block accumulator loop for bucket 172:
  Sorting block time: 00:00:05
Returning block of 3084822 for bucket 103
Getting block 173 of 528
  Reserving size (3362478) for bucket 173
  Calculating Z arrays for bucket 173
  Entering block accumulator loop for bucket 173:
  bucket 98: 80%
  bucket 134: 90%
  bucket 105: 90%
  Sorting block time: 00:00:09
Returning block of 3306410 for bucket 121
  bucket 140: 80%
Getting block 174 of 528
  Reserving size (3362478) for bucket 174
  Calculating Z arrays for bucket 174
  Entering block accumulator loop for bucket 174:
  Sorting block time: 00:00:08
Returning block of 2751908 for bucket 124
  bucket 108: 100%
  Sorting block of length 2850661 for bucket 108
  (Using difference cover)
  bucket 160: 10%
  bucket 133: 100%
  Sorting block of length 1439105 for bucket 133
  (Using difference cover)
  bucket 116: 100%
  Sorting block of length 2948847 for bucket 116
  (Using difference cover)
Getting block 175 of 528
  Reserving size (3362478) for bucket 175
  Calculating Z arrays for bucket 175
  Entering block accumulator loop for bucket 175:
  Sorting block time: 00:00:05
Returning block of 1760169 for bucket 92
Getting block 176 of 528
  Reserving size (3362478) for bucket 176
  Calculating Z arrays for bucket 176
  Entering block accumulator loop for bucket 176:
  bucket 155: 20%
  bucket 141: 80%
  bucket 159: 10%
  bucket 161: 10%
  Sorting block time: 00:00:03
Returning block of 1439106 for bucket 133
Getting block 177 of 528
  Reserving size (3362478) for bucket 177
  Calculating Z arrays for bucket 177
  Entering block accumulator loop for bucket 177:
  bucket 153: 20%
  bucket 139: 90%
  bucket 144: 50%
  bucket 125: 80%
  bucket 90: 100%
  Sorting block of length 3115423 for bucket 90
  (Using difference cover)
  bucket 95: 100%
  Sorting block of length 2244004 for bucket 95
  (Using difference cover)
  bucket 115: 80%
  bucket 130: 80%
  Sorting block time: 00:00:06
Returning block of 2948848 for bucket 116
  bucket 126: 90%
  bucket 149: 40%
  bucket 109: 100%
  Sorting block of length 3140031 for bucket 109
  (Using difference cover)
Getting block 178 of 528
  Reserving size (3362478) for bucket 178
  Calculating Z arrays for bucket 178
  Entering block accumulator loop for bucket 178:
  bucket 157: 20%
  bucket 164: 10%
  bucket 167: 10%
  bucket 156: 20%
  bucket 104: 90%
  bucket 132: 100%
  Sorting block of length 2076041 for bucket 132
  (Using difference cover)
  Sorting block time: 00:00:03
Returning block of 2244005 for bucket 95
  bucket 150: 30%
Getting block 179 of 528
  Reserving size (3362478) for bucket 179
  Calculating Z arrays for bucket 179
  Entering block accumulator loop for bucket 179:
  Sorting block time: 00:00:06
Returning block of 3115424 for bucket 90
  Sorting block time: 00:00:10
Returning block of 2850662 for bucket 108
Getting block 180 of 528
  Reserving size (3362478) for bucket 180
  Calculating Z arrays for bucket 180
  Entering block accumulator loop for bucket 180:
Getting block 181 of 528
  Reserving size (3362478) for bucket 181
  Calculating Z arrays for bucket 181
  Entering block accumulator loop for bucket 181:
  bucket 165: 10%
  bucket 119: 90%
  bucket 114: 90%
  bucket 138: 90%
  bucket 106: 90%
  bucket 168: 10%
  bucket 137: 90%
  bucket 148: 50%
  Sorting block time: 00:00:04
Returning block of 2076042 for bucket 132
Getting block 182 of 528
  Reserving size (3362478) for bucket 182
  Calculating Z arrays for bucket 182
  Entering block accumulator loop for bucket 182:
  bucket 94: 100%
  Sorting block of length 3109870 for bucket 94
  (Using difference cover)
  bucket 111: 90%
  bucket 107: 90%
  bucket 143: 60%
  bucket 171: 10%
  bucket 146: 40%
  bucket 162: 10%
  bucket 169: 10%
  bucket 154: 30%
  bucket 170: 10%
  bucket 145: 40%
  bucket 151: 30%
  Sorting block time: 00:00:11
Returning block of 3140032 for bucket 109
Getting block 183 of 528
  Reserving size (3362478) for bucket 183
  Calculating Z arrays for bucket 183
  Entering block accumulator loop for bucket 183:
  bucket 147: 40%
  bucket 135: 90%
  bucket 163: 10%
  bucket 158: 20%
  bucket 96: 100%
  Sorting block of length 2731008 for bucket 96
  (Using difference cover)
  bucket 122: 90%
  bucket 117: 90%
  bucket 142: 90%
  bucket 152: 40%
  bucket 127: 100%
  Sorting block of length 3304972 for bucket 127
  (Using difference cover)
  bucket 141: 90%
  bucket 129: 90%
  bucket 167: 20%
  bucket 128: 90%
  bucket 173: 10%
  bucket 159: 20%
  bucket 136: 90%
  bucket 176: 10%
  bucket 155: 30%
  bucket 172: 10%
  Sorting block time: 00:00:07
Returning block of 3109871 for bucket 94
  bucket 166: 10%
  bucket 112: 100%
  Sorting block of length 2360821 for bucket 112
  (Using difference cover)
  bucket 161: 20%
  bucket 140: 90%
  bucket 134: 100%
  Sorting block of length 2854966 for bucket 134
  (Using difference cover)
  bucket 120: 100%
  Sorting block of length 516160 for bucket 120
  (Using difference cover)
Getting block 184 of 528
  Reserving size (3362478) for bucket 184
  Calculating Z arrays for bucket 184
  Entering block accumulator loop for bucket 184:
  bucket 105: 100%
  Sorting block of length 2366947 for bucket 105
  (Using difference cover)
  bucket 177: 10%
  Sorting block time: 00:00:02
Returning block of 516161 for bucket 120
Getting block 185 of 528
  Reserving size (3362478) for bucket 185
  Calculating Z arrays for bucket 185
  Entering block accumulator loop for bucket 185:
  bucket 148: 60%
  bucket 168: 20%
  bucket 114: 100%
  Sorting block of length 1858522 for bucket 114
  (Using difference cover)
  bucket 160: 20%
  bucket 98: 90%
  bucket 164: 20%
  Sorting block time: 00:00:06
Returning block of 2731009 for bucket 96
  bucket 143: 70%
Getting block 186 of 528
  Reserving size (3362478) for bucket 186
  Calculating Z arrays for bucket 186
  Entering block accumulator loop for bucket 186:
  bucket 130: 90%
  bucket 178: 10%
  Sorting block time: 00:00:05
Returning block of 2360822 for bucket 112
Getting block 187 of 528
  Reserving size (3362478) for bucket 187
  Calculating Z arrays for bucket 187
  Entering block accumulator loop for bucket 187:
  bucket 165: 20%
  Sorting block time: 00:00:07
Returning block of 3304973 for bucket 127
Getting block 188 of 528
  Reserving size (3362478) for bucket 188
  Calculating Z arrays for bucket 188
  Entering block accumulator loop for bucket 188:
  bucket 126: 100%
  Sorting block of length 2115433 for bucket 126
  (Using difference cover)
  bucket 153: 30%
  bucket 125: 90%
  bucket 174: 10%
  bucket 149: 50%
  bucket 157: 30%
  Sorting block time: 00:00:07
Returning block of 2366948 for bucket 105
  bucket 139: 100%
  Sorting block of length 1168559 for bucket 139
  (Using difference cover)
  bucket 145: 50%
  bucket 104: 100%
  Sorting block of length 3030905 for bucket 104
  (Using difference cover)
  bucket 115: 90%
  bucket 146: 50%
Getting block 189 of 528
  Reserving size (3362478) for bucket 189
  Calculating Z arrays for bucket 189
  Entering block accumulator loop for bucket 189:
  Sorting block time: 00:00:05
Returning block of 1858523 for bucket 114
  bucket 144: 60%
Getting block 190 of 528
  Reserving size (3362478) for bucket 190
  Calculating Z arrays for bucket 190
  Entering block accumulator loop for bucket 190:
  bucket 138: 100%
  Sorting block of length 3098331 for bucket 138
  (Using difference cover)
  bucket 150: 40%
  bucket 175: 10%
  bucket 156: 30%
  bucket 106: 100%
  Sorting block of length 1382047 for bucket 106
  (Using difference cover)
  bucket 137: 100%
  Sorting block of length 2648847 for bucket 137
  (Using difference cover)
  bucket 119: 100%
  Sorting block of length 3272861 for bucket 119
  (Using difference cover)
  Sorting block time: 00:00:08
Returning block of 2854967 for bucket 134
  bucket 167: 30%
  bucket 154: 40%
  bucket 107: 100%
  Sorting block of length 3324561 for bucket 107
  (Using difference cover)
  bucket 182: 10%
  bucket 111: 100%
  Sorting block of length 2926330 for bucket 111
  (Using difference cover)
  bucket 170: 20%
Getting block 191 of 528
  Reserving size (3362478) for bucket 191
  Calculating Z arrays for bucket 191
  Entering block accumulator loop for bucket 191:
  bucket 162: 20%
  bucket 179: 10%
  bucket 169: 20%
  bucket 180: 10%
  bucket 171: 20%
  bucket 181: 10%
  bucket 135: 100%
  Sorting block of length 2913967 for bucket 135
  (Using difference cover)
  bucket 151: 40%
  bucket 176: 20%
  Sorting block time: 00:00:02
Returning block of 1168560 for bucket 139
Getting block 192 of 528
  Reserving size (3362478) for bucket 192
  Calculating Z arrays for bucket 192
  Entering block accumulator loop for bucket 192:
  bucket 148: 70%
  bucket 147: 50%
  bucket 141: 100%
  Sorting block of length 3212230 for bucket 141
  (Using difference cover)
  bucket 117: 100%
  Sorting block of length 3125583 for bucket 117
  (Using difference cover)
  bucket 163: 20%
  bucket 128: 100%
  Sorting block of length 1765782 for bucket 128
  (Using difference cover)
  bucket 158: 30%
  bucket 136: 100%
  Sorting block of length 2148140 for bucket 136
  (Using difference cover)
  bucket 122: 100%
  Sorting block of length 2956008 for bucket 122
  (Using difference cover)
  bucket 142: 100%
  Sorting block of length 2971446 for bucket 142
  (Using difference cover)
  bucket 140: 100%
  Sorting block of length 2653218 for bucket 140
  (Using difference cover)
  bucket 172: 20%
  Sorting block time: 00:00:02
Returning block of 1382048 for bucket 106
Getting block 193 of 528
  Reserving size (3362478) for bucket 193
  Calculating Z arrays for bucket 193
  Entering block accumulator loop for bucket 193:
  bucket 160: 30%
  bucket 129: 100%
  Sorting block of length 1762340 for bucket 129
  (Using difference cover)
  Sorting block time: 00:00:04
Returning block of 2115434 for bucket 126
  bucket 159: 30%
  bucket 155: 40%
  bucket 183: 10%
Getting block 194 of 528
  Reserving size (3362478) for bucket 194
  Calculating Z arrays for bucket 194
  Entering block accumulator loop for bucket 194:
  bucket 152: 50%
  bucket 168: 30%
  bucket 161: 30%
  bucket 173: 20%
  bucket 165: 30%
  bucket 166: 20%
  bucket 145: 60%
  Sorting block time: 00:00:05
Returning block of 3030906 for bucket 104
  bucket 144: 70%
  bucket 164: 30%
  bucket 125: 100%
  Sorting block of length 1384213 for bucket 125
  (Using difference cover)
  bucket 143: 80%
  bucket 154: 50%
Getting block 195 of 528
  Reserving size (3362478) for bucket 195
  Calculating Z arrays for bucket 195
  Entering block accumulator loop for bucket 195:
  Sorting block time: 00:00:05
Returning block of 2648848 for bucket 137
  bucket 150: 50%
  bucket 98: 100%
  Sorting block of length 2765417 for bucket 98
  (Using difference cover)
  bucket 157: 40%
  bucket 177: 20%
  bucket 149: 60%
  bucket 156: 40%
  bucket 146: 60%
Getting block 196 of 528
  Reserving size (3362478) for bucket 196
  Calculating Z arrays for bucket 196
  Entering block accumulator loop for bucket 196:
  bucket 184: 10%
  bucket 130: 100%
  Sorting block of length 1616385 for bucket 130
  (Using difference cover)
  Sorting block time: 00:00:03
Returning block of 1765783 for bucket 128
Getting block 197 of 528
  Reserving size (3362478) for bucket 197
  Calculating Z arrays for bucket 197
  Entering block accumulator loop for bucket 197:
  bucket 185: 10%
  bucket 188: 10%
  Sorting block time: 00:00:06
Returning block of 3272862 for bucket 119
  bucket 115: 100%
  Sorting block of length 3272722 for bucket 115
  (Using difference cover)
  bucket 153: 40%
  Sorting block time: 00:00:06
Returning block of 3098332 for bucket 138
  bucket 190: 10%
  bucket 186: 10%
  Sorting block time: 00:00:06
Returning block of 2926331 for bucket 111
Getting block 198 of 528
  Reserving size (3362478) for bucket 198
  Calculating Z arrays for bucket 198
  Entering block accumulator loop for bucket 198:
  bucket 178: 20%
  bucket 148: 80%
  Sorting block time: 00:00:03
Returning block of 1762341 for bucket 129
  bucket 170: 30%
Getting block 199 of 528
  Reserving size (3362478) for bucket 199
  Calculating Z arrays for bucket 199
  Entering block accumulator loop for bucket 199:
  bucket 176: 30%
  Sorting block time: 00:00:04
Returning block of 2148141 for bucket 136
Getting block 200 of 528
  Reserving size (3362478) for bucket 200
  Calculating Z arrays for bucket 200
  Entering block accumulator loop for bucket 200:
Getting block 201 of 528
  Reserving size (3362478) for bucket 201
  Calculating Z arrays for bucket 201
  Entering block accumulator loop for bucket 201:
  bucket 187: 10%
Getting block 202 of 528
  Reserving size (3362478) for bucket 202
  Calculating Z arrays for bucket 202
  Entering block accumulator loop for bucket 202:
  bucket 174: 20%
  bucket 167: 40%
  Sorting block time: 00:00:06
Returning block of 2913968 for bucket 135
  Sorting block time: 00:00:07
Returning block of 3324562 for bucket 107
  bucket 180: 20%
  bucket 147: 60%
  bucket 179: 20%
  bucket 172: 30%
  bucket 160: 40%
  bucket 175: 20%
Getting block 203 of 528
  Reserving size (3362478) for bucket 203
  Calculating Z arrays for bucket 203
  Entering block accumulator loop for bucket 203:
  Sorting block time: 00:00:03
Returning block of 1384214 for bucket 125
  bucket 189: 10%
Getting block 204 of 528
  Reserving size (3362478) for bucket 204
  Calculating Z arrays for bucket 204
  Entering block accumulator loop for bucket 204:
  bucket 191: 10%
Getting block 205 of 528
  Reserving size (3362478) for bucket 205
  Calculating Z arrays for bucket 205
  Entering block accumulator loop for bucket 205:
  bucket 169: 30%
  bucket 162: 30%
  Sorting block time: 00:00:06
Returning block of 2971447 for bucket 142
  Sorting block time: 00:00:06
Returning block of 2653219 for bucket 140
  Sorting block time: 00:00:06
Returning block of 3125584 for bucket 117
  bucket 151: 50%
  bucket 163: 30%
  Sorting block time: 00:00:06
Returning block of 2956009 for bucket 122
  bucket 182: 20%
Getting block 206 of 528
  Reserving size (3362478) for bucket 206
  Calculating Z arrays for bucket 206
  Entering block accumulator loop for bucket 206:
Getting block 207 of 528
  Reserving size (3362478) for bucket 207
  Calculating Z arrays for bucket 207
  Entering block accumulator loop for bucket 207:
Getting block 208 of 528
  Reserving size (3362478) for bucket 208
  Calculating Z arrays for bucket 208
  Entering block accumulator loop for bucket 208:
  Sorting block time: 00:00:03
Returning block of 1616386 for bucket 130
Getting block 209 of 528
  Reserving size (3362478) for bucket 209
  Calculating Z arrays for bucket 209
  Entering block accumulator loop for bucket 209:
  bucket 171: 30%
Getting block 210 of 528
  Reserving size (3362478) for bucket 210
  Calculating Z arrays for bucket 210
  Entering block accumulator loop for bucket 210:
  Sorting block time: 00:00:06
Returning block of 3212231 for bucket 141
  bucket 168: 40%
  bucket 181: 20%
  Sorting block time: 00:00:04
Returning block of 2765418 for bucket 98
Getting block 211 of 528
  Reserving size (3362478) for bucket 211
  Calculating Z arrays for bucket 211
  Entering block accumulator loop for bucket 211:
Getting block 212 of 528
  Reserving size (3362478) for bucket 212
  Calculating Z arrays for bucket 212
  Entering block accumulator loop for bucket 212:
  bucket 158: 40%
  bucket 165: 40%
  bucket 192: 10%
  bucket 150: 60%
  bucket 193: 10%
  bucket 145: 70%
  bucket 159: 40%
  bucket 155: 50%
  Sorting block time: 00:00:06
Returning block of 3272723 for bucket 115
Getting block 213 of 528
  Reserving size (3362478) for bucket 213
  Calculating Z arrays for bucket 213
  Entering block accumulator loop for bucket 213:
  bucket 161: 40%
  bucket 148: 90%
  bucket 154: 60%
  bucket 170: 40%
  bucket 152: 60%
  bucket 167: 50%
  bucket 164: 40%
  bucket 173: 30%
  bucket 166: 30%
  bucket 194: 10%
  bucket 143: 90%
  bucket 144: 80%
  bucket 176: 40%
  bucket 183: 20%
  bucket 157: 50%
  bucket 177: 30%
  bucket 149: 70%
  bucket 146: 70%
  bucket 195: 10%
  bucket 156: 50%
  bucket 168: 50%
  bucket 147: 70%
  bucket 178: 30%
  bucket 196: 10%
  bucket 160: 50%
  bucket 197: 10%
  bucket 153: 50%
  bucket 162: 40%
  bucket 188: 20%
  bucket 148: 100%
  Sorting block of length 2976905 for bucket 148
  (Using difference cover)
  bucket 172: 40%
  bucket 169: 40%
  bucket 199: 10%
  bucket 186: 20%
  bucket 200: 10%
  bucket 167: 60%
  bucket 182: 30%
  bucket 202: 10%
  bucket 184: 20%
  bucket 165: 50%
  bucket 198: 10%
  bucket 180: 30%
  bucket 190: 20%
  bucket 171: 40%
  bucket 185: 20%
  bucket 170: 50%
  bucket 154: 70%
  bucket 179: 30%
  Sorting block time: 00:00:06
Returning block of 2976906 for bucket 148
Getting block 214 of 528
  Reserving size (3362478) for bucket 214
  Calculating Z arrays for bucket 214
  Entering block accumulator loop for bucket 214:
  bucket 203: 10%
  bucket 204: 10%
  bucket 159: 50%
  bucket 201: 10%
  bucket 155: 60%
  bucket 187: 20%
  bucket 161: 50%
  bucket 174: 30%
  bucket 168: 60%
  bucket 164: 50%
  bucket 150: 70%
  bucket 151: 60%
  bucket 206: 10%
  bucket 207: 10%
  bucket 143: 100%
  Sorting block of length 3299675 for bucket 143
  (Using difference cover)
  bucket 163: 40%
  bucket 191: 20%
  bucket 173: 40%
  bucket 175: 30%
  bucket 205: 10%
  bucket 189: 20%
  Sorting block time: 00:00:05
Returning block of 3299676 for bucket 143
  bucket 177: 40%
  bucket 193: 20%
  bucket 176: 50%
Getting block 215 of 528
  Reserving size (3362478) for bucket 215
  Calculating Z arrays for bucket 215
  Entering block accumulator loop for bucket 215:
  bucket 208: 10%
  bucket 167: 70%
  bucket 145: 80%
  bucket 157: 60%
  bucket 149: 80%
  bucket 210: 10%
  bucket 194: 20%
  bucket 166: 40%
  bucket 181: 30%
  bucket 212: 10%
  bucket 178: 40%
  bucket 147: 80%
  bucket 209: 10%
  bucket 158: 50%
  bucket 211: 10%
  bucket 156: 60%
  bucket 195: 20%
  bucket 196: 20%
  bucket 213: 10%
  bucket 192: 20%
  bucket 152: 70%
  bucket 169: 50%
  bucket 162: 50%
  bucket 144: 90%
  bucket 197: 20%
  bucket 165: 60%
  bucket 164: 60%
  bucket 170: 60%
  bucket 151: 70%
  bucket 146: 80%
  bucket 200: 20%
  bucket 199: 20%
  bucket 168: 70%
  bucket 202: 20%
  bucket 180: 40%
  bucket 153: 60%
  bucket 150: 80%
  bucket 183: 30%
  bucket 203: 20%
  bucket 204: 20%
  bucket 154: 80%
  bucket 172: 50%
  bucket 160: 60%
  bucket 182: 40%
  bucket 188: 30%
  bucket 184: 30%
  bucket 179: 40%
  bucket 206: 20%
  bucket 186: 30%
  bucket 207: 20%
  bucket 159: 60%
  bucket 176: 60%
  bucket 181: 40%
  bucket 155: 70%
  bucket 171: 50%
  bucket 198: 20%
  bucket 193: 30%
  bucket 161: 60%
  bucket 201: 20%
  bucket 196: 30%
  bucket 163: 50%
  bucket 149: 90%
  bucket 157: 70%
  bucket 214: 10%
  bucket 187: 30%
  bucket 151: 80%
  bucket 185: 30%
  bucket 194: 30%
  bucket 167: 80%
  bucket 189: 30%
  bucket 190: 30%
  bucket 166: 50%
  bucket 174: 40%
  bucket 205: 20%
  bucket 195: 30%
  bucket 191: 30%
  bucket 145: 90%
  bucket 169: 60%
  bucket 173: 50%
  bucket 208: 20%
  bucket 150: 90%
  bucket 197: 30%
  bucket 175: 40%
  bucket 215: 10%
  bucket 210: 20%
  bucket 212: 20%
  bucket 158: 60%
  bucket 200: 30%
  bucket 199: 30%
  bucket 156: 70%
  bucket 202: 30%
  bucket 180: 50%
  bucket 164: 70%
  bucket 147: 90%
  bucket 211: 20%
  bucket 181: 50%
  bucket 177: 50%
  bucket 213: 20%
  bucket 203: 30%
  bucket 209: 20%
  bucket 204: 30%
  bucket 196: 40%
  bucket 160: 70%
  bucket 153: 70%
  bucket 152: 80%
  bucket 176: 70%
  bucket 206: 30%
  bucket 144: 100%
  Sorting block of length 2413131 for bucket 144
  (Using difference cover)
  bucket 178: 50%
  bucket 207: 30%
  bucket 170: 70%
  bucket 162: 60%
  bucket 192: 30%
  bucket 149: 100%
  Sorting block of length 996613 for bucket 149
  (Using difference cover)
  bucket 183: 40%
  bucket 151: 90%
  bucket 146: 90%
  bucket 165: 70%
  bucket 157: 80%
  bucket 168: 80%
  bucket 193: 40%
  bucket 179: 50%
  bucket 172: 60%
  bucket 188: 40%
  bucket 186: 40%
  bucket 154: 90%
  bucket 150: 100%
  Sorting block of length 3072344 for bucket 150
  (Using difference cover)
  bucket 171: 60%
  bucket 163: 60%
  bucket 194: 40%
  bucket 169: 70%
  bucket 198: 30%
  Sorting block time: 00:00:02
Returning block of 996614 for bucket 149
  bucket 159: 70%
  bucket 184: 40%
  bucket 155: 80%
Getting block 216 of 528
  Reserving size (3362478) for bucket 216
  Calculating Z arrays for bucket 216
  Entering block accumulator loop for bucket 216:
  bucket 201: 30%
  bucket 182: 50%
  bucket 164: 80%
  bucket 195: 40%
  bucket 161: 70%
  bucket 166: 60%
  bucket 187: 40%
  bucket 189: 40%
  bucket 145: 100%
  Sorting block of length 1282041 for bucket 145
  (Using difference cover)
  bucket 167: 90%
  bucket 190: 40%
  bucket 174: 50%
  bucket 211: 30%
  bucket 205: 30%
  bucket 160: 80%
  bucket 185: 40%
  bucket 214: 20%
  bucket 209: 30%
  bucket 170: 80%
  bucket 176: 80%
  bucket 197: 40%
  bucket 196: 50%
  Sorting block time: 00:00:04
Returning block of 2413132 for bucket 144
  bucket 191: 40%
Getting block 217 of 528
  Reserving size (3362478) for bucket 217
  Calculating Z arrays for bucket 217
  Entering block accumulator loop for bucket 217:
  bucket 215: 20%
  bucket 156: 80%
  bucket 208: 30%
  bucket 158: 70%
  Sorting block time: 00:00:02
Returning block of 1282042 for bucket 145
Getting block 218 of 528
  Reserving size (3362478) for bucket 218
  Calculating Z arrays for bucket 218
  Entering block accumulator loop for bucket 218:
  bucket 200: 40%
  bucket 181: 60%
  bucket 147: 100%
  Sorting block of length 3259413 for bucket 147
  (Using difference cover)
  bucket 175: 50%
  bucket 173: 60%
  bucket 199: 40%
  bucket 180: 60%
  bucket 212: 30%
  bucket 202: 40%
  bucket 210: 30%
  Sorting block time: 00:00:06
Returning block of 3072345 for bucket 150
  bucket 152: 90%
  bucket 169: 80%
  bucket 151: 100%
  Sorting block of length 1924245 for bucket 151
  (Using difference cover)
  bucket 153: 80%
Getting block 219 of 528
  Reserving size (3362478) for bucket 219
  Calculating Z arrays for bucket 219
  Entering block accumulator loop for bucket 219:
  bucket 177: 60%
  bucket 204: 40%
  bucket 203: 40%
  bucket 213: 30%
  bucket 162: 70%
  bucket 183: 50%
  bucket 165: 80%
  bucket 146: 100%
  Sorting block of length 2326196 for bucket 146
  (Using difference cover)
  bucket 179: 60%
  bucket 157: 90%
  bucket 178: 60%
  bucket 164: 90%
  bucket 206: 40%
  bucket 168: 90%
  bucket 207: 40%
  bucket 192: 40%
  bucket 188: 50%
  bucket 186: 50%
  bucket 172: 70%
  bucket 163: 70%
  bucket 154: 100%
  Sorting block of length 1813208 for bucket 154
  (Using difference cover)
  bucket 193: 50%
  bucket 170: 90%
  bucket 160: 90%
  bucket 166: 70%
  bucket 159: 80%
  bucket 155: 90%
  bucket 171: 70%
  bucket 194: 50%
  bucket 161: 80%
  bucket 198: 40%
  bucket 176: 90%
  bucket 167: 100%
  Sorting block of length 1337000 for bucket 167
  (Using difference cover)
  bucket 184: 50%
  bucket 201: 40%
  Sorting block time: 00:00:04
Returning block of 1924246 for bucket 151
  bucket 209: 40%
  bucket 182: 60%
  bucket 158: 80%
Getting block 220 of 528
  Reserving size (3362478) for bucket 220
  Calculating Z arrays for bucket 220
  Entering block accumulator loop for bucket 220:
  bucket 216: 10%
  bucket 195: 50%
  bucket 187: 50%
  bucket 189: 50%
  bucket 169: 90%
  bucket 211: 40%
  Sorting block time: 00:00:07
Returning block of 3259414 for bucket 147
  bucket 190: 50%
  bucket 185: 50%
  bucket 218: 10%
  bucket 174: 60%
Getting block 221 of 528
  Reserving size (3362478) for bucket 221
  Calculating Z arrays for bucket 221
  Entering block accumulator loop for bucket 221:
  bucket 152: 100%
  Sorting block of length 2243252 for bucket 152
  (Using difference cover)
  bucket 205: 40%
  Sorting block time: 00:00:05
Returning block of 2326197 for bucket 146
  bucket 156: 90%
  bucket 164: 100%
  Sorting block of length 1237597 for bucket 164
  (Using difference cover)
  Sorting block time: 00:00:04
Returning block of 1813209 for bucket 154
Getting block 222 of 528
  Reserving size (3362478) for bucket 222
  Calculating Z arrays for bucket 222
  Entering block accumulator loop for bucket 222:
  bucket 197: 50%
  bucket 214: 30%
Getting block 223 of 528
  Reserving size (3362478) for bucket 223
  Calculating Z arrays for bucket 223
  Entering block accumulator loop for bucket 223:
  bucket 196: 60%
  bucket 191: 50%
  Sorting block time: 00:00:02
Returning block of 1337001 for bucket 167
Getting block 224 of 528
  Reserving size (3362478) for bucket 224
  Calculating Z arrays for bucket 224
  Entering block accumulator loop for bucket 224:
  bucket 181: 70%
  bucket 173: 70%
  Sorting block time: 00:00:02
Returning block of 1237598 for bucket 164
  bucket 215: 30%
Getting block 225 of 528
  Reserving size (3362478) for bucket 225
  Calculating Z arrays for bucket 225
  Entering block accumulator loop for bucket 225:
  bucket 200: 50%
  bucket 170: 100%
  Sorting block of length 1784289 for bucket 170
  (Using difference cover)
  bucket 162: 80%
  bucket 177: 70%
  bucket 208: 40%
  bucket 175: 60%
  bucket 217: 10%
  bucket 180: 70%
  bucket 199: 50%
  bucket 202: 50%
  bucket 165: 90%
  Sorting block time: 00:00:03
Returning block of 1784290 for bucket 170
  bucket 153: 90%
  bucket 212: 40%
Getting block 226 of 528
  Reserving size (3362478) for bucket 226
  Calculating Z arrays for bucket 226
  Entering block accumulator loop for bucket 226:
  bucket 178: 70%
  bucket 186: 60%
  Sorting block time: 00:00:08
Returning block of 2243253 for bucket 152
Getting block 227 of 528
  Reserving size (3362478) for bucket 227
  Calculating Z arrays for bucket 227
  Entering block accumulator loop for bucket 227:
  bucket 168: 100%
  Sorting block of length 2975085 for bucket 168
  (Using difference cover)
  bucket 204: 50%
  bucket 203: 50%
  bucket 210: 40%
  bucket 157: 100%
  Sorting block of length 1754179 for bucket 157
  (Using difference cover)
  bucket 219: 10%
  bucket 166: 80%
  bucket 160: 100%
  Sorting block of length 1951862 for bucket 160
  (Using difference cover)
  bucket 213: 40%
  bucket 161: 90%
  bucket 159: 90%
  bucket 155: 100%
  Sorting block of length 1854303 for bucket 155
  (Using difference cover)
  bucket 206: 50%
  bucket 183: 60%
  bucket 179: 70%
  bucket 172: 80%
  bucket 188: 60%
  bucket 207: 50%
  bucket 171: 80%
  bucket 163: 80%
  bucket 193: 60%
  bucket 169: 100%
  Sorting block of length 2266108 for bucket 169
  (Using difference cover)
  bucket 209: 50%
  bucket 192: 50%
  bucket 220: 10%
  bucket 176: 100%
  Sorting block of length 1396144 for bucket 176
  (Using difference cover)
  bucket 194: 60%
  bucket 182: 70%
  bucket 214: 40%
  bucket 185: 60%
  Sorting block time: 00:00:04
Returning block of 1754180 for bucket 157
  bucket 189: 60%
  bucket 158: 90%
Getting block 228 of 528
  Reserving size (3362478) for bucket 228
  Calculating Z arrays for bucket 228
  Entering block accumulator loop for bucket 228:
  bucket 165: 100%
  Sorting block of length 3111503 for bucket 165
  (Using difference cover)
  bucket 195: 60%
  bucket 198: 50%
  bucket 225: 10%
  Sorting block time: 00:00:06
Returning block of 2975086 for bucket 168
  bucket 174: 70%
  bucket 201: 50%
  bucket 184: 60%
  bucket 216: 20%
Getting block 229 of 528
  Reserving size (3362478) for bucket 229
  Calculating Z arrays for bucket 229
  Entering block accumulator loop for bucket 229:
  bucket 223: 10%
  bucket 173: 80%
  bucket 156: 100%
  Sorting block of length 1834288 for bucket 156
  (Using difference cover)
  Sorting block time: 00:00:04
Returning block of 1854304 for bucket 155
  bucket 187: 60%
  Sorting block time: 00:00:03
Returning block of 1396145 for bucket 176
Getting block 230 of 528
  Reserving size (3362478) for bucket 230
  Calculating Z arrays for bucket 230
  Entering block accumulator loop for bucket 230:
  Sorting block time: 00:00:04
Returning block of 1951863 for bucket 160
Getting block 231 of 528
  Reserving size (3362478) for bucket 231
  Calculating Z arrays for bucket 231
  Entering block accumulator loop for bucket 231:
  bucket 221: 10%
  bucket 211: 50%
  bucket 190: 60%
  bucket 224: 10%
Getting block 232 of 528
  Reserving size (3362478) for bucket 232
  Calculating Z arrays for bucket 232
  Entering block accumulator loop for bucket 232:
  bucket 191: 60%
  bucket 218: 20%
  bucket 177: 80%
  bucket 186: 70%
  bucket 197: 60%
  bucket 181: 80%
  bucket 205: 50%
  bucket 196: 70%
  bucket 162: 90%
  bucket 199: 60%
  bucket 200: 60%
  Sorting block time: 00:00:04
Returning block of 2266109 for bucket 169
  bucket 153: 100%
  Sorting block of length 2449146 for bucket 153
  (Using difference cover)
  bucket 178: 80%
  bucket 180: 80%
  bucket 215: 40%
Getting block 233 of 528
  Reserving size (3362478) for bucket 233
  Calculating Z arrays for bucket 233
  Entering block accumulator loop for bucket 233:
  bucket 161: 100%
  Sorting block of length 2951930 for bucket 161
  (Using difference cover)
  bucket 222: 10%
  bucket 175: 70%
  bucket 202: 60%
  bucket 208: 50%
  bucket 226: 10%
  bucket 209: 60%
  bucket 217: 20%
  bucket 212: 50%
  bucket 204: 60%
  bucket 166: 90%
  bucket 203: 60%
  bucket 220: 20%
  bucket 183: 70%
  bucket 159: 100%
  Sorting block of length 2788512 for bucket 159
  (Using difference cover)
  bucket 185: 70%
  bucket 172: 90%
  bucket 210: 50%
  bucket 214: 50%
  bucket 227: 10%
  bucket 189: 70%
  bucket 163: 90%
  bucket 219: 20%
  Sorting block time: 00:00:03
Returning block of 1834289 for bucket 156
  bucket 171: 90%
  bucket 179: 80%
Getting block 234 of 528
  Reserving size (3362478) for bucket 234
  Calculating Z arrays for bucket 234
  Entering block accumulator loop for bucket 234:
  bucket 213: 50%
  bucket 206: 60%
  bucket 188: 70%
  bucket 225: 20%
  bucket 207: 60%
  bucket 193: 70%
  Sorting block time: 00:00:06
Returning block of 3111504 for bucket 165
  bucket 182: 80%
  bucket 192: 60%
  bucket 231: 10%
Getting block 235 of 528
  Reserving size (3362478) for bucket 235
  Calculating Z arrays for bucket 235
  Entering block accumulator loop for bucket 235:
  bucket 194: 70%
  bucket 158: 100%
  Sorting block of length 2396885 for bucket 158
  (Using difference cover)
  bucket 187: 70%
  bucket 191: 70%
  Sorting block time: 00:00:05
Returning block of 2449147 for bucket 153
  bucket 228: 10%
  bucket 195: 70%
  bucket 174: 80%
  bucket 198: 60%
Getting block 236 of 528
  Reserving size (3362478) for bucket 236
  Calculating Z arrays for bucket 236
  Entering block accumulator loop for bucket 236:
  bucket 216: 30%
  bucket 186: 80%
  bucket 201: 60%
  bucket 184: 70%
  bucket 173: 90%
  bucket 223: 20%
  Sorting block time: 00:00:06
Returning block of 2951931 for bucket 161
Getting block 237 of 528
  Reserving size (3362478) for bucket 237
  Calculating Z arrays for bucket 237
  Entering block accumulator loop for bucket 237:
  Sorting block time: 00:00:05
Returning block of 2788513 for bucket 159
  bucket 229: 10%
Getting block 238 of 528
  Reserving size (3362478) for bucket 238
  Calculating Z arrays for bucket 238
  Entering block accumulator loop for bucket 238:
  bucket 177: 90%
  bucket 230: 10%
  bucket 224: 20%
  bucket 209: 70%
  bucket 190: 70%
  bucket 181: 90%
  bucket 162: 100%
  Sorting block of length 3036742 for bucket 162
  (Using difference cover)
  bucket 211: 60%
  bucket 178: 90%
  Sorting block time: 00:00:08
Returning block of 2396886 for bucket 158
  bucket 197: 70%
Getting block 239 of 528
  Reserving size (3362478) for bucket 239
  Calculating Z arrays for bucket 239
  Entering block accumulator loop for bucket 239:
  bucket 214: 60%
  bucket 221: 20%
  bucket 196: 80%
  bucket 220: 30%
  bucket 218: 30%
  bucket 232: 10%
  bucket 205: 60%
  bucket 233: 10%
  bucket 199: 70%
  bucket 189: 80%
  bucket 226: 20%
  bucket 200: 70%
  bucket 180: 90%
  bucket 202: 70%
  Sorting block time: 00:00:08
Returning block of 3036743 for bucket 162
Getting block 240 of 528
  Reserving size (3362478) for bucket 240
  Calculating Z arrays for bucket 240
  Entering block accumulator loop for bucket 240:
  bucket 235: 10%
  bucket 175: 80%
  bucket 185: 80%
  bucket 166: 100%
  Sorting block of length 2678702 for bucket 166
  (Using difference cover)
  bucket 204: 70%
  bucket 225: 30%
  bucket 215: 50%
  bucket 208: 60%
  bucket 172: 100%
  Sorting block of length 2502511 for bucket 172
  (Using difference cover)
  bucket 183: 80%
  bucket 171: 100%
  Sorting block of length 3101961 for bucket 171
  (Using difference cover)
  bucket 222: 20%
  bucket 163: 100%
  Sorting block of length 2468093 for bucket 163
  (Using difference cover)
  bucket 212: 60%
  bucket 203: 70%
  bucket 231: 20%
  bucket 179: 90%
  bucket 217: 30%
  bucket 182: 90%
  bucket 206: 70%
  bucket 207: 70%
  bucket 210: 60%
  bucket 188: 80%
  bucket 227: 20%
  bucket 219: 30%
  bucket 193: 80%
  bucket 187: 80%
  bucket 213: 60%
  bucket 216: 40%
  bucket 234: 10%
  bucket 194: 80%
  bucket 174: 90%
  bucket 191: 80%
  bucket 177: 100%
  Sorting block of length 2079738 for bucket 177
  (Using difference cover)
  bucket 237: 10%
  bucket 192: 70%
  bucket 186: 90%
  Sorting block time: 00:00:05
Returning block of 2678703 for bucket 166
  bucket 173: 100%
  Sorting block of length 2824794 for bucket 173
  (Using difference cover)
  bucket 195: 80%
  bucket 178: 100%
  Sorting block of length 1657381 for bucket 178
  (Using difference cover)
Getting block 241 of 528
  Reserving size (3362478) for bucket 241
  Calculating Z arrays for bucket 241
  Entering block accumulator loop for bucket 241:
  bucket 236: 10%
  bucket 228: 20%
  bucket 229: 20%
  bucket 223: 30%
  bucket 211: 70%
  bucket 184: 80%
  Sorting block time: 00:00:05
Returning block of 2502512 for bucket 172
  bucket 198: 70%
  bucket 238: 10%
  bucket 175: 90%
  bucket 201: 70%
Getting block 242 of 528
  Reserving size (3362478) for bucket 242
  Calculating Z arrays for bucket 242
  Entering block accumulator loop for bucket 242:
  Sorting block time: 00:00:04
Returning block of 2468094 for bucket 163
  bucket 230: 20%
Getting block 243 of 528
  Reserving size (3362478) for bucket 243
  Calculating Z arrays for bucket 243
  Entering block accumulator loop for bucket 243:
  bucket 181: 100%
  Sorting block of length 657340 for bucket 181
  (Using difference cover)
  bucket 183: 90%
  bucket 224: 30%
  bucket 226: 30%
  Sorting block time: 00:00:05
Returning block of 3101962 for bucket 171
  bucket 209: 80%
Getting block 244 of 528
  Reserving size (3362478) for bucket 244
  Calculating Z arrays for bucket 244
  Entering block accumulator loop for bucket 244:
  bucket 197: 80%
  Sorting block time: 00:00:04
Returning block of 2079739 for bucket 177
  Sorting block time: 00:00:02
Returning block of 657341 for bucket 181
  bucket 214: 70%
Getting block 245 of 528
  Reserving size (3362478) for bucket 245
  Calculating Z arrays for bucket 245
  Entering block accumulator loop for bucket 245:
Getting block 246 of 528
  Reserving size (3362478) for bucket 246
  Calculating Z arrays for bucket 246
  Entering block accumulator loop for bucket 246:
  Sorting block time: 00:00:03
Returning block of 1657382 for bucket 178
Getting block 247 of 528
  Reserving size (3362478) for bucket 247
  Calculating Z arrays for bucket 247
  Entering block accumulator loop for bucket 247:
  bucket 222: 30%
  bucket 196: 90%
  bucket 190: 80%
  bucket 220: 40%
  Sorting block time: 00:00:04
Returning block of 2824795 for bucket 173
Getting block 248 of 528
  Reserving size (3362478) for bucket 248
  Calculating Z arrays for bucket 248
  Entering block accumulator loop for bucket 248:
  bucket 221: 30%
  bucket 189: 90%
  bucket 199: 80%
  bucket 180: 100%
  Sorting block of length 3167513 for bucket 180
  (Using difference cover)
  bucket 239: 10%
  bucket 200: 80%
  bucket 212: 70%
  bucket 232: 20%
  bucket 233: 20%
  bucket 235: 20%
  bucket 185: 90%
  bucket 174: 100%
  Sorting block of length 2233189 for bucket 174
  (Using difference cover)
  bucket 205: 70%
  bucket 218: 40%
  bucket 202: 80%
  bucket 240: 10%
  bucket 215: 60%
  Sorting block time: 00:00:03
Returning block of 2233190 for bucket 174
  bucket 208: 70%
  bucket 225: 40%
Getting block 249 of 528
  Reserving size (3362478) for bucket 249
  Calculating Z arrays for bucket 249
  Entering block accumulator loop for bucket 249:
  Sorting block time: 00:00:08
Returning block of 3167514 for bucket 180
  bucket 204: 80%
  bucket 217: 40%
Getting block 250 of 528
  Reserving size (3362478) for bucket 250
  Calculating Z arrays for bucket 250
  Entering block accumulator loop for bucket 250:
  bucket 203: 80%
  bucket 182: 100%
  Sorting block of length 3180141 for bucket 182
  (Using difference cover)
  bucket 216: 50%
  bucket 227: 30%
  bucket 175: 100%
  Sorting block of length 2973217 for bucket 175
  (Using difference cover)
  bucket 234: 20%
  bucket 179: 100%
  Sorting block of length 3002331 for bucket 179
  (Using difference cover)
  bucket 188: 90%
  bucket 231: 30%
  bucket 206: 80%
  bucket 219: 40%
  bucket 237: 20%
  bucket 207: 80%
  bucket 191: 90%
  bucket 193: 90%
  bucket 187: 90%
  Sorting block time: 00:00:06
Returning block of 3180142 for bucket 182
  bucket 183: 100%
  Sorting block of length 2364933 for bucket 183
  (Using difference cover)
  bucket 210: 70%
  bucket 241: 10%
Getting block 251 of 528
  Reserving size (3362478) for bucket 251
  Calculating Z arrays for bucket 251
  Entering block accumulator loop for bucket 251:
  bucket 194: 90%
  bucket 221: 40%
  bucket 213: 70%
  bucket 245: 10%
  bucket 226: 40%
  bucket 211: 80%
  bucket 222: 40%
  bucket 186: 100%
  Sorting block of length 2182715 for bucket 186
  (Using difference cover)
  bucket 229: 30%
  bucket 247: 10%
  bucket 195: 90%
  bucket 192: 80%
  bucket 220: 50%
  Sorting block time: 00:00:05
Returning block of 2973218 for bucket 175
  bucket 209: 90%
  bucket 236: 20%
Getting block 252 of 528
  Reserving size (3362478) for bucket 252
  Calculating Z arrays for bucket 252
  Entering block accumulator loop for bucket 252:
  bucket 214: 80%
  bucket 238: 20%
  bucket 190: 90%
  bucket 223: 40%
  bucket 249: 10%
  bucket 189: 100%
  Sorting block of length 3060198 for bucket 189
  (Using difference cover)
  bucket 185: 100%
  Sorting block of length 3059133 for bucket 185
  (Using difference cover)
  bucket 230: 30%
  Sorting block time: 00:00:07
Returning block of 3002332 for bucket 179
  Sorting block time: 00:00:04
Returning block of 2364934 for bucket 183
  bucket 228: 30%
Getting block 253 of 528
  Reserving size (3362478) for bucket 253
  Calculating Z arrays for bucket 253
  Entering block accumulator loop for bucket 253:
  bucket 184: 90%
Getting block 254 of 528
  Reserving size (3362478) for bucket 254
  Calculating Z arrays for bucket 254
  Entering block accumulator loop for bucket 254:
  bucket 244: 10%
  bucket 232: 30%
  bucket 224: 40%
  Sorting block time: 00:00:05
Returning block of 2182716 for bucket 186
  bucket 243: 10%
  bucket 235: 30%
  bucket 239: 20%
Getting block 255 of 528
  Reserving size (3362478) for bucket 255
  Calculating Z arrays for bucket 255
  Entering block accumulator loop for bucket 255:
  bucket 198: 80%
  bucket 242: 10%
  bucket 196: 100%
  Sorting block of length 2319568 for bucket 196
  (Using difference cover)
  bucket 201: 80%
  bucket 248: 10%
  Sorting block time: 00:00:05
Returning block of 3060199 for bucket 189
Getting block 256 of 528
  Reserving size (3362478) for bucket 256
  Calculating Z arrays for bucket 256
  Entering block accumulator loop for bucket 256:
  bucket 215: 70%
  bucket 197: 90%
  Sorting block time: 00:00:05
Returning block of 3059134 for bucket 185
Getting block 257 of 528
  Reserving size (3362478) for bucket 257
  Calculating Z arrays for bucket 257
  Entering block accumulator loop for bucket 257:
  bucket 246: 10%
  bucket 233: 30%
  bucket 217: 50%
  bucket 212: 80%
  bucket 199: 90%
  bucket 200: 90%
  Sorting block time: 00:00:07
Returning block of 2319569 for bucket 196
  bucket 216: 60%
Getting block 258 of 528
  Reserving size (3362478) for bucket 258
  Calculating Z arrays for bucket 258
  Entering block accumulator loop for bucket 258:
  bucket 221: 50%
  bucket 227: 40%
  bucket 225: 50%
  bucket 202: 90%
  bucket 205: 80%
  bucket 203: 90%
  bucket 252: 10%
  bucket 234: 30%
  bucket 240: 20%
  bucket 218: 50%
  bucket 208: 80%
  bucket 245: 20%
  bucket 249: 20%
  bucket 204: 90%
  bucket 250: 10%
  bucket 247: 20%
  bucket 188: 100%
  Sorting block of length 1051312 for bucket 188
  (Using difference cover)
  bucket 241: 20%
  bucket 237: 30%
  bucket 191: 100%
  Sorting block of length 3078681 for bucket 191
  (Using difference cover)
  bucket 206: 90%
  bucket 219: 50%
  bucket 207: 90%
  bucket 226: 50%
  bucket 231: 40%
  bucket 243: 20%
  bucket 193: 100%
  Sorting block of length 2808824 for bucket 193
  (Using difference cover)
  bucket 251: 10%
  bucket 222: 50%
  bucket 187: 100%
  Sorting block of length 2413518 for bucket 187
  (Using difference cover)
  bucket 236: 30%
  bucket 209: 100%
  Sorting block of length 3099123 for bucket 209
  (Using difference cover)
  bucket 194: 100%
  Sorting block of length 3000178 for bucket 194
  (Using difference cover)
  bucket 253: 10%
  bucket 190: 100%
  Sorting block of length 2908013 for bucket 190
  (Using difference cover)
  bucket 214: 90%
  bucket 210: 80%
  bucket 213: 80%
  Sorting block time: 00:00:02
Returning block of 1051313 for bucket 188
  bucket 229: 40%
Getting block 259 of 528
  Reserving size (3362478) for bucket 259
  Calculating Z arrays for bucket 259
  Entering block accumulator loop for bucket 259:
  bucket 211: 90%
  bucket 233: 40%
  bucket 195: 100%
  Sorting block of length 1517551 for bucket 195
  (Using difference cover)
  bucket 220: 60%
  bucket 192: 90%
  bucket 238: 30%
  bucket 232: 40%
  bucket 235: 40%
  bucket 223: 50%
  bucket 255: 10%
  bucket 224: 50%
  bucket 244: 20%
  bucket 239: 30%
  bucket 230: 40%
  bucket 254: 10%
  bucket 184: 100%
  Sorting block of length 2730047 for bucket 184
  (Using difference cover)
  bucket 252: 20%
  bucket 221: 60%
  bucket 257: 10%
  bucket 242: 20%
  bucket 256: 10%
  bucket 228: 40%
  bucket 245: 30%
  bucket 197: 100%
  Sorting block of length 3086870 for bucket 197
  (Using difference cover)
  bucket 249: 30%
  bucket 248: 20%
  bucket 246: 20%
  bucket 198: 90%
  bucket 203: 100%
  Sorting block of length 2791053 for bucket 203
  (Using difference cover)
  bucket 201: 90%
  bucket 212: 90%
  bucket 215: 80%
  bucket 199: 100%
  Sorting block of length 1953412 for bucket 199
  (Using difference cover)
  bucket 217: 60%
  bucket 200: 100%
  Sorting block of length 1585869 for bucket 200
  (Using difference cover)
  bucket 208: 90%
  Sorting block time: 00:00:04
Returning block of 2413519 for bucket 187
  bucket 258: 10%
  bucket 216: 70%
  bucket 240: 30%
Getting block 260 of 528
  Reserving size (3362478) for bucket 260
  Calculating Z arrays for bucket 260
  Entering block accumulator loop for bucket 260:
  bucket 202: 100%
  Sorting block of length 3077174 for bucket 202
  (Using difference cover)
  bucket 236: 40%
  Sorting block time: 00:00:06
Returning block of 3078682 for bucket 191
  Sorting block time: 00:00:04
Returning block of 1517552 for bucket 195
  bucket 204: 100%
  Sorting block of length 1097177 for bucket 204
  (Using difference cover)
Getting block 261 of 528
  Reserving size (3362478) for bucket 261
  Calculating Z arrays for bucket 261
  Entering block accumulator loop for bucket 261:
  bucket 226: 60%
  bucket 205: 90%
  bucket 247: 30%
Getting block 262 of 528
  Reserving size (3362478) for bucket 262
  Calculating Z arrays for bucket 262
  Entering block accumulator loop for bucket 262:
  bucket 225: 60%
  bucket 227: 50%
  bucket 218: 60%
  bucket 234: 40%
  Sorting block time: 00:00:05
Returning block of 2808825 for bucket 193
  bucket 253: 20%
  bucket 219: 60%
Getting block 263 of 528
  Reserving size (3362478) for bucket 263
  Calculating Z arrays for bucket 263
  Entering block accumulator loop for bucket 263:
  bucket 250: 20%
  Sorting block time: 00:00:06
Returning block of 2908014 for bucket 190
  bucket 206: 100%
  Sorting block of length 2326693 for bucket 206
  (Using difference cover)
  bucket 243: 30%
Getting block 264 of 528
  Reserving size (3362478) for bucket 264
  Calculating Z arrays for bucket 264
  Entering block accumulator loop for bucket 264:
  Sorting block time: 00:00:06
Returning block of 3099124 for bucket 209
  Sorting block time: 00:00:06
Returning block of 3000179 for bucket 194
  bucket 241: 30%
Getting block 265 of 528
  Reserving size (3362478) for bucket 265
  Calculating Z arrays for bucket 265
  Entering block accumulator loop for bucket 265:
Getting block 266 of 528
  Reserving size (3362478) for bucket 266
  Calculating Z arrays for bucket 266
  Entering block accumulator loop for bucket 266:
  bucket 207: 100%
  Sorting block of length 3240858 for bucket 207
  (Using difference cover)
  bucket 237: 40%
  bucket 235: 50%
  bucket 214: 100%
  Sorting block of length 521268 for bucket 214
  (Using difference cover)
  Sorting block time: 00:00:03
Returning block of 1585870 for bucket 200
  bucket 231: 50%
  Sorting block time: 00:00:02
Returning block of 1097178 for bucket 204
  Sorting block time: 00:00:04
Returning block of 1953413 for bucket 199
  Sorting block time: 00:00:05
Returning block of 2730048 for bucket 184
  bucket 251: 20%
Getting block 267 of 528
  Reserving size (3362478) for bucket 267
  Calculating Z arrays for bucket 267
  Entering block accumulator loop for bucket 267:
  bucket 245: 40%
  bucket 210: 90%
Getting block 268 of 528
  Reserving size (3362478) for bucket 268
  Calculating Z arrays for bucket 268
  Entering block accumulator loop for bucket 268:
Getting block 269 of 528
  Reserving size (3362478) for bucket 269
  Calculating Z arrays for bucket 269
  Entering block accumulator loop for bucket 269:
  bucket 222: 60%
Getting block 270 of 528
  Reserving size (3362478) for bucket 270
  Calculating Z arrays for bucket 270
  Entering block accumulator loop for bucket 270:
  bucket 249: 40%
  Sorting block time: 00:00:01
Returning block of 521269 for bucket 214
Getting block 271 of 528
  Reserving size (3362478) for bucket 271
  Calculating Z arrays for bucket 271
  Entering block accumulator loop for bucket 271:
  Sorting block time: 00:00:06
Returning block of 2791054 for bucket 203
Getting block 272 of 528
  Reserving size (3362478) for bucket 272
  Calculating Z arrays for bucket 272
  Entering block accumulator loop for bucket 272:
  Sorting block time: 00:00:07
Returning block of 3086871 for bucket 197
Getting block 273 of 528
  Reserving size (3362478) for bucket 273
  Calculating Z arrays for bucket 273
  Entering block accumulator loop for bucket 273:
  bucket 252: 30%
  bucket 233: 50%
  bucket 213: 90%
  Sorting block time: 00:00:06
Returning block of 2326694 for bucket 206
  Sorting block time: 00:00:07
Returning block of 3077175 for bucket 202
Getting block 274 of 528
  Reserving size (3362478) for bucket 274
  Calculating Z arrays for bucket 274
  Entering block accumulator loop for bucket 274:
Getting block 275 of 528
  Reserving size (3362478) for bucket 275
  Calculating Z arrays for bucket 275
  Entering block accumulator loop for bucket 275:
  bucket 228: 50%
  bucket 259: 10%
  bucket 229: 50%
  bucket 232: 50%
  bucket 255: 20%
  bucket 211: 100%
  Sorting block of length 3029542 for bucket 211
  (Using difference cover)
  bucket 224: 60%
  Sorting block time: 00:00:08
Returning block of 3240859 for bucket 207
  bucket 238: 40%
Getting block 276 of 528
  Reserving size (3362478) for bucket 276
  Calculating Z arrays for bucket 276
  Entering block accumulator loop for bucket 276:
  bucket 239: 40%
  bucket 257: 20%
  bucket 256: 20%
  bucket 192: 100%
  Sorting block of length 2834069 for bucket 192
  (Using difference cover)
  bucket 221: 70%
  bucket 244: 30%
  bucket 220: 70%
  bucket 254: 20%
  bucket 230: 50%
  bucket 242: 30%
  bucket 223: 60%
  bucket 253: 30%
  bucket 246: 30%
  bucket 208: 100%
  Sorting block of length 3242750 for bucket 208
  (Using difference cover)
  bucket 248: 30%
  bucket 217: 70%
  bucket 212: 100%
  Sorting block of length 958605 for bucket 212
  (Using difference cover)
  bucket 236: 50%
  bucket 226: 70%
  bucket 216: 80%
  bucket 201: 100%
  Sorting block of length 1816350 for bucket 201
  (Using difference cover)
  bucket 218: 70%
  bucket 198: 100%
  Sorting block of length 2107188 for bucket 198
  (Using difference cover)
  bucket 215: 90%
  bucket 247: 40%
  bucket 227: 60%
  bucket 258: 20%
  bucket 265: 10%
  bucket 234: 50%
  bucket 240: 40%
  Sorting block time: 00:00:02
Returning block of 958606 for bucket 212
Getting block 277 of 528
  Reserving size (3362478) for bucket 277
  Calculating Z arrays for bucket 277
  Entering block accumulator loop for bucket 277:
  bucket 243: 40%
  bucket 260: 10%
  bucket 262: 10%
  bucket 261: 10%
  bucket 205: 100%
  Sorting block of length 3040057 for bucket 205
  (Using difference cover)
  bucket 225: 70%
  Sorting block time: 00:00:09
Returning block of 3029543 for bucket 211
  bucket 271: 10%
Getting block 278 of 528
  Reserving size (3362478) for bucket 278
  Calculating Z arrays for bucket 278
  Entering block accumulator loop for bucket 278:
  bucket 219: 70%
  bucket 263: 10%
  bucket 245: 50%
  bucket 233: 60%
  bucket 250: 30%
  Sorting block time: 00:00:07
Returning block of 2834070 for bucket 192
  bucket 235: 60%
  bucket 241: 40%
Getting block 279 of 528
  Reserving size (3362478) for bucket 279
  Calculating Z arrays for bucket 279
  Entering block accumulator loop for bucket 279:
  bucket 210: 100%
  Sorting block of length 2618620 for bucket 210
  (Using difference cover)
  bucket 252: 40%
  Sorting block time: 00:00:04
Returning block of 1816351 for bucket 201
Getting block 280 of 528
  Reserving size (3362478) for bucket 280
  Calculating Z arrays for bucket 280
  Entering block accumulator loop for bucket 280:
  bucket 222: 70%
  bucket 264: 10%
  bucket 249: 50%
  Sorting block time: 00:00:05
Returning block of 2107189 for bucket 198
Getting block 281 of 528
  Reserving size (3362478) for bucket 281
  Calculating Z arrays for bucket 281
  Entering block accumulator loop for bucket 281:
  bucket 272: 10%
  bucket 253: 40%
  bucket 237: 50%
  bucket 251: 30%
  Sorting block time: 00:00:10
Returning block of 3242751 for bucket 208
Getting block 282 of 528
  Reserving size (3362478) for bucket 282
  Calculating Z arrays for bucket 282
  Entering block accumulator loop for bucket 282:
  bucket 255: 30%
  bucket 267: 10%
  bucket 228: 60%
  bucket 232: 60%
  Sorting block time: 00:00:08
Returning block of 2618621 for bucket 210
  bucket 268: 10%
Getting block 283 of 528
  Reserving size (3362478) for bucket 283
  Calculating Z arrays for bucket 283
  Entering block accumulator loop for bucket 283:
  Sorting block time: 00:00:10
Returning block of 3040058 for bucket 205
  bucket 270: 10%
Getting block 284 of 528
  Reserving size (3362478) for bucket 284
  Calculating Z arrays for bucket 284
  Entering block accumulator loop for bucket 284:
  bucket 256: 30%
  bucket 236: 60%
  bucket 257: 30%
  bucket 231: 60%
  bucket 269: 10%
  bucket 221: 80%
  bucket 239: 50%
  bucket 226: 80%
  bucket 265: 20%
  bucket 247: 50%
  bucket 266: 10%
  bucket 229: 60%
  bucket 224: 70%
  bucket 244: 40%
  bucket 273: 10%
  bucket 275: 10%
  bucket 238: 50%
  bucket 217: 80%
  bucket 274: 10%
  bucket 213: 100%
  Sorting block of length 3348747 for bucket 213
  (Using difference cover)
  bucket 259: 20%
  bucket 223: 70%
  bucket 248: 40%
  bucket 230: 60%
  bucket 242: 40%
  bucket 276: 10%
  bucket 254: 30%
  bucket 216: 90%
  bucket 271: 20%
  bucket 220: 80%
  bucket 227: 70%
  bucket 215: 100%
  Sorting block of length 3045704 for bucket 215
  (Using difference cover)
  bucket 234: 60%
  bucket 233: 70%
  bucket 249: 60%
  bucket 279: 10%
  bucket 246: 40%
  bucket 222: 80%
  bucket 218: 80%
  bucket 245: 60%
  bucket 240: 50%
  Sorting block time: 00:00:11
Returning block of 3348748 for bucket 213
  bucket 252: 50%
Getting block 285 of 528
  Reserving size (3362478) for bucket 285
  Calculating Z arrays for bucket 285
  Entering block accumulator loop for bucket 285:
  Sorting block time: 00:00:06
Returning block of 3045705 for bucket 215
Getting block 286 of 528
  Reserving size (3362478) for bucket 286
  Calculating Z arrays for bucket 286
  Entering block accumulator loop for bucket 286:
  bucket 265: 30%
  bucket 262: 20%
  bucket 253: 50%
  bucket 225: 80%
  bucket 258: 30%
  bucket 219: 80%
  bucket 221: 90%
  bucket 232: 70%
  bucket 235: 70%
  bucket 243: 50%
  bucket 237: 60%
  bucket 247: 60%
  bucket 256: 40%
  bucket 257: 40%
  bucket 272: 20%
  bucket 217: 90%
  bucket 236: 70%
  bucket 261: 20%
  bucket 226: 90%
  bucket 239: 60%
  bucket 277: 10%
  bucket 260: 20%
  bucket 228: 70%
  bucket 251: 40%
  bucket 263: 20%
  bucket 250: 40%
  bucket 283: 10%
  bucket 227: 80%
  bucket 255: 40%
  bucket 278: 10%
  bucket 241: 50%
  bucket 264: 20%
  bucket 281: 10%
  bucket 280: 10%
  bucket 267: 20%
  bucket 249: 70%
  bucket 268: 20%
  bucket 244: 50%
  bucket 229: 70%
  bucket 224: 80%
  bucket 271: 30%
  bucket 242: 50%
  bucket 270: 20%
  bucket 282: 10%
  bucket 222: 90%
  bucket 238: 60%
  bucket 269: 20%
  bucket 234: 70%
  bucket 233: 80%
  bucket 284: 10%
  bucket 231: 70%
  bucket 240: 60%
  bucket 248: 50%
  bucket 275: 20%
  bucket 245: 70%
  bucket 273: 20%
  bucket 230: 70%
  bucket 223: 80%
  bucket 266: 20%
  bucket 274: 20%
  bucket 259: 30%
  bucket 252: 60%
  bucket 254: 40%
  bucket 276: 20%
  bucket 216: 100%
  Sorting block of length 803106 for bucket 216
  (Using difference cover)
  bucket 235: 80%
  bucket 265: 40%
  bucket 220: 90%
  bucket 253: 60%
  bucket 258: 40%
  bucket 279: 20%
  bucket 217: 100%
  Sorting block of length 3156773 for bucket 217
  (Using difference cover)
  bucket 246: 50%
  bucket 286: 10%
  bucket 236: 80%
  bucket 262: 30%
  bucket 247: 70%
  bucket 228: 80%
  bucket 225: 90%
  bucket 218: 90%
  Sorting block time: 00:00:01
Returning block of 803107 for bucket 216
  bucket 221: 100%
  Sorting block of length 3134134 for bucket 221
  (Using difference cover)
Getting block 287 of 528
  Reserving size (3362478) for bucket 287
  Calculating Z arrays for bucket 287
  Entering block accumulator loop for bucket 287:
  bucket 219: 90%
  bucket 285: 10%
  bucket 257: 50%
  bucket 232: 80%
  bucket 249: 80%
  bucket 237: 70%
  bucket 256: 50%
  bucket 242: 60%
  bucket 272: 30%
  bucket 243: 60%
  bucket 227: 90%
  bucket 226: 100%
  Sorting block of length 1198862 for bucket 226
  (Using difference cover)
  bucket 239: 70%
  bucket 264: 30%
  bucket 261: 30%
  bucket 251: 50%
  bucket 277: 20%
  bucket 260: 30%
  bucket 269: 30%
  bucket 240: 70%
  bucket 263: 30%
  bucket 250: 50%
  bucket 241: 60%
  bucket 255: 50%
  bucket 278: 20%
  bucket 283: 20%
  bucket 245: 80%
  bucket 267: 30%
  bucket 238: 70%
  bucket 281: 20%
  bucket 268: 30%
  bucket 233: 90%
  bucket 280: 20%
  bucket 244: 60%
  Sorting block time: 00:00:02
Returning block of 1198863 for bucket 226
  bucket 270: 30%
Getting block 288 of 528
  Reserving size (3362478) for bucket 288
  Calculating Z arrays for bucket 288
  Entering block accumulator loop for bucket 288:
  bucket 271: 40%
  bucket 258: 50%
  bucket 223: 90%
  bucket 224: 90%
  bucket 222: 100%
  Sorting block of length 3085918 for bucket 222
  (Using difference cover)
  bucket 229: 80%
  bucket 284: 20%
  bucket 282: 20%
  bucket 234: 80%
  bucket 248: 60%
  bucket 275: 30%
  bucket 231: 80%
  bucket 257: 60%
  bucket 273: 30%
  Sorting block time: 00:00:06
Returning block of 3156774 for bucket 217
  bucket 230: 80%
  bucket 247: 80%
  bucket 274: 30%
  bucket 259: 40%
Getting block 289 of 528
  Reserving size (3362478) for bucket 289
  Calculating Z arrays for bucket 289
  Entering block accumulator loop for bucket 289:
  bucket 228: 90%
  bucket 252: 70%
  bucket 266: 30%
  Sorting block time: 00:00:07
Returning block of 3134135 for bucket 221
Getting block 290 of 528
  Reserving size (3362478) for bucket 290
  Calculating Z arrays for bucket 290
  Entering block accumulator loop for bucket 290:
  bucket 254: 50%
  bucket 253: 70%
  bucket 276: 30%
  bucket 279: 30%
  bucket 265: 50%
  bucket 220: 100%
  Sorting block of length 2627229 for bucket 220
  (Using difference cover)
  bucket 246: 60%
  bucket 235: 90%
  bucket 249: 90%
  bucket 262: 40%
  bucket 236: 90%
  bucket 286: 20%
  bucket 227: 100%
  Sorting block of length 2858277 for bucket 227
  (Using difference cover)
  bucket 219: 100%
  Sorting block of length 2820345 for bucket 219
  (Using difference cover)
  bucket 225: 100%
  Sorting block of length 2969368 for bucket 225
  (Using difference cover)
  bucket 232: 90%
  bucket 255: 60%
  bucket 287: 10%
  bucket 237: 80%
  bucket 218: 100%
  Sorting block of length 1407500 for bucket 218
  (Using difference cover)
  bucket 242: 70%
  bucket 256: 60%
  bucket 240: 80%
  bucket 285: 20%
  bucket 283: 30%
  bucket 272: 40%
  bucket 245: 90%
  bucket 243: 70%
  Sorting block time: 00:00:06
Returning block of 3085919 for bucket 222
  bucket 288: 10%
Getting block 291 of 528
  Reserving size (3362478) for bucket 291
  Calculating Z arrays for bucket 291
  Entering block accumulator loop for bucket 291:
  bucket 251: 60%
  bucket 264: 40%
  bucket 269: 40%
  bucket 257: 70%
  bucket 239: 80%
  bucket 261: 40%
  bucket 277: 30%
  bucket 260: 40%
  bucket 241: 70%
  bucket 247: 90%
  bucket 263: 40%
  bucket 233: 100%
  Sorting block of length 2898657 for bucket 233
  (Using difference cover)
  bucket 238: 80%
  bucket 250: 60%
  bucket 228: 100%
  Sorting block of length 645049 for bucket 228
  (Using difference cover)
  bucket 267: 40%
  bucket 278: 30%
  bucket 268: 40%
  bucket 253: 80%
  bucket 280: 30%
  bucket 270: 40%
  bucket 223: 100%
  Sorting block of length 1815683 for bucket 223
  (Using difference cover)
  bucket 281: 30%
  Sorting block time: 00:00:03
Returning block of 1407501 for bucket 218
  bucket 244: 70%
Getting block 292 of 528
  Reserving size (3362478) for bucket 292
  Calculating Z arrays for bucket 292
  Entering block accumulator loop for bucket 292:
  bucket 271: 50%
  Sorting block time: 00:00:01
Returning block of 645050 for bucket 228
Getting block 293 of 528
  Reserving size (3362478) for bucket 293
  Calculating Z arrays for bucket 293
  Entering block accumulator loop for bucket 293:
  bucket 258: 60%
  bucket 224: 100%
  Sorting block of length 2268799 for bucket 224
  (Using difference cover)
  bucket 229: 90%
  bucket 234: 90%
  Sorting block time: 00:00:06
Returning block of 2627230 for bucket 220
  bucket 252: 80%
  bucket 284: 30%
  Sorting block time: 00:00:05
Returning block of 2858278 for bucket 227
  bucket 259: 50%
  bucket 248: 70%
Getting block 294 of 528
  Reserving size (3362478) for bucket 294
  Calculating Z arrays for bucket 294
  Entering block accumulator loop for bucket 294:
  bucket 275: 40%
  bucket 282: 30%
Getting block 295 of 528
  Reserving size (3362478) for bucket 295
  Calculating Z arrays for bucket 295
  Entering block accumulator loop for bucket 295:
  bucket 255: 70%
  Sorting block time: 00:00:06
Returning block of 2820346 for bucket 219
  bucket 231: 90%
  bucket 273: 40%
  bucket 289: 10%
Getting block 296 of 528
  Reserving size (3362478) for bucket 296
  Calculating Z arrays for bucket 296
  Entering block accumulator loop for bucket 296:
  Sorting block time: 00:00:07
Returning block of 2969369 for bucket 225
  bucket 230: 90%
  bucket 274: 40%
Getting block 297 of 528
  Reserving size (3362478) for bucket 297
  Calculating Z arrays for bucket 297
  Entering block accumulator loop for bucket 297:
  Sorting block time: 00:00:04
Returning block of 1815684 for bucket 223
Getting block 298 of 528
  Reserving size (3362478) for bucket 298
  Calculating Z arrays for bucket 298
  Entering block accumulator loop for bucket 298:
  bucket 245: 100%
  Sorting block of length 3095737 for bucket 245
  (Using difference cover)
  bucket 279: 40%
  bucket 290: 10%
  Sorting block time: 00:00:06
Returning block of 2898658 for bucket 233
Getting block 299 of 528
  Reserving size (3362478) for bucket 299
  Calculating Z arrays for bucket 299
  Entering block accumulator loop for bucket 299:
  Sorting block time: 00:00:05
Returning block of 2268800 for bucket 224
Getting block 300 of 528
  Reserving size (3362478) for bucket 300
  Calculating Z arrays for bucket 300
  Entering block accumulator loop for bucket 300:
  bucket 254: 60%
  bucket 257: 80%
  bucket 265: 60%
  bucket 262: 50%
  bucket 276: 40%
  bucket 235: 100%
  Sorting block of length 3208048 for bucket 235
  (Using difference cover)
  bucket 246: 70%
  bucket 249: 100%
  Sorting block of length 3018182 for bucket 249
  (Using difference cover)
  bucket 266: 40%
  bucket 240: 90%
  bucket 288: 20%
  Sorting block time: 00:00:07
Returning block of 3095738 for bucket 245
Getting block 301 of 528
  Reserving size (3362478) for bucket 301
  Calculating Z arrays for bucket 301
  Entering block accumulator loop for bucket 301:
  bucket 236: 100%
  Sorting block of length 2163841 for bucket 236
  (Using difference cover)
  bucket 237: 90%
  bucket 232: 100%
  Sorting block of length 3131785 for bucket 232
  (Using difference cover)
  bucket 256: 70%
  bucket 286: 30%
  bucket 272: 50%
  Sorting block time: 00:00:06
Returning block of 3018183 for bucket 249
  Sorting block time: 00:00:06
Returning block of 3208049 for bucket 235
Getting block 302 of 528
  Reserving size (3362478) for bucket 302
  Calculating Z arrays for bucket 302
  Entering block accumulator loop for bucket 302:
  bucket 247: 100%
  Sorting block of length 3117313 for bucket 247
  (Using difference cover)
Getting block 303 of 528
  Reserving size (3362478) for bucket 303
  Calculating Z arrays for bucket 303
  Entering block accumulator loop for bucket 303:
  bucket 283: 40%
  bucket 251: 70%
  bucket 291: 10%
  bucket 242: 80%
  Sorting block time: 00:00:06
Returning block of 2163842 for bucket 236
Getting block 304 of 528
  Reserving size (3362478) for bucket 304
  Calculating Z arrays for bucket 304
  Entering block accumulator loop for bucket 304:
  Sorting block time: 00:00:06
Returning block of 3131786 for bucket 232
Getting block 305 of 528
  Reserving size (3362478) for bucket 305
  Calculating Z arrays for bucket 305
  Entering block accumulator loop for bucket 305:
  bucket 287: 20%
  bucket 234: 100%
  Sorting block of length 2890429 for bucket 234
  (Using difference cover)
  bucket 239: 90%
  bucket 253: 90%
  bucket 285: 30%
  bucket 243: 80%
  bucket 238: 90%
  bucket 269: 50%
  bucket 241: 80%
  Sorting block time: 00:00:06
Returning block of 3117314 for bucket 247
  bucket 270: 50%
  bucket 264: 50%
Getting block 306 of 528
  Reserving size (3362478) for bucket 306
  Calculating Z arrays for bucket 306
  Entering block accumulator loop for bucket 306:
  bucket 257: 90%
  bucket 271: 60%
  bucket 293: 10%
  bucket 289: 20%
  bucket 295: 10%
  bucket 244: 80%
  bucket 261: 50%
  bucket 263: 50%
  bucket 277: 40%
  bucket 267: 50%
  bucket 268: 50%
  bucket 260: 50%
  bucket 252: 90%
  bucket 250: 70%
  bucket 278: 40%
  bucket 280: 40%
  bucket 229: 100%
  Sorting block of length 2925878 for bucket 229
  (Using difference cover)
  bucket 281: 40%
  bucket 248: 80%
  bucket 258: 70%
  bucket 292: 10%
  bucket 255: 80%
  bucket 275: 50%
  bucket 256: 80%
  bucket 296: 10%
  bucket 290: 20%
  bucket 284: 40%
  bucket 251: 80%
  bucket 279: 50%
  bucket 259: 60%
  bucket 297: 10%
  bucket 230: 100%
  Sorting block of length 2273989 for bucket 230
  (Using difference cover)
  bucket 246: 80%
  bucket 294: 10%
  bucket 298: 10%
  bucket 282: 40%
  bucket 273: 50%
  bucket 265: 70%
  bucket 303: 10%
  bucket 274: 50%
  bucket 262: 60%
  bucket 299: 10%
  bucket 231: 100%
  Sorting block of length 3044725 for bucket 231
  (Using difference cover)
  bucket 300: 10%
  Sorting block time: 00:00:05
Returning block of 2890430 for bucket 234
  bucket 241: 90%
  bucket 254: 70%
  bucket 288: 30%
  bucket 301: 10%
  bucket 240: 100%
  Sorting block of length 2101417 for bucket 240
  (Using difference cover)
Getting block 307 of 528
  Reserving size (3362478) for bucket 307
  Calculating Z arrays for bucket 307
  Entering block accumulator loop for bucket 307:
  bucket 276: 50%
  bucket 293: 20%
  bucket 272: 60%
  bucket 237: 100%
  Sorting block of length 1595576 for bucket 237
  (Using difference cover)
  bucket 295: 20%
  bucket 286: 40%
  bucket 266: 50%
  bucket 302: 10%
  bucket 283: 50%
  bucket 242: 90%
  bucket 257: 100%
  Sorting block of length 1430893 for bucket 257
  (Using difference cover)
  bucket 285: 40%
  bucket 291: 20%
  bucket 287: 30%
  bucket 304: 10%
  bucket 256: 90%
  bucket 306: 10%
  bucket 243: 90%
  bucket 253: 100%
  Sorting block of length 2644255 for bucket 253
  (Using difference cover)
  bucket 239: 100%
  Sorting block of length 3302082 for bucket 239
  (Using difference cover)
  bucket 305: 10%
  bucket 270: 60%
  bucket 269: 60%
  bucket 271: 70%
  Sorting block time: 00:00:07
Returning block of 2925879 for bucket 229
  Sorting block time: 00:00:05
Returning block of 2273990 for bucket 230
  bucket 238: 100%
  Sorting block of length 3033970 for bucket 238
  (Using difference cover)
Getting block 308 of 528
  Reserving size (3362478) for bucket 308
  Calculating Z arrays for bucket 308
  Entering block accumulator loop for bucket 308:
Getting block 309 of 528
  Reserving size (3362478) for bucket 309
  Calculating Z arrays for bucket 309
  Entering block accumulator loop for bucket 309:
  Sorting block time: 00:00:04
Returning block of 2101418 for bucket 240
  bucket 264: 60%
  bucket 244: 90%
Getting block 310 of 528
  Reserving size (3362478) for bucket 310
  Calculating Z arrays for bucket 310
  Entering block accumulator loop for bucket 310:
  bucket 297: 20%
  bucket 248: 90%
  Sorting block time: 00:00:03
Returning block of 1595577 for bucket 237
Getting block 311 of 528
  Reserving size (3362478) for bucket 311
  Calculating Z arrays for bucket 311
  Entering block accumulator loop for bucket 311:
  Sorting block time: 00:00:05
Returning block of 3044726 for bucket 231
  bucket 278: 50%
Getting block 312 of 528
  Reserving size (3362478) for bucket 312
  Calculating Z arrays for bucket 312
  Entering block accumulator loop for bucket 312:
  bucket 289: 30%
  Sorting block time: 00:00:04
Returning block of 1430894 for bucket 257
  bucket 268: 60%
  bucket 251: 90%
Getting block 313 of 528
  Reserving size (3362478) for bucket 313
  Calculating Z arrays for bucket 313
  Entering block accumulator loop for bucket 313:
  bucket 262: 70%
  bucket 299: 20%
  bucket 267: 60%
  bucket 275: 60%
  bucket 261: 60%
  bucket 263: 60%
  bucket 250: 80%
  bucket 277: 50%
  Sorting block time: 00:00:05
Returning block of 3033971 for bucket 238
Getting block 314 of 528
  Reserving size (3362478) for bucket 314
  Calculating Z arrays for bucket 314
  Entering block accumulator loop for bucket 314:
  bucket 252: 100%
  Sorting block of length 2399579 for bucket 252
  (Using difference cover)
  bucket 260: 60%
  bucket 241: 100%
  Sorting block of length 2490894 for bucket 241
  (Using difference cover)
  bucket 280: 50%
  bucket 258: 80%
  bucket 281: 50%
  Sorting block time: 00:00:10
Returning block of 2644256 for bucket 253
Getting block 315 of 528
  Reserving size (3362478) for bucket 315
  Calculating Z arrays for bucket 315
  Entering block accumulator loop for bucket 315:
  Sorting block time: 00:00:10
Returning block of 3302083 for bucket 239
  bucket 293: 30%
Getting block 316 of 528
  Reserving size (3362478) for bucket 316
  Calculating Z arrays for bucket 316
  Entering block accumulator loop for bucket 316:
  bucket 255: 90%
  bucket 292: 20%
  bucket 301: 20%
  bucket 296: 20%
  bucket 288: 40%
  bucket 303: 20%
  bucket 300: 20%
  Sorting block time: 00:00:06
Returning block of 2490895 for bucket 241
Getting block 317 of 528
  Reserving size (3362478) for bucket 317
  Calculating Z arrays for bucket 317
  Entering block accumulator loop for bucket 317:
  bucket 246: 90%
  bucket 284: 50%
  Sorting block time: 00:00:08
Returning block of 2399580 for bucket 252
Getting block 318 of 528
  Reserving size (3362478) for bucket 318
  Calculating Z arrays for bucket 318
  Entering block accumulator loop for bucket 318:
  bucket 273: 60%
  bucket 279: 60%
  bucket 290: 30%
  bucket 259: 70%
  bucket 285: 50%
  bucket 295: 30%
  bucket 274: 60%
  bucket 298: 20%
  bucket 254: 80%
  bucket 297: 30%
  bucket 282: 50%
  bucket 294: 20%
  bucket 307: 10%
  bucket 276: 60%
  bucket 265: 80%
  bucket 283: 60%
  bucket 286: 50%
  bucket 242: 100%
  Sorting block of length 1196959 for bucket 242
  (Using difference cover)
  bucket 248: 100%
  Sorting block of length 3152623 for bucket 248
  (Using difference cover)
  bucket 308: 10%
  bucket 309: 10%
  bucket 278: 60%
  bucket 251: 100%
  Sorting block of length 3233348 for bucket 251
  (Using difference cover)
  bucket 275: 70%
  bucket 266: 60%
  bucket 287: 40%
  bucket 272: 70%
  bucket 311: 10%
  bucket 262: 80%
  bucket 304: 20%
  bucket 299: 30%
  bucket 256: 100%
  Sorting block of length 3315398 for bucket 256
  (Using difference cover)
  bucket 269: 70%
  Sorting block time: 00:00:02
Returning block of 1196960 for bucket 242
  bucket 288: 50%
  bucket 291: 30%
  bucket 302: 20%
Getting block 319 of 528
  Reserving size (3362478) for bucket 319
  Calculating Z arrays for bucket 319
  Entering block accumulator loop for bucket 319:
  bucket 301: 30%
  bucket 303: 30%
  bucket 270: 70%
  bucket 268: 70%
  bucket 314: 10%
  bucket 264: 70%
  bucket 243: 100%
  Sorting block of length 3061085 for bucket 243
  (Using difference cover)
  bucket 244: 100%
  Sorting block of length 2060091 for bucket 244
  (Using difference cover)
  bucket 312: 10%
  bucket 271: 80%
  bucket 246: 100%
  Sorting block of length 1884988 for bucket 246
  (Using difference cover)
  bucket 267: 70%
  bucket 296: 30%
  bucket 306: 20%
  bucket 305: 20%
  bucket 263: 70%
  bucket 250: 90%
  bucket 261: 70%
  bucket 285: 60%
  bucket 258: 90%
  bucket 295: 40%
  bucket 310: 10%
  bucket 293: 40%
  bucket 289: 40%
  bucket 300: 30%
  bucket 277: 60%
  bucket 280: 60%
  bucket 260: 70%
  bucket 281: 60%
  bucket 313: 10%
  bucket 254: 90%
  bucket 255: 100%
  Sorting block of length 1628448 for bucket 255
  (Using difference cover)
  bucket 292: 30%
  Sorting block time: 00:00:06
Returning block of 3233349 for bucket 251
  bucket 273: 70%
  bucket 284: 60%
  bucket 316: 10%
Getting block 320 of 528
  Reserving size (3362478) for bucket 320
  Calculating Z arrays for bucket 320
  Entering block accumulator loop for bucket 320:
  bucket 315: 10%
  bucket 275: 80%
  bucket 297: 40%
  bucket 318: 10%
  Sorting block time: 00:00:06
Returning block of 3152624 for bucket 248
  bucket 274: 70%
  bucket 282: 60%
  bucket 317: 10%
  bucket 279: 70%
  bucket 262: 90%
  Sorting block time: 00:00:03
Returning block of 1884989 for bucket 246
  bucket 259: 80%
Getting block 321 of 528
  Reserving size (3362478) for bucket 321
  Calculating Z arrays for bucket 321
  Entering block accumulator loop for bucket 321:
Getting block 322 of 528
  Reserving size (3362478) for bucket 322
  Calculating Z arrays for bucket 322
  Entering block accumulator loop for bucket 322:
  bucket 290: 40%
  bucket 298: 30%
  Sorting block time: 00:00:04
Returning block of 2060092 for bucket 244
  bucket 291: 40%
  bucket 286: 60%
Getting block 323 of 528
  Reserving size (3362478) for bucket 323
  Calculating Z arrays for bucket 323
  Entering block accumulator loop for bucket 323:
  bucket 283: 70%
  bucket 294: 30%
  bucket 276: 70%
  bucket 307: 20%
  bucket 303: 40%
  bucket 265: 90%
  bucket 301: 40%
  bucket 308: 20%
  Sorting block time: 00:00:07
Returning block of 3315399 for bucket 256
  Sorting block time: 00:00:05
Returning block of 3061086 for bucket 243
Getting block 324 of 528
  Reserving size (3362478) for bucket 324
  Calculating Z arrays for bucket 324
  Entering block accumulator loop for bucket 324:
Getting block 325 of 528
  Reserving size (3362478) for bucket 325
  Calculating Z arrays for bucket 325
  Entering block accumulator loop for bucket 325:
  bucket 285: 70%
  Sorting block time: 00:00:03
Returning block of 1628449 for bucket 255
  bucket 295: 50%
  bucket 278: 70%
Getting block 326 of 528
  Reserving size (3362478) for bucket 326
  Calculating Z arrays for bucket 326
  Entering block accumulator loop for bucket 326:
  bucket 309: 20%
  bucket 287: 50%
  bucket 288: 60%
  bucket 272: 80%
  bucket 299: 40%
  bucket 269: 80%
  bucket 311: 20%
  bucket 266: 70%
  bucket 254: 100%
  Sorting block of length 3351969 for bucket 254
  (Using difference cover)
  bucket 304: 30%
  bucket 302: 30%
  bucket 268: 80%
  bucket 270: 80%
  bucket 271: 90%
  bucket 314: 20%
  bucket 319: 10%
  bucket 264: 80%
  bucket 275: 90%
  bucket 267: 80%
  bucket 262: 100%
  Sorting block of length 3206131 for bucket 262
  (Using difference cover)
  bucket 281: 70%
  Sorting block time: 00:00:06
Returning block of 3351970 for bucket 254
  bucket 263: 80%
  bucket 300: 40%
Getting block 327 of 528
  Reserving size (3362478) for bucket 327
  Calculating Z arrays for bucket 327
  Entering block accumulator loop for bucket 327:
  bucket 250: 100%
  Sorting block of length 2902529 for bucket 250
  (Using difference cover)
  bucket 261: 80%
  bucket 258: 100%
  Sorting block of length 2962417 for bucket 258
  (Using difference cover)
  bucket 296: 40%
  bucket 312: 20%
  bucket 320: 10%
  bucket 310: 20%
  bucket 293: 50%
  bucket 306: 30%
  bucket 305: 30%
  bucket 284: 70%
  bucket 289: 50%
  bucket 297: 50%
  bucket 290: 50%
  bucket 280: 70%
  bucket 303: 50%
  bucket 277: 70%
  bucket 260: 80%
  bucket 273: 80%
  bucket 291: 50%
  bucket 318: 20%
  bucket 292: 40%
  bucket 313: 20%
  bucket 322: 10%
  bucket 274: 80%
  bucket 288: 70%
  bucket 286: 70%
  bucket 323: 10%
  bucket 282: 70%
  bucket 278: 80%
  bucket 276: 80%
  bucket 279: 80%
  bucket 308: 30%
  bucket 316: 20%
  bucket 259: 90%
  bucket 321: 10%
  bucket 301: 50%
  bucket 298: 40%
  bucket 317: 20%
  bucket 315: 20%
  Sorting block time: 00:00:06
Returning block of 3206132 for bucket 262
  bucket 275: 100%
  Sorting block of length 3093593 for bucket 275
  (Using difference cover)
  bucket 283: 80%
Getting block 328 of 528
  Reserving size (3362478) for bucket 328
  Calculating Z arrays for bucket 328
  Entering block accumulator loop for bucket 328:
  bucket 294: 40%
  bucket 281: 80%
  bucket 285: 80%
  bucket 309: 30%
  Sorting block time: 00:00:05
Returning block of 2902530 for bucket 250
  bucket 307: 30%
  bucket 265: 100%
  Sorting block of length 1904671 for bucket 265
  (Using difference cover)
  bucket 299: 50%
  bucket 324: 10%
  bucket 302: 40%
  bucket 295: 60%
  bucket 327: 10%
Getting block 329 of 528
  Reserving size (3362478) for bucket 329
  Calculating Z arrays for bucket 329
  Entering block accumulator loop for bucket 329:
  bucket 311: 30%
  bucket 269: 90%
  bucket 326: 10%
  Sorting block time: 00:00:05
Returning block of 2962418 for bucket 258
Getting block 330 of 528
  Reserving size (3362478) for bucket 330
  Calculating Z arrays for bucket 330
  Entering block accumulator loop for bucket 330:
  bucket 272: 90%
  bucket 287: 60%
  bucket 268: 90%
  bucket 270: 90%
  bucket 325: 10%
  Sorting block time: 00:00:04
Returning block of 3093594 for bucket 275
Getting block 331 of 528
  Reserving size (3362478) for bucket 331
  Calculating Z arrays for bucket 331
  Entering block accumulator loop for bucket 331:
  bucket 304: 40%
  bucket 314: 30%
  Sorting block time: 00:00:06
Returning block of 1904672 for bucket 265
  bucket 319: 20%
  bucket 290: 60%
Getting block 332 of 528
  Reserving size (3362478) for bucket 332
  Calculating Z arrays for bucket 332
  Entering block accumulator loop for bucket 332:
  bucket 271: 100%
  Sorting block of length 2283206 for bucket 271
  (Using difference cover)
  bucket 303: 60%
  bucket 266: 80%
  bucket 300: 50%
  bucket 267: 90%
  bucket 264: 90%
  bucket 278: 90%
  bucket 286: 80%
  bucket 263: 90%
  Sorting block time: 00:00:05
Returning block of 2283207 for bucket 271
  bucket 320: 20%
Getting block 333 of 528
  Reserving size (3362478) for bucket 333
  Calculating Z arrays for bucket 333
  Entering block accumulator loop for bucket 333:
  bucket 288: 80%
  bucket 261: 90%
  bucket 310: 30%
  bucket 293: 60%
  bucket 296: 50%
  bucket 323: 20%
  bucket 292: 50%
  bucket 318: 30%
  bucket 284: 80%
  bucket 312: 30%
  bucket 322: 20%
  bucket 306: 40%
  bucket 273: 90%
  bucket 280: 80%
  bucket 305: 40%
  bucket 289: 60%
  bucket 301: 60%
  bucket 297: 60%
  bucket 308: 40%
  bucket 277: 80%
  bucket 276: 90%
  bucket 274: 90%
  bucket 260: 90%
  bucket 331: 10%
  bucket 321: 20%
  bucket 291: 60%
  bucket 307: 40%
  bucket 282: 80%
  bucket 328: 10%
  bucket 299: 60%
  bucket 313: 30%
  bucket 303: 70%
  bucket 279: 90%
  bucket 309: 40%
  bucket 302: 50%
  bucket 290: 70%
  bucket 311: 40%
  bucket 259: 100%
  Sorting block of length 1202649 for bucket 259
  (Using difference cover)
  bucket 281: 90%
  bucket 327: 20%
  bucket 298: 50%
  bucket 283: 90%
  bucket 316: 30%
  bucket 326: 20%
  bucket 317: 30%
  bucket 272: 100%
  Sorting block of length 1127003 for bucket 272
  (Using difference cover)
  bucket 269: 100%
  Sorting block of length 3103329 for bucket 269
  (Using difference cover)
  bucket 294: 50%
  bucket 285: 90%
  bucket 315: 30%
  bucket 268: 100%
  Sorting block of length 925167 for bucket 268
  (Using difference cover)
  bucket 332: 10%
  bucket 270: 100%
  Sorting block of length 1765137 for bucket 270
  (Using difference cover)
  bucket 324: 20%
  bucket 329: 10%
  bucket 310: 40%
  bucket 314: 40%
  bucket 295: 70%
  bucket 278: 100%
  Sorting block of length 3351549 for bucket 278
  (Using difference cover)
  bucket 330: 10%
  bucket 304: 50%
  bucket 300: 60%
  bucket 287: 70%
  bucket 286: 90%
  Sorting block time: 00:00:02
Returning block of 1202650 for bucket 259
  bucket 288: 90%
  Sorting block time: 00:00:01
Returning block of 925168 for bucket 268
  bucket 267: 100%
  Sorting block of length 3192324 for bucket 267
  (Using difference cover)
Getting block 334 of 528
  Reserving size (3362478) for bucket 334
  Calculating Z arrays for bucket 334
  Entering block accumulator loop for bucket 334:
Getting block 335 of 528
  Reserving size (3362478) for bucket 335
  Calculating Z arrays for bucket 335
  Entering block accumulator loop for bucket 335:
  Sorting block time: 00:00:02
Returning block of 1127004 for bucket 272
Getting block 336 of 528
  Reserving size (3362478) for bucket 336
  Calculating Z arrays for bucket 336
  Entering block accumulator loop for bucket 336:
  bucket 319: 30%
  bucket 264: 100%
  Sorting block of length 3277379 for bucket 264
  (Using difference cover)
  bucket 266: 90%
  bucket 325: 20%
  bucket 292: 60%
  bucket 263: 100%
  Sorting block of length 898759 for bucket 263
  (Using difference cover)
  bucket 320: 30%
  Sorting block time: 00:00:03
Returning block of 1765138 for bucket 270
  bucket 261: 100%
  Sorting block of length 3272467 for bucket 261
  (Using difference cover)
Getting block 337 of 528
  Reserving size (3362478) for bucket 337
  Calculating Z arrays for bucket 337
  Entering block accumulator loop for bucket 337:
  bucket 321: 30%
  bucket 331: 20%
  bucket 318: 40%
  bucket 333: 10%
  bucket 293: 70%
  bucket 306: 50%
  bucket 296: 60%
  bucket 284: 90%
  bucket 273: 100%
  Sorting block of length 2317836 for bucket 273
  (Using difference cover)
  bucket 290: 80%
  bucket 277: 90%
  bucket 291: 70%
  Sorting block time: 00:00:02
Returning block of 898760 for bucket 263
  bucket 274: 100%
  Sorting block of length 3286916 for bucket 274
  (Using difference cover)
  bucket 323: 30%
  bucket 280: 90%
Getting block 338 of 528
  Reserving size (3362478) for bucket 338
  Calculating Z arrays for bucket 338
  Entering block accumulator loop for bucket 338:
  Sorting block time: 00:00:06
Returning block of 3103330 for bucket 269
  bucket 260: 100%
  Sorting block of length 2588311 for bucket 260
  (Using difference cover)
  bucket 322: 30%
  bucket 312: 40%
  bucket 289: 70%
Getting block 339 of 528
  Reserving size (3362478) for bucket 339
  Calculating Z arrays for bucket 339
  Entering block accumulator loop for bucket 339:
  bucket 276: 100%
  Sorting block of length 2709774 for bucket 276
  (Using difference cover)
  bucket 297: 70%
  bucket 305: 50%
  bucket 307: 50%
  bucket 308: 50%
  bucket 326: 30%
  bucket 303: 80%
  bucket 301: 70%
  Sorting block time: 00:00:05
Returning block of 3192325 for bucket 267
  bucket 310: 50%
  bucket 282: 90%
Getting block 340 of 528
  Reserving size (3362478) for bucket 340
  Calculating Z arrays for bucket 340
  Entering block accumulator loop for bucket 340:
  Sorting block time: 00:00:06
Returning block of 3351550 for bucket 278
  bucket 299: 70%
  bucket 279: 100%
  Sorting block of length 2919473 for bucket 279
  (Using difference cover)
Getting block 341 of 528
  Reserving size (3362478) for bucket 341
  Calculating Z arrays for bucket 341
  Entering block accumulator loop for bucket 341:
  bucket 302: 60%
  bucket 281: 100%
  Sorting block of length 3098691 for bucket 281
  (Using difference cover)
  bucket 327: 30%
  bucket 309: 50%
  bucket 328: 20%
  bucket 313: 40%
  bucket 288: 100%
  Sorting block of length 2702267 for bucket 288
  (Using difference cover)
  bucket 298: 60%
  bucket 311: 50%
  bucket 283: 100%
  Sorting block of length 2782314 for bucket 283
  (Using difference cover)
  bucket 294: 60%
  bucket 324: 30%
  bucket 285: 100%
  Sorting block of length 3340228 for bucket 285
  (Using difference cover)
  Sorting block time: 00:00:06
Returning block of 3277380 for bucket 264
  bucket 316: 40%
  bucket 317: 40%
  Sorting block time: 00:00:04
Returning block of 2317837 for bucket 273
  bucket 329: 20%
  bucket 304: 60%
  bucket 321: 40%
Getting block 342 of 528
  Reserving size (3362478) for bucket 342
  Calculating Z arrays for bucket 342
  Entering block accumulator loop for bucket 342:
Getting block 343 of 528
  Reserving size (3362478) for bucket 343
  Calculating Z arrays for bucket 343
  Entering block accumulator loop for bucket 343:
  bucket 332: 20%
  bucket 315: 40%
  bucket 295: 80%
  Sorting block time: 00:00:06
Returning block of 3272468 for bucket 261
  bucket 290: 90%
  bucket 300: 70%
  bucket 318: 50%
  bucket 287: 80%
  bucket 314: 50%
  bucket 330: 20%
  bucket 306: 60%
Getting block 344 of 528
  Reserving size (3362478) for bucket 344
  Calculating Z arrays for bucket 344
  Entering block accumulator loop for bucket 344:
  Sorting block time: 00:00:05
Returning block of 2588312 for bucket 260
  bucket 286: 100%
  Sorting block of length 3174758 for bucket 286
  (Using difference cover)
  Sorting block time: 00:00:05
Returning block of 2709775 for bucket 276
  Sorting block time: 00:00:05
Returning block of 3286917 for bucket 274
Getting block 345 of 528
  Reserving size (3362478) for bucket 345
  Calculating Z arrays for bucket 345
  Entering block accumulator loop for bucket 345:
  bucket 292: 70%
  bucket 334: 10%
Getting block 346 of 528
  Reserving size (3362478) for bucket 346
  Calculating Z arrays for bucket 346
  Entering block accumulator loop for bucket 346:
  bucket 331: 30%
  bucket 277: 100%
  Sorting block of length 2845723 for bucket 277
  (Using difference cover)
Getting block 347 of 528
  Reserving size (3362478) for bucket 347
  Calculating Z arrays for bucket 347
  Entering block accumulator loop for bucket 347:
  bucket 291: 80%
  bucket 319: 40%
  bucket 335: 10%
  Sorting block time: 00:00:06
Returning block of 2702268 for bucket 288
  Sorting block time: 00:00:06
Returning block of 2919474 for bucket 279
Getting block 348 of 528
  Reserving size (3362478) for bucket 348
  Calculating Z arrays for bucket 348
  Entering block accumulator loop for bucket 348:
Getting block 349 of 528
  Reserving size (3362478) for bucket 349
  Calculating Z arrays for bucket 349
  Entering block accumulator loop for bucket 349:
  Sorting block time: 00:00:06
Returning block of 2782315 for bucket 283
  bucket 266: 100%
  Sorting block of length 1666873 for bucket 266
  (Using difference cover)
  bucket 320: 40%
  bucket 336: 10%
  Sorting block time: 00:00:07
Returning block of 3098692 for bucket 281
  bucket 297: 80%
Getting block 350 of 528
  Reserving size (3362478) for bucket 350
  Calculating Z arrays for bucket 350
  Entering block accumulator loop for bucket 350:
  bucket 325: 30%
Getting block 351 of 528
  Reserving size (3362478) for bucket 351
  Calculating Z arrays for bucket 351
  Entering block accumulator loop for bucket 351:
  Sorting block time: 00:00:07
Returning block of 3340229 for bucket 285
Getting block 352 of 528
  Reserving size (3362478) for bucket 352
  Calculating Z arrays for bucket 352
  Entering block accumulator loop for bucket 352:
  Sorting block time: 00:00:05
Returning block of 3174759 for bucket 286
Getting block 353 of 528
  Reserving size (3362478) for bucket 353
  Calculating Z arrays for bucket 353
  Entering block accumulator loop for bucket 353:
  Sorting block time: 00:00:03
Returning block of 1666874 for bucket 266
  Sorting block time: 00:00:07
Returning block of 2845724 for bucket 277
Getting block 354 of 528
  Reserving size (3362478) for bucket 354
  Calculating Z arrays for bucket 354
  Entering block accumulator loop for bucket 354:
  bucket 337: 10%
Getting block 355 of 528
  Reserving size (3362478) for bucket 355
  Calculating Z arrays for bucket 355
  Entering block accumulator loop for bucket 355:
  bucket 310: 60%
  bucket 280: 100%
  Sorting block of length 2296662 for bucket 280
  (Using difference cover)
  bucket 293: 80%
  bucket 326: 40%
  bucket 284: 100%
  Sorting block of length 1636752 for bucket 284
  (Using difference cover)
  bucket 338: 10%
  bucket 296: 70%
  bucket 322: 40%
  bucket 333: 20%
  bucket 308: 60%
  bucket 312: 50%
  bucket 303: 90%
  Sorting block time: 00:00:06
Returning block of 2296663 for bucket 280
  bucket 298: 70%
  Sorting block time: 00:00:04
Returning block of 1636753 for bucket 284
Getting block 356 of 528
  Reserving size (3362478) for bucket 356
  Calculating Z arrays for bucket 356
  Entering block accumulator loop for bucket 356:
Getting block 357 of 528
  Reserving size (3362478) for bucket 357
  Calculating Z arrays for bucket 357
  Entering block accumulator loop for bucket 357:
  bucket 323: 40%
  bucket 301: 80%
  bucket 339: 10%
  bucket 299: 80%
  bucket 289: 80%
  bucket 282: 100%
  Sorting block of length 2663658 for bucket 282
  (Using difference cover)
  bucket 311: 60%
  bucket 309: 60%
  bucket 328: 30%
  bucket 340: 10%
  bucket 306: 70%
  bucket 327: 40%
  bucket 305: 60%
  bucket 307: 60%
  bucket 321: 50%
  bucket 302: 70%
  Sorting block time: 00:00:07
Returning block of 2663659 for bucket 282
  bucket 300: 80%
Getting block 358 of 528
  Reserving size (3362478) for bucket 358
  Calculating Z arrays for bucket 358
  Entering block accumulator loop for bucket 358:
  bucket 314: 60%
  bucket 341: 10%
  bucket 297: 90%
  bucket 332: 30%
  bucket 331: 40%
  bucket 318: 60%
  bucket 345: 10%
  bucket 348: 10%
  bucket 324: 40%
  bucket 329: 30%
  bucket 294: 70%
  bucket 304: 70%
  bucket 343: 10%
  bucket 342: 10%
  bucket 290: 100%
  Sorting block of length 3327806 for bucket 290
  (Using difference cover)
  bucket 313: 50%
  bucket 353: 10%
  bucket 330: 30%
  bucket 344: 10%
  bucket 317: 50%
  bucket 298: 80%
  bucket 308: 70%
  bucket 334: 20%
  bucket 287: 90%
  bucket 322: 50%
  bucket 346: 10%
  bucket 347: 10%
  bucket 319: 50%
  bucket 316: 50%
  bucket 303: 100%
  Sorting block of length 2928075 for bucket 303
  (Using difference cover)
  bucket 355: 10%
  bucket 301: 90%
  bucket 295: 90%
  bucket 299: 90%
  Sorting block time: 00:00:10
Returning block of 3327807 for bucket 290
  bucket 315: 50%
  bucket 292: 80%
Getting block 359 of 528
  Reserving size (3362478) for bucket 359
  Calculating Z arrays for bucket 359
  Entering block accumulator loop for bucket 359:
  bucket 311: 70%
  bucket 310: 70%
  bucket 293: 90%
  Sorting block time: 00:00:04
Returning block of 2928076 for bucket 303
Getting block 360 of 528
  Reserving size (3362478) for bucket 360
  Calculating Z arrays for bucket 360
  Entering block accumulator loop for bucket 360:
  bucket 337: 20%
  bucket 354: 10%
  bucket 309: 70%
  bucket 306: 80%
  bucket 296: 80%
  bucket 328: 40%
  bucket 291: 90%
  bucket 338: 20%
  bucket 335: 20%
  bucket 325: 40%
  bucket 350: 10%
  bucket 349: 10%
  bucket 351: 10%
  bucket 300: 90%
  bucket 320: 50%
  bucket 327: 50%
  bucket 352: 10%
  bucket 336: 20%
  bucket 326: 50%
  bucket 339: 20%
  bucket 314: 70%
  bucket 333: 30%
  bucket 297: 100%
  Sorting block of length 1955979 for bucket 297
  (Using difference cover)
  bucket 340: 20%
  bucket 321: 60%
  bucket 308: 80%
  bucket 341: 20%
  bucket 312: 60%
  bucket 331: 50%
  bucket 323: 50%
  bucket 289: 90%
  bucket 356: 10%
  bucket 357: 10%
  bucket 332: 40%
  bucket 348: 20%
  bucket 302: 80%
  bucket 345: 20%
  bucket 334: 30%
  bucket 305: 70%
  bucket 355: 20%
  bucket 307: 70%
  bucket 311: 80%
  bucket 301: 100%
  Sorting block of length 2971634 for bucket 301
  (Using difference cover)
  bucket 329: 40%
  bucket 318: 70%
  bucket 315: 60%
  bucket 304: 80%
  bucket 324: 50%
  bucket 358: 10%
  bucket 353: 20%
  bucket 294: 80%
  bucket 298: 90%
  bucket 359: 10%
  bucket 343: 20%
  bucket 342: 20%
  bucket 287: 100%
  Sorting block of length 1148723 for bucket 287
  (Using difference cover)
  bucket 330: 40%
  bucket 322: 60%
  Sorting block time: 00:00:04
Returning block of 1955980 for bucket 297
  bucket 310: 80%
  bucket 306: 90%
  bucket 313: 60%
  bucket 344: 20%
Getting block 361 of 528
  Reserving size (3362478) for bucket 361
  Calculating Z arrays for bucket 361
  Entering block accumulator loop for bucket 361:
  bucket 317: 60%
  bucket 296: 90%
  bucket 299: 100%
  Sorting block of length 3278946 for bucket 299
  (Using difference cover)
  bucket 319: 60%
  bucket 347: 20%
  bucket 346: 20%
  bucket 291: 100%
  Sorting block of length 3295863 for bucket 291
  (Using difference cover)
  bucket 295: 100%
  Sorting block of length 3345028 for bucket 295
  (Using difference cover)
  bucket 316: 60%
  bucket 292: 90%
  bucket 293: 100%
  Sorting block of length 2741031 for bucket 293
  (Using difference cover)
  Sorting block time: 00:00:02
Returning block of 1148724 for bucket 287
Getting block 362 of 528
  Reserving size (3362478) for bucket 362
  Calculating Z arrays for bucket 362
  Entering block accumulator loop for bucket 362:
  bucket 309: 80%
  bucket 308: 90%
  Sorting block time: 00:00:05
Returning block of 2971635 for bucket 301
  bucket 360: 10%
Getting block 363 of 528
  Reserving size (3362478) for bucket 363
  Calculating Z arrays for bucket 363
  Entering block accumulator loop for bucket 363:
  bucket 337: 30%
  bucket 354: 20%
  bucket 320: 60%
  bucket 328: 50%
  bucket 300: 100%
  Sorting block of length 2622805 for bucket 300
  (Using difference cover)
  bucket 338: 30%
  bucket 335: 30%
  bucket 334: 40%
  bucket 326: 60%
  bucket 332: 50%
  bucket 325: 50%
  bucket 350: 20%
  bucket 351: 20%
  bucket 327: 60%
  bucket 311: 90%
  bucket 349: 20%
  Sorting block time: 00:00:05
Returning block of 2741032 for bucket 293
  bucket 341: 30%
  bucket 314: 80%
  bucket 352: 20%
  bucket 336: 30%
Getting block 364 of 528
  Reserving size (3362478) for bucket 364
  Calculating Z arrays for bucket 364
  Entering block accumulator loop for bucket 364:
  bucket 339: 30%
  Sorting block time: 00:00:06
Returning block of 3278947 for bucket 299
Getting block 365 of 528
  Reserving size (3362478) for bucket 365
  Calculating Z arrays for bucket 365
  Entering block accumulator loop for bucket 365:
  bucket 289: 100%
  Sorting block of length 2090958 for bucket 289
  (Using difference cover)
  bucket 321: 70%
  bucket 323: 60%
  bucket 348: 30%
  bucket 340: 30%
  bucket 333: 40%
  bucket 312: 70%
  bucket 302: 90%
  bucket 331: 60%
  bucket 306: 100%
  Sorting block of length 2252150 for bucket 306
  (Using difference cover)
  Sorting block time: 00:00:06
Returning block of 3295864 for bucket 291
  bucket 355: 30%
  bucket 356: 20%
Getting block 366 of 528
  Reserving size (3362478) for bucket 366
  Calculating Z arrays for bucket 366
  Entering block accumulator loop for bucket 366:
  bucket 357: 20%
  bucket 315: 70%
  bucket 345: 30%
  bucket 313: 70%
  bucket 359: 20%
  bucket 361: 10%
  bucket 310: 90%
  bucket 305: 80%
  bucket 307: 80%
  bucket 298: 100%
  Sorting block of length 3110104 for bucket 298
  (Using difference cover)
  Sorting block time: 00:00:08
Returning block of 3345029 for bucket 295
  bucket 304: 90%
  bucket 294: 90%
Getting block 367 of 528
  Reserving size (3362478) for bucket 367
  Calculating Z arrays for bucket 367
  Entering block accumulator loop for bucket 367:
  bucket 329: 50%
  Sorting block time: 00:00:04
Returning block of 2622806 for bucket 300
  bucket 318: 80%
  bucket 324: 60%
  bucket 353: 30%
Getting block 368 of 528
  Reserving size (3362478) for bucket 368
  Calculating Z arrays for bucket 368
  Entering block accumulator loop for bucket 368:
  bucket 358: 20%
  bucket 343: 30%
  bucket 342: 30%
  bucket 308: 100%
  Sorting block of length 1619522 for bucket 308
  (Using difference cover)
  bucket 322: 70%
  bucket 330: 50%
  Sorting block time: 00:00:03
Returning block of 2090959 for bucket 289
  bucket 334: 50%
  bucket 363: 10%
  bucket 296: 100%
  Sorting block of length 1444146 for bucket 296
  (Using difference cover)
Getting block 369 of 528
  Reserving size (3362478) for bucket 369
  Calculating Z arrays for bucket 369
  Entering block accumulator loop for bucket 369:
  bucket 326: 70%
  bucket 317: 70%
  Sorting block time: 00:00:04
Returning block of 2252151 for bucket 306
Getting block 370 of 528
  Reserving size (3362478) for bucket 370
  Calculating Z arrays for bucket 370
  Entering block accumulator loop for bucket 370:
  bucket 344: 30%
  bucket 292: 100%
  Sorting block of length 3158141 for bucket 292
  (Using difference cover)
  bucket 319: 70%
  bucket 309: 90%
  Sorting block time: 00:00:03
Returning block of 1619523 for bucket 308
Getting block 371 of 528
  Reserving size (3362478) for bucket 371
  Calculating Z arrays for bucket 371
  Entering block accumulator loop for bucket 371:
  Sorting block time: 00:00:06
Returning block of 3110105 for bucket 298
Getting block 372 of 528
  Reserving size (3362478) for bucket 372
  Calculating Z arrays for bucket 372
  Entering block accumulator loop for bucket 372:
  bucket 347: 30%
  bucket 346: 30%
  Sorting block time: 00:00:04
Returning block of 1444147 for bucket 296
Getting block 373 of 528
  Reserving size (3362478) for bucket 373
  Calculating Z arrays for bucket 373
  Entering block accumulator loop for bucket 373:
  bucket 362: 10%
  bucket 316: 70%
  bucket 341: 40%
  bucket 360: 20%
  bucket 337: 40%
  bucket 328: 60%
  bucket 320: 70%
  bucket 354: 30%
  bucket 311: 100%
  Sorting block of length 1843673 for bucket 311
  (Using difference cover)
  bucket 366: 10%
  bucket 314: 90%
  bucket 327: 70%
  bucket 338: 40%
  bucket 335: 40%
  bucket 313: 80%
  Sorting block time: 00:00:06
Returning block of 3158142 for bucket 292
  bucket 310: 100%
  Sorting block of length 2608061 for bucket 310
  (Using difference cover)
  bucket 332: 60%
  bucket 352: 30%
  bucket 367: 10%
  bucket 325: 60%
Getting block 374 of 528
  Reserving size (3362478) for bucket 374
  Calculating Z arrays for bucket 374
  Entering block accumulator loop for bucket 374:
  bucket 350: 30%
  bucket 351: 30%
  bucket 315: 80%
  bucket 364: 10%
  bucket 365: 10%
  bucket 349: 30%
  bucket 348: 40%
  bucket 323: 70%
  bucket 336: 40%
  Sorting block time: 00:00:04
Returning block of 1843674 for bucket 311
Getting block 375 of 528
  Reserving size (3362478) for bucket 375
  Calculating Z arrays for bucket 375
  Entering block accumulator loop for bucket 375:
  bucket 361: 20%
  bucket 339: 40%
  bucket 312: 80%
  bucket 321: 80%
  bucket 294: 100%
  Sorting block of length 1149987 for bucket 294
  (Using difference cover)
  bucket 363: 20%
  bucket 331: 70%
  bucket 340: 40%
  bucket 302: 100%
  Sorting block of length 2544165 for bucket 302
  (Using difference cover)
  bucket 333: 50%
  bucket 355: 40%
  Sorting block time: 00:00:05
Returning block of 2608062 for bucket 310
  bucket 356: 30%
  bucket 359: 30%
Getting block 376 of 528
  Reserving size (3362478) for bucket 376
  Calculating Z arrays for bucket 376
  Entering block accumulator loop for bucket 376:
  bucket 357: 30%
  bucket 305: 90%
  bucket 345: 40%
  bucket 304: 100%
  Sorting block of length 2697723 for bucket 304
  (Using difference cover)
  bucket 326: 80%
  bucket 307: 90%
  bucket 369: 10%
  bucket 368: 10%
  Sorting block time: 00:00:02
Returning block of 1149988 for bucket 294
  bucket 334: 60%
Getting block 377 of 528
  Reserving size (3362478) for bucket 377
  Calculating Z arrays for bucket 377
  Entering block accumulator loop for bucket 377:
  bucket 322: 80%
  bucket 329: 60%
  bucket 371: 10%
  bucket 353: 40%
  bucket 318: 90%
  bucket 343: 40%
  bucket 324: 70%
  bucket 342: 40%
  bucket 358: 30%
  Sorting block time: 00:00:05
Returning block of 2697724 for bucket 304
  bucket 370: 10%
  Sorting block time: 00:00:06
Returning block of 2544166 for bucket 302
Getting block 378 of 528
  Reserving size (3362478) for bucket 378
  Calculating Z arrays for bucket 378
  Entering block accumulator loop for bucket 378:
Getting block 379 of 528
  Reserving size (3362478) for bucket 379
  Calculating Z arrays for bucket 379
  Entering block accumulator loop for bucket 379:
  bucket 330: 60%
  bucket 309: 100%
  Sorting block of length 2114307 for bucket 309
  (Using difference cover)
  bucket 313: 90%
  bucket 367: 20%
  bucket 372: 10%
  bucket 317: 80%
  bucket 344: 40%
  bucket 319: 80%
  bucket 327: 80%
  bucket 341: 50%
  Sorting block time: 00:00:03
Returning block of 2114308 for bucket 309
Getting block 380 of 528
  Reserving size (3362478) for bucket 380
  Calculating Z arrays for bucket 380
  Entering block accumulator loop for bucket 380:
  bucket 316: 80%
  bucket 362: 20%
  bucket 347: 40%
  bucket 346: 40%
  bucket 361: 30%
  bucket 363: 30%
  bucket 320: 80%
  bucket 360: 30%
  bucket 373: 10%
  bucket 328: 70%
  bucket 337: 50%
  bucket 366: 20%
  bucket 315: 90%
  bucket 314: 100%
  Sorting block of length 2651397 for bucket 314
  (Using difference cover)
  bucket 332: 70%
  bucket 354: 40%
  bucket 365: 20%
  bucket 348: 50%
  bucket 369: 20%
  bucket 336: 50%
  bucket 338: 50%
  Sorting block time: 00:00:05
Returning block of 2651398 for bucket 314
  bucket 335: 50%
Getting block 381 of 528
  Reserving size (3362478) for bucket 381
  Calculating Z arrays for bucket 381
  Entering block accumulator loop for bucket 381:
  bucket 323: 80%
  bucket 375: 10%
  bucket 359: 40%
  bucket 364: 20%
  bucket 325: 70%
  bucket 374: 10%
  bucket 307: 100%
  Sorting block of length 2741318 for bucket 307
  (Using difference cover)
  bucket 333: 60%
  bucket 350: 40%
  bucket 351: 40%
  bucket 352: 40%
  bucket 367: 30%
  bucket 331: 80%
  bucket 349: 40%
  bucket 326: 90%
  bucket 305: 100%
  Sorting block of length 3233702 for bucket 305
  (Using difference cover)
  bucket 334: 70%
  bucket 321: 90%
  bucket 339: 50%
  bucket 376: 10%
  bucket 340: 50%
  bucket 371: 20%
  bucket 368: 20%
  bucket 312: 90%
  bucket 355: 50%
  bucket 318: 100%
  Sorting block of length 2809692 for bucket 318
  (Using difference cover)
  bucket 324: 80%
  bucket 356: 40%
  bucket 327: 90%
  bucket 322: 90%
  bucket 363: 40%
  bucket 379: 10%
  bucket 353: 50%
  bucket 357: 40%
  bucket 377: 10%
  bucket 345: 50%
  bucket 329: 70%
  bucket 313: 100%
  Sorting block of length 2993688 for bucket 313
  (Using difference cover)
  bucket 316: 90%
  bucket 370: 20%
  bucket 315: 100%
  Sorting block of length 2660384 for bucket 315
  (Using difference cover)
  bucket 369: 30%
  bucket 342: 50%
  bucket 343: 50%
  Sorting block time: 00:00:05
Returning block of 2741319 for bucket 307
  bucket 372: 20%
Getting block 382 of 528
  Reserving size (3362478) for bucket 382
  Calculating Z arrays for bucket 382
  Entering block accumulator loop for bucket 382:
  bucket 358: 40%
  bucket 330: 70%
  bucket 320: 90%
  bucket 378: 10%
  bucket 361: 40%
  bucket 341: 60%
  bucket 380: 10%
  bucket 336: 60%
  bucket 381: 10%
  bucket 319: 90%
  bucket 317: 90%
  bucket 367: 40%
  bucket 344: 50%
  bucket 337: 60%
  bucket 366: 30%
  bucket 362: 30%
  bucket 347: 50%
  bucket 360: 40%
  bucket 346: 50%
  bucket 334: 80%
  bucket 328: 80%
  bucket 373: 20%
  bucket 332: 80%
  Sorting block time: 00:00:06
Returning block of 3233703 for bucket 305
  bucket 365: 30%
Getting block 383 of 528
  Reserving size (3362478) for bucket 383
  Calculating Z arrays for bucket 383
  Entering block accumulator loop for bucket 383:
  Sorting block time: 00:00:05
Returning block of 2809693 for bucket 318
Getting block 384 of 528
  Reserving size (3362478) for bucket 384
  Calculating Z arrays for bucket 384
  Entering block accumulator loop for bucket 384:
  Sorting block time: 00:00:05
Returning block of 2660385 for bucket 315
  Sorting block time: 00:00:05
Returning block of 2993689 for bucket 313
Getting block 385 of 528
  Reserving size (3362478) for bucket 385
  Calculating Z arrays for bucket 385
  Entering block accumulator loop for bucket 385:
Getting block 386 of 528
  Reserving size (3362478) for bucket 386
  Calculating Z arrays for bucket 386
  Entering block accumulator loop for bucket 386:
  bucket 348: 60%
  bucket 338: 60%
  bucket 363: 50%
  bucket 375: 20%
  bucket 368: 30%
  bucket 354: 50%
  bucket 359: 50%
  bucket 376: 20%
  bucket 335: 60%
  bucket 323: 90%
  bucket 333: 70%
  bucket 364: 30%
  bucket 369: 40%
  bucket 345: 60%
  bucket 374: 20%
  bucket 325: 80%
  bucket 324: 90%
  bucket 379: 20%
  bucket 331: 90%
  bucket 351: 50%
  bucket 350: 50%
  bucket 371: 30%
  bucket 352: 50%
  bucket 349: 50%
  bucket 321: 100%
  Sorting block of length 2624919 for bucket 321
  (Using difference cover)
  bucket 326: 100%
  Sorting block of length 1731776 for bucket 326
  (Using difference cover)
  bucket 340: 60%
  bucket 339: 60%
  bucket 312: 100%
  Sorting block of length 2770444 for bucket 312
  (Using difference cover)
  bucket 327: 100%
  Sorting block of length 2709998 for bucket 327
  (Using difference cover)
  bucket 316: 100%
  Sorting block of length 3063755 for bucket 316
  (Using difference cover)
  bucket 355: 60%
  bucket 367: 50%
  bucket 320: 100%
  Sorting block of length 2522140 for bucket 320
  (Using difference cover)
  bucket 322: 100%
  Sorting block of length 2598893 for bucket 322
  (Using difference cover)
  bucket 382: 10%
  bucket 356: 50%
  bucket 381: 20%
  bucket 377: 20%
  bucket 353: 60%
  bucket 334: 90%
  bucket 329: 80%
  bucket 385: 10%
  bucket 370: 30%
  bucket 357: 50%
  bucket 386: 10%
  bucket 372: 30%
  bucket 361: 50%
  bucket 378: 20%
  bucket 342: 60%
  bucket 343: 60%
  bucket 366: 40%
  bucket 341: 70%
  bucket 337: 70%
  Sorting block time: 00:00:03
Returning block of 1731777 for bucket 326
  bucket 330: 80%
  bucket 380: 20%
Getting block 387 of 528
  Reserving size (3362478) for bucket 387
  Calculating Z arrays for bucket 387
  Entering block accumulator loop for bucket 387:
  bucket 363: 60%
  bucket 336: 70%
  bucket 358: 50%
  bucket 369: 50%
  bucket 319: 100%
  Sorting block of length 1895069 for bucket 319
  (Using difference cover)
  bucket 383: 10%
  bucket 362: 40%
  bucket 344: 60%
  bucket 317: 100%
  Sorting block of length 826148 for bucket 317
  (Using difference cover)
  bucket 332: 90%
  bucket 360: 50%
  bucket 345: 70%
  bucket 347: 60%
  bucket 328: 90%
  bucket 346: 60%
  bucket 365: 40%
  Sorting block time: 00:00:04
Returning block of 2770445 for bucket 312
  bucket 379: 30%
  Sorting block time: 00:00:06
Returning block of 2624920 for bucket 321
  bucket 384: 10%
Getting block 388 of 528
  Reserving size (3362478) for bucket 388
  Calculating Z arrays for bucket 388
  Entering block accumulator loop for bucket 388:
  bucket 373: 30%
  bucket 376: 30%
Getting block 389 of 528
  Reserving size (3362478) for bucket 389
  Calculating Z arrays for bucket 389
  Entering block accumulator loop for bucket 389:
  Sorting block time: 00:00:05
Returning block of 2709999 for bucket 327
  Sorting block time: 00:00:02
Returning block of 826149 for bucket 317
  Sorting block time: 00:00:06
Returning block of 2522141 for bucket 320
Getting block 390 of 528
  Reserving size (3362478) for bucket 390
  Calculating Z arrays for bucket 390
  Entering block accumulator loop for bucket 390:
Getting block 391 of 528
  Reserving size (3362478) for bucket 391
  Calculating Z arrays for bucket 391
  Entering block accumulator loop for bucket 391:
Getting block 392 of 528
  Reserving size (3362478) for bucket 392
  Calculating Z arrays for bucket 392
  Entering block accumulator loop for bucket 392:
  Sorting block time: 00:00:06
Returning block of 3063756 for bucket 316
  Sorting block time: 00:00:05
Returning block of 2598894 for bucket 322
Getting block 393 of 528
  Reserving size (3362478) for bucket 393
  Calculating Z arrays for bucket 393
  Entering block accumulator loop for bucket 393:
Getting block 394 of 528
  Reserving size (3362478) for bucket 394
  Calculating Z arrays for bucket 394
  Entering block accumulator loop for bucket 394:
  bucket 335: 70%
  bucket 368: 40%
  bucket 359: 60%
  Sorting block time: 00:00:05
Returning block of 1895070 for bucket 319
Getting block 395 of 528
  Reserving size (3362478) for bucket 395
  Calculating Z arrays for bucket 395
  Entering block accumulator loop for bucket 395:
  bucket 375: 30%
  bucket 333: 80%
  bucket 348: 70%
  bucket 338: 70%
  bucket 364: 40%
  bucket 323: 100%
  Sorting block of length 2641342 for bucket 323
  (Using difference cover)
  bucket 325: 90%
  bucket 324: 100%
  Sorting block of length 2934168 for bucket 324
  (Using difference cover)
  bucket 354: 60%
  bucket 371: 40%
  bucket 367: 60%
  bucket 381: 30%
  bucket 370: 40%
  bucket 331: 100%
  Sorting block of length 3344251 for bucket 331
  (Using difference cover)
  bucket 374: 30%
  bucket 339: 70%
  bucket 351: 60%
  Sorting block time: 00:00:06
Returning block of 2934169 for bucket 324
Getting block 396 of 528
  Reserving size (3362478) for bucket 396
  Calculating Z arrays for bucket 396
  Entering block accumulator loop for bucket 396:
  bucket 350: 60%
  bucket 382: 20%
  bucket 372: 40%
  bucket 386: 20%
  bucket 385: 20%
  bucket 349: 60%
  bucket 340: 70%
  bucket 383: 20%
  bucket 366: 50%
  bucket 353: 70%
  bucket 352: 60%
  Sorting block time: 00:00:10
Returning block of 2641343 for bucket 323
  bucket 363: 70%
Getting block 397 of 528
  Reserving size (3362478) for bucket 397
  Calculating Z arrays for bucket 397
  Entering block accumulator loop for bucket 397:
  Sorting block time: 00:00:07
Returning block of 3344252 for bucket 331
Getting block 398 of 528
  Reserving size (3362478) for bucket 398
  Calculating Z arrays for bucket 398
  Entering block accumulator loop for bucket 398:
  bucket 334: 100%
  Sorting block of length 1738196 for bucket 334
  (Using difference cover)
  bucket 336: 80%
  bucket 341: 80%
  bucket 332: 100%
  Sorting block of length 2712982 for bucket 332
  (Using difference cover)
  bucket 361: 60%
  bucket 369: 60%
  bucket 355: 70%
  bucket 384: 20%
  Sorting block time: 00:00:03
Returning block of 1738197 for bucket 334
  bucket 387: 10%
Getting block 399 of 528
  Reserving size (3362478) for bucket 399
  Calculating Z arrays for bucket 399
  Entering block accumulator loop for bucket 399:
  bucket 377: 30%
  bucket 356: 60%
  bucket 357: 60%
  bucket 329: 90%
  bucket 380: 30%
  bucket 378: 30%
  bucket 330: 90%
  bucket 342: 70%
  bucket 379: 40%
  bucket 343: 70%
  bucket 345: 80%
  bucket 358: 60%
  bucket 337: 80%
  bucket 393: 10%
  bucket 394: 10%
  bucket 367: 70%
  bucket 368: 50%
  Sorting block time: 00:00:05
Returning block of 2712983 for bucket 332
  bucket 365: 50%
  bucket 360: 60%
  bucket 395: 10%
Getting block 400 of 528
  Reserving size (3362478) for bucket 400
  Calculating Z arrays for bucket 400
  Entering block accumulator loop for bucket 400:
  bucket 335: 80%
  bucket 392: 10%
  bucket 362: 50%
  bucket 375: 40%
  bucket 328: 100%
  Sorting block of length 3287456 for bucket 328
  (Using difference cover)
  bucket 396: 10%
  bucket 344: 70%
  bucket 359: 70%
  bucket 390: 10%
  bucket 347: 70%
  bucket 391: 10%
  bucket 388: 10%
  bucket 346: 70%
  bucket 364: 50%
  bucket 370: 50%
  bucket 333: 90%
  bucket 373: 40%
  bucket 389: 10%
  bucket 376: 40%
  bucket 381: 40%
  bucket 348: 80%
  bucket 350: 70%
  bucket 371: 50%
  bucket 338: 80%
  bucket 399: 10%
  bucket 354: 70%
  bucket 382: 30%
  bucket 384: 30%
  bucket 386: 30%
  bucket 357: 70%
  bucket 366: 60%
  bucket 385: 30%
  bucket 372: 50%
  bucket 383: 30%
  bucket 325: 100%
  Sorting block of length 3261121 for bucket 325
  (Using difference cover)
  bucket 397: 10%
  bucket 374: 40%
  bucket 352: 70%
  bucket 363: 80%
  bucket 351: 70%
  bucket 339: 80%
  bucket 340: 80%
  bucket 398: 10%
  bucket 353: 80%
  bucket 349: 70%
  bucket 336: 90%
  bucket 361: 70%
  bucket 396: 20%
  bucket 369: 70%
  bucket 341: 90%
  bucket 375: 50%
  bucket 377: 40%
  bucket 355: 80%
  bucket 387: 20%
  Sorting block time: 00:00:06
Returning block of 3287457 for bucket 328
  bucket 364: 60%
  bucket 329: 100%
  Sorting block of length 2338130 for bucket 329
  (Using difference cover)
Getting block 401 of 528
  Reserving size (3362478) for bucket 401
  Calculating Z arrays for bucket 401
  Entering block accumulator loop for bucket 401:
  bucket 380: 40%
  bucket 370: 60%
  bucket 356: 70%
  bucket 378: 40%
  bucket 330: 100%
  Sorting block of length 3038772 for bucket 330
  (Using difference cover)
  bucket 342: 80%
  bucket 379: 50%
  bucket 367: 80%
  bucket 393: 20%
  bucket 394: 20%
  bucket 337: 90%
  bucket 343: 80%
  bucket 345: 90%
  bucket 368: 60%
  bucket 365: 60%
  bucket 395: 20%
  bucket 358: 70%
  bucket 399: 20%
  bucket 362: 60%
  bucket 400: 10%
  bucket 392: 20%
  bucket 335: 90%
  bucket 360: 70%
  bucket 384: 40%
  bucket 390: 20%
  bucket 357: 80%
  bucket 344: 80%
  bucket 333: 100%
  Sorting block of length 2873242 for bucket 333
  (Using difference cover)
  bucket 376: 50%
  bucket 391: 20%
  bucket 346: 80%
  bucket 359: 80%
  bucket 347: 80%
  bucket 388: 20%
  bucket 372: 60%
  bucket 373: 50%
  bucket 389: 20%
  Sorting block time: 00:00:07
Returning block of 3261122 for bucket 325
  bucket 396: 30%
  bucket 348: 90%
  bucket 381: 50%
Getting block 402 of 528
  Reserving size (3362478) for bucket 402
  Calculating Z arrays for bucket 402
  Entering block accumulator loop for bucket 402:
  bucket 350: 80%
  Sorting block time: 00:00:04
Returning block of 2338131 for bucket 329
  bucket 371: 60%
Getting block 403 of 528
  Reserving size (3362478) for bucket 403
  Calculating Z arrays for bucket 403
  Entering block accumulator loop for bucket 403:
  bucket 382: 40%
  bucket 397: 20%
  Sorting block time: 00:00:06
Returning block of 3038773 for bucket 330
  bucket 366: 70%
Getting block 404 of 528
  Reserving size (3362478) for bucket 404
  Calculating Z arrays for bucket 404
  Entering block accumulator loop for bucket 404:
  bucket 338: 90%
  Sorting block time: 00:00:05
Returning block of 2873243 for bucket 333
Getting block 405 of 528
  Reserving size (3362478) for bucket 405
  Calculating Z arrays for bucket 405
  Entering block accumulator loop for bucket 405:
  bucket 383: 40%
  bucket 386: 40%
  bucket 354: 80%
  bucket 385: 40%
  bucket 375: 60%
  bucket 363: 90%
  bucket 364: 70%
  bucket 352: 80%
  bucket 399: 30%
  bucket 398: 20%
  bucket 336: 100%
  Sorting block of length 2632124 for bucket 336
  (Using difference cover)
  bucket 370: 70%
  bucket 374: 50%
  bucket 369: 80%
  bucket 361: 80%
  bucket 340: 90%
  bucket 353: 90%
  bucket 351: 80%
  bucket 341: 100%
  Sorting block of length 2616791 for bucket 341
  (Using difference cover)
  bucket 379: 60%
  bucket 401: 10%
  bucket 349: 80%
  bucket 394: 30%
  bucket 339: 90%
  bucket 395: 30%
  Sorting block time: 00:00:06
Returning block of 2632125 for bucket 336
  bucket 384: 50%
  bucket 393: 30%
Getting block 406 of 528
  Reserving size (3362478) for bucket 406
  Calculating Z arrays for bucket 406
  Entering block accumulator loop for bucket 406:
  bucket 367: 90%
  bucket 380: 50%
  bucket 377: 50%
  bucket 400: 20%
  bucket 355: 90%
  bucket 387: 30%
  bucket 382: 50%
  bucket 372: 70%
  bucket 378: 50%
  bucket 365: 70%
  bucket 337: 100%
  Sorting block of length 3082079 for bucket 337
  (Using difference cover)
  bucket 368: 70%
  bucket 335: 100%
  Sorting block of length 2346876 for bucket 335
  (Using difference cover)
  bucket 357: 90%
  bucket 356: 80%
  bucket 342: 90%
  bucket 392: 30%
  bucket 343: 90%
  bucket 345: 100%
  Sorting block of length 3057276 for bucket 345
  (Using difference cover)
  Sorting block time: 00:00:07
Returning block of 2616792 for bucket 341
  bucket 360: 80%
  bucket 359: 90%
  bucket 399: 40%
  bucket 362: 70%
  bucket 396: 40%
Getting block 407 of 528
  Reserving size (3362478) for bucket 407
  Calculating Z arrays for bucket 407
  Entering block accumulator loop for bucket 407:
  bucket 390: 30%
  bucket 358: 80%
  bucket 397: 30%
  bucket 348: 100%
  Sorting block of length 2408315 for bucket 348
  (Using difference cover)
  bucket 391: 30%
  bucket 405: 10%
  bucket 388: 30%
  bucket 344: 90%
  bucket 376: 60%
  bucket 366: 80%
  bucket 346: 90%
  bucket 381: 60%
  bucket 347: 90%
  bucket 383: 50%
  bucket 371: 70%
  bucket 373: 60%
  bucket 395: 40%
  bucket 389: 30%
  bucket 386: 50%
  bucket 351: 90%
  bucket 385: 50%
  bucket 350: 90%
  bucket 353: 100%
  Sorting block of length 3088755 for bucket 353
  (Using difference cover)
  bucket 404: 10%
  bucket 402: 10%
  bucket 403: 10%
  bucket 375: 70%
  bucket 363: 100%
  Sorting block of length 2839880 for bucket 363
  (Using difference cover)
  bucket 379: 70%
  bucket 364: 80%
  bucket 338: 100%
  Sorting block of length 3100983 for bucket 338
  (Using difference cover)
  bucket 352: 90%
  bucket 382: 60%
  bucket 372: 80%
  bucket 354: 90%
  bucket 398: 30%
  bucket 369: 90%
  bucket 361: 90%
  Sorting block time: 00:00:05
Returning block of 2346877 for bucket 335
Getting block 408 of 528
  Reserving size (3362478) for bucket 408
  Calculating Z arrays for bucket 408
  Entering block accumulator loop for bucket 408:
  bucket 394: 40%
  bucket 370: 80%
  Sorting block time: 00:00:07
Returning block of 3082080 for bucket 337
  bucket 374: 60%
Getting block 409 of 528
  Reserving size (3362478) for bucket 409
  Calculating Z arrays for bucket 409
  Entering block accumulator loop for bucket 409:
  Sorting block time: 00:00:05
Returning block of 2408316 for bucket 348
Getting block 410 of 528
  Reserving size (3362478) for bucket 410
  Calculating Z arrays for bucket 410
  Entering block accumulator loop for bucket 410:
  bucket 401: 20%
  bucket 393: 40%
  bucket 349: 90%
  Sorting block time: 00:00:07
Returning block of 3057277 for bucket 345
  bucket 399: 50%
  bucket 406: 10%
Getting block 411 of 528
  Reserving size (3362478) for bucket 411
  Calculating Z arrays for bucket 411
  Entering block accumulator loop for bucket 411:
  bucket 367: 100%
  Sorting block of length 2026835 for bucket 367
  (Using difference cover)
  bucket 340: 100%
  Sorting block of length 1478412 for bucket 340
  (Using difference cover)
  bucket 384: 60%
  Sorting block time: 00:00:05
Returning block of 2839881 for bucket 363
  Sorting block time: 00:00:06
Returning block of 3088756 for bucket 353
Getting block 412 of 528
  Reserving size (3362478) for bucket 412
  Calculating Z arrays for bucket 412
  Entering block accumulator loop for bucket 412:
Getting block 413 of 528
  Reserving size (3362478) for bucket 413
  Calculating Z arrays for bucket 413
  Entering block accumulator loop for bucket 413:
  bucket 400: 30%
  bucket 339: 100%
  Sorting block of length 3236042 for bucket 339
  (Using difference cover)
  bucket 380: 60%
  bucket 397: 40%
  bucket 355: 100%
  Sorting block of length 2191392 for bucket 355
  (Using difference cover)
  bucket 377: 60%
  bucket 405: 20%
  bucket 365: 80%
  Sorting block time: 00:00:04
Returning block of 1478413 for bucket 340
  bucket 387: 40%
Getting block 414 of 528
  Reserving size (3362478) for bucket 414
  Calculating Z arrays for bucket 414
  Entering block accumulator loop for bucket 414:
  bucket 368: 80%
  bucket 378: 60%
  bucket 357: 100%
  Sorting block of length 3108707 for bucket 357
  (Using difference cover)
  Sorting block time: 00:00:08
Returning block of 3100984 for bucket 338
  bucket 392: 40%
  bucket 390: 40%
  bucket 342: 100%
  Sorting block of length 2578879 for bucket 342
  (Using difference cover)
  bucket 395: 50%
  bucket 351: 100%
  Sorting block of length 2798875 for bucket 351
  (Using difference cover)
Getting block 415 of 528
  Reserving size (3362478) for bucket 415
  Calculating Z arrays for bucket 415
  Entering block accumulator loop for bucket 415:
  Sorting block time: 00:00:05
Returning block of 2026836 for bucket 367
  bucket 388: 40%
  bucket 396: 50%
  bucket 386: 60%
Getting block 416 of 528
  Reserving size (3362478) for bucket 416
  Calculating Z arrays for bucket 416
  Entering block accumulator loop for bucket 416:
  bucket 343: 100%
  Sorting block of length 2890100 for bucket 343
  (Using difference cover)
  bucket 359: 100%
  Sorting block of length 2026743 for bucket 359
  (Using difference cover)
  bucket 356: 90%
  bucket 360: 90%
  bucket 362: 80%
  bucket 382: 70%
  bucket 391: 40%
  bucket 366: 90%
  bucket 407: 10%
  bucket 381: 70%
  bucket 383: 60%
  bucket 344: 100%
  Sorting block of length 2766887 for bucket 344
  (Using difference cover)
  bucket 376: 70%
  bucket 379: 80%
  bucket 371: 80%
  bucket 358: 90%
  bucket 399: 60%
  bucket 347: 100%
  Sorting block of length 2408698 for bucket 347
  (Using difference cover)
  bucket 385: 60%
  Sorting block time: 00:00:06
Returning block of 2191393 for bucket 355
  bucket 346: 100%
  Sorting block of length 3178060 for bucket 346
  (Using difference cover)
  bucket 373: 70%
  bucket 389: 40%
Getting block 417 of 528
  Reserving size (3362478) for bucket 417
  Calculating Z arrays for bucket 417
  Entering block accumulator loop for bucket 417:
  bucket 400: 40%
  bucket 404: 20%
  bucket 375: 80%
  bucket 401: 30%
  bucket 402: 20%
  bucket 372: 90%
  bucket 350: 100%
  Sorting block of length 2925044 for bucket 350
  (Using difference cover)
  bucket 403: 20%
  bucket 364: 90%
  bucket 352: 100%
  Sorting block of length 950336 for bucket 352
  (Using difference cover)
  Sorting block time: 00:00:08
Returning block of 3236043 for bucket 339
  bucket 361: 100%
  Sorting block of length 2028227 for bucket 361
  (Using difference cover)
Getting block 418 of 528
  Reserving size (3362478) for bucket 418
  Calculating Z arrays for bucket 418
  Entering block accumulator loop for bucket 418:
  bucket 394: 50%
  bucket 398: 40%
  Sorting block time: 00:00:07
Returning block of 2578880 for bucket 342
  bucket 405: 30%
  bucket 408: 10%
  bucket 370: 90%
  Sorting block time: 00:00:04
Returning block of 2026744 for bucket 359
  bucket 369: 100%
  Sorting block of length 2312503 for bucket 369
  (Using difference cover)
Getting block 419 of 528
  Reserving size (3362478) for bucket 419
  Calculating Z arrays for bucket 419
  Entering block accumulator loop for bucket 419:
Getting block 420 of 528
  Reserving size (3362478) for bucket 420
  Calculating Z arrays for bucket 420
  Entering block accumulator loop for bucket 420:
  Sorting block time: 00:00:07
Returning block of 2798876 for bucket 351
Getting block 421 of 528
  Reserving size (3362478) for bucket 421
  Calculating Z arrays for bucket 421
  Entering block accumulator loop for bucket 421:
  bucket 393: 50%
  Sorting block time: 00:00:08
Returning block of 3108708 for bucket 357
Getting block 422 of 528
  Reserving size (3362478) for bucket 422
  Calculating Z arrays for bucket 422
  Entering block accumulator loop for bucket 422:
  bucket 390: 50%
  bucket 413: 10%
  Sorting block time: 00:00:04
Returning block of 950337 for bucket 352
Getting block 423 of 528
  Reserving size (3362478) for bucket 423
  Calculating Z arrays for bucket 423
  Entering block accumulator loop for bucket 423:
  bucket 406: 20%
  Sorting block time: 00:00:03
Returning block of 2028228 for bucket 361
  bucket 354: 100%
  Sorting block of length 2714245 for bucket 354
  (Using difference cover)
Getting block 424 of 528
  Reserving size (3362478) for bucket 424
  Calculating Z arrays for bucket 424
  Entering block accumulator loop for bucket 424:
  Sorting block time: 00:00:07
Returning block of 2890101 for bucket 343
  Sorting block time: 00:00:04
Returning block of 2312504 for bucket 369
Getting block 425 of 528
  Reserving size (3362478) for bucket 425
  Calculating Z arrays for bucket 425
  Entering block accumulator loop for bucket 425:
Getting block 426 of 528
  Reserving size (3362478) for bucket 426
  Calculating Z arrays for bucket 426
  Entering block accumulator loop for bucket 426:
  Sorting block time: 00:00:05
Returning block of 2925045 for bucket 350
  Sorting block time: 00:00:06
Returning block of 2408699 for bucket 347
  Sorting block time: 00:00:07
Returning block of 2766888 for bucket 344
  bucket 384: 70%
Getting block 427 of 528
  Reserving size (3362478) for bucket 427
  Calculating Z arrays for bucket 427
  Entering block accumulator loop for bucket 427:
Getting block 428 of 528
  Reserving size (3362478) for bucket 428
  Calculating Z arrays for bucket 428
  Entering block accumulator loop for bucket 428:
  bucket 349: 100%
  Sorting block of length 1570312 for bucket 349
  (Using difference cover)
Getting block 429 of 528
  Reserving size (3362478) for bucket 429
  Calculating Z arrays for bucket 429
  Entering block accumulator loop for bucket 429:
  bucket 411: 10%
  bucket 386: 70%
  Sorting block time: 00:00:08
Returning block of 3178061 for bucket 346
  bucket 410: 10%
Getting block 430 of 528
  Reserving size (3362478) for bucket 430
  Calculating Z arrays for bucket 430
  Entering block accumulator loop for bucket 430:
  bucket 374: 70%
  Sorting block time: 00:00:03
Returning block of 1570313 for bucket 349
Getting block 431 of 528
  Reserving size (3362478) for bucket 431
  Calculating Z arrays for bucket 431
  Entering block accumulator loop for bucket 431:
  bucket 409: 10%
  bucket 377: 70%
  bucket 380: 70%
  bucket 379: 90%
  bucket 412: 10%
  Sorting block time: 00:00:08
Returning block of 2714246 for bucket 354
Getting block 432 of 528
  Reserving size (3362478) for bucket 432
  Calculating Z arrays for bucket 432
  Entering block accumulator loop for bucket 432:
  bucket 365: 90%
  bucket 396: 60%
  bucket 368: 90%
  bucket 397: 50%
  bucket 399: 70%
  bucket 395: 60%
  bucket 414: 10%
  bucket 416: 10%
  bucket 387: 50%
  bucket 388: 50%
  bucket 366: 100%
  Sorting block of length 2901445 for bucket 366
  (Using difference cover)
  bucket 392: 50%
  bucket 415: 10%
  bucket 378: 70%
  bucket 382: 80%
  bucket 383: 70%
  bucket 391: 50%
  bucket 400: 50%
  bucket 401: 40%
  bucket 360: 100%
  Sorting block of length 2169957 for bucket 360
  (Using difference cover)
  bucket 362: 90%
  bucket 385: 70%
  bucket 394: 60%
  bucket 358: 100%
  Sorting block of length 2843818 for bucket 358
  (Using difference cover)
  bucket 381: 80%
  bucket 371: 90%
  bucket 356: 100%
  Sorting block of length 2190251 for bucket 356
  (Using difference cover)
  bucket 421: 10%
  bucket 413: 20%
  bucket 376: 80%
  bucket 364: 100%
  Sorting block of length 1242902 for bucket 364
  (Using difference cover)
  bucket 407: 20%
  bucket 405: 40%
  bucket 373: 80%
  Sorting block time: 00:00:05
Returning block of 2901446 for bucket 366
  bucket 379: 100%
  Sorting block of length 2639755 for bucket 379
  (Using difference cover)
  Sorting block time: 00:00:03
Returning block of 2169958 for bucket 360
Getting block 433 of 528
  Reserving size (3362478) for bucket 433
  Calculating Z arrays for bucket 433
  Entering block accumulator loop for bucket 433:
Getting block 434 of 528
  Reserving size (3362478) for bucket 434
  Calculating Z arrays for bucket 434
  Entering block accumulator loop for bucket 434:
  bucket 372: 100%
  Sorting block of length 2681608 for bucket 372
  (Using difference cover)
  bucket 375: 90%
  bucket 393: 60%
  bucket 396: 70%
  Sorting block time: 00:00:03
Returning block of 1242903 for bucket 364
Getting block 435 of 528
  Reserving size (3362478) for bucket 435
  Calculating Z arrays for bucket 435
  Entering block accumulator loop for bucket 435:
  bucket 389: 50%
  bucket 370: 100%
  Sorting block of length 3249230 for bucket 370
  (Using difference cover)
  bucket 398: 50%
  bucket 404: 30%
  bucket 403: 30%
  bucket 406: 30%
  Sorting block time: 00:00:07
Returning block of 2190252 for bucket 356
  bucket 417: 10%
  Sorting block time: 00:00:05
Returning block of 2639756 for bucket 379
Getting block 436 of 528
  Reserving size (3362478) for bucket 436
  Calculating Z arrays for bucket 436
  Entering block accumulator loop for bucket 436:
Getting block 437 of 528
  Reserving size (3362478) for bucket 437
  Calculating Z arrays for bucket 437
  Entering block accumulator loop for bucket 437:
  Sorting block time: 00:00:08
Returning block of 2843819 for bucket 358
Getting block 438 of 528
  Reserving size (3362478) for bucket 438
  Calculating Z arrays for bucket 438
  Entering block accumulator loop for bucket 438:
  bucket 402: 30%
  bucket 384: 80%
  Sorting block time: 00:00:05
Returning block of 2681609 for bucket 372
Getting block 439 of 528
  Reserving size (3362478) for bucket 439
  Calculating Z arrays for bucket 439
  Entering block accumulator loop for bucket 439:
  bucket 420: 10%
  Sorting block time: 00:00:06
Returning block of 3249231 for bucket 370
  bucket 386: 80%
Getting block 440 of 528
  Reserving size (3362478) for bucket 440
  Calculating Z arrays for bucket 440
  Entering block accumulator loop for bucket 440:
  bucket 426: 10%
  bucket 408: 20%
  bucket 390: 60%
  bucket 424: 10%
  bucket 427: 10%
  bucket 410: 20%
  bucket 380: 80%
  bucket 418: 10%
  bucket 419: 10%
  bucket 377: 80%
  bucket 423: 10%
  bucket 365: 100%
  Sorting block of length 3110506 for bucket 365
  (Using difference cover)
  bucket 368: 100%
  Sorting block of length 2206378 for bucket 368
  (Using difference cover)
  bucket 412: 20%
  bucket 425: 10%
  bucket 428: 10%
  bucket 431: 10%
  bucket 429: 10%
  bucket 399: 80%
  bucket 422: 10%
  bucket 394: 70%
  bucket 388: 60%
  bucket 397: 60%
  bucket 430: 10%
  bucket 374: 80%
  Sorting block time: 00:00:05
Returning block of 3110507 for bucket 365
  Sorting block time: 00:00:03
Returning block of 2206379 for bucket 368
Getting block 441 of 528
  Reserving size (3362478) for bucket 441
  Calculating Z arrays for bucket 441
  Entering block accumulator loop for bucket 441:
Getting block 442 of 528
  Reserving size (3362478) for bucket 442
  Calculating Z arrays for bucket 442
  Entering block accumulator loop for bucket 442:
  bucket 413: 30%
  bucket 411: 20%
  bucket 409: 20%
  bucket 392: 60%
  bucket 401: 50%
  bucket 432: 10%
  bucket 416: 20%
  bucket 395: 70%
  bucket 387: 60%
  bucket 439: 10%
  bucket 414: 20%
  bucket 371: 100%
  Sorting block of length 1265985 for bucket 371
  (Using difference cover)
  bucket 383: 80%
  bucket 381: 90%
  bucket 378: 80%
  bucket 405: 50%
  bucket 415: 20%
  bucket 382: 90%
  bucket 434: 10%
  bucket 391: 60%
  bucket 437: 10%
  bucket 400: 60%
  bucket 438: 10%
  bucket 435: 10%
  bucket 362: 100%
  Sorting block of length 2726553 for bucket 362
  (Using difference cover)
  bucket 396: 80%
  bucket 375: 100%
  Sorting block of length 1580019 for bucket 375
  (Using difference cover)
  bucket 376: 90%
  bucket 385: 80%
  bucket 398: 60%
  bucket 402: 40%
  Sorting block time: 00:00:02
Returning block of 1265986 for bucket 371
  bucket 421: 20%
Getting block 443 of 528
  Reserving size (3362478) for bucket 443
  Calculating Z arrays for bucket 443
  Entering block accumulator loop for bucket 443:
  bucket 433: 10%
  bucket 440: 10%
  bucket 389: 60%
  bucket 423: 20%
  bucket 393: 70%
  bucket 373: 90%
  bucket 404: 40%
  bucket 403: 40%
  bucket 436: 10%
  bucket 407: 30%
  bucket 424: 20%
  bucket 413: 40%
  bucket 401: 60%
  bucket 406: 40%
  bucket 380: 90%
  bucket 417: 20%
  Sorting block time: 00:00:04
Returning block of 1580020 for bucket 375
  bucket 412: 30%
Getting block 444 of 528
  Reserving size (3362478) for bucket 444
  Calculating Z arrays for bucket 444
  Entering block accumulator loop for bucket 444:
  bucket 408: 30%
  bucket 390: 70%
  bucket 410: 30%
  bucket 384: 90%
  Sorting block time: 00:00:04
Returning block of 2726554 for bucket 362
  bucket 439: 20%
  bucket 386: 90%
  bucket 419: 20%
  bucket 427: 20%
  bucket 420: 20%
Getting block 445 of 528
  Reserving size (3362478) for bucket 445
  Calculating Z arrays for bucket 445
  Entering block accumulator loop for bucket 445:
  bucket 435: 20%
  bucket 426: 20%
  bucket 418: 20%
  bucket 437: 20%
  bucket 377: 90%
  bucket 397: 70%
  bucket 394: 80%
  bucket 399: 90%
  bucket 388: 70%
  bucket 441: 10%
  bucket 442: 10%
  bucket 425: 20%
  bucket 428: 20%
  bucket 396: 90%
  bucket 429: 20%
  bucket 382: 100%
  Sorting block of length 1995999 for bucket 382
  (Using difference cover)
  bucket 431: 20%
  bucket 374: 90%
  bucket 392: 70%
  bucket 383: 90%
  bucket 422: 20%
  bucket 430: 20%
  bucket 411: 30%
  bucket 416: 30%
  bucket 409: 30%
  bucket 395: 80%
  Sorting block time: 00:00:04
Returning block of 1996000 for bucket 382
Getting block 446 of 528
  Reserving size (3362478) for bucket 446
  Calculating Z arrays for bucket 446
  Entering block accumulator loop for bucket 446:
  bucket 433: 20%
  bucket 402: 50%
  bucket 432: 20%
  bucket 400: 70%
  bucket 376: 100%
  Sorting block of length 3044370 for bucket 376
  (Using difference cover)
  bucket 434: 20%
  bucket 381: 100%
  Sorting block of length 2835748 for bucket 381
  (Using difference cover)
  bucket 405: 60%
  bucket 387: 70%
  bucket 414: 30%
  bucket 378: 90%
  bucket 393: 80%
  bucket 440: 20%
  bucket 385: 90%
  bucket 438: 20%
  bucket 415: 30%
  bucket 391: 70%
  bucket 423: 30%
  bucket 398: 70%
  Sorting block time: 00:00:06
Returning block of 2835749 for bucket 381
Getting block 447 of 528
  Reserving size (3362478) for bucket 447
  Calculating Z arrays for bucket 447
  Entering block accumulator loop for bucket 447:
  Sorting block time: 00:00:09
Returning block of 3044371 for bucket 376
  bucket 443: 10%
Getting block 448 of 528
  Reserving size (3362478) for bucket 448
  Calculating Z arrays for bucket 448
  Entering block accumulator loop for bucket 448:
  bucket 401: 70%
  bucket 444: 10%
  bucket 396: 100%
  Sorting block of length 2205585 for bucket 396
  (Using difference cover)
  bucket 412: 40%
  bucket 406: 50%
  bucket 435: 30%
  bucket 421: 30%
  bucket 389: 70%
  bucket 436: 20%
  bucket 384: 100%
  Sorting block of length 3049533 for bucket 384
  (Using difference cover)
  bucket 413: 50%
  bucket 404: 50%
  bucket 373: 100%
  Sorting block of length 2670295 for bucket 373
  (Using difference cover)
  bucket 403: 50%
  bucket 437: 30%
  bucket 388: 80%
  bucket 426: 30%
  bucket 424: 30%
  bucket 439: 30%
  bucket 380: 100%
  Sorting block of length 3262541 for bucket 380
  (Using difference cover)
  bucket 395: 90%
  bucket 397: 80%
  bucket 386: 100%
  Sorting block of length 2397665 for bucket 386
  (Using difference cover)
  bucket 410: 40%
  bucket 394: 90%
  bucket 400: 80%
  bucket 420: 30%
  bucket 408: 40%
  bucket 419: 30%
  bucket 407: 40%
  bucket 390: 80%
  bucket 383: 100%
  Sorting block of length 1952878 for bucket 383
  (Using difference cover)
  bucket 417: 30%
  bucket 392: 80%
  bucket 441: 20%
  bucket 442: 20%
  bucket 393: 90%
  bucket 427: 30%
  bucket 445: 10%
  bucket 446: 10%
  bucket 431: 30%
  bucket 423: 40%
  bucket 433: 30%
  bucket 377: 100%
  Sorting block of length 1719238 for bucket 377
  (Using difference cover)
  bucket 399: 100%
  Sorting block of length 3117936 for bucket 399
  (Using difference cover)
  bucket 416: 40%
  Sorting block time: 00:00:04
Returning block of 2205586 for bucket 396
  bucket 418: 30%
  bucket 425: 30%
  bucket 428: 30%
Getting block 449 of 528
  Reserving size (3362478) for bucket 449
  Calculating Z arrays for bucket 449
  Entering block accumulator loop for bucket 449:
  bucket 401: 80%
  bucket 440: 30%
  bucket 422: 30%
  bucket 434: 30%
  bucket 374: 100%
  Sorting block of length 2138935 for bucket 374
  (Using difference cover)
  bucket 402: 60%
  bucket 429: 30%
  bucket 405: 70%
  bucket 411: 40%
  bucket 415: 40%
  bucket 430: 30%
  bucket 409: 40%
  bucket 385: 100%
  Sorting block of length 2422275 for bucket 385
  (Using difference cover)
  bucket 438: 30%
  bucket 435: 40%
  bucket 432: 30%
  bucket 378: 100%
  Sorting block of length 1861190 for bucket 378
  (Using difference cover)
  bucket 444: 20%
  Sorting block time: 00:00:04
Returning block of 2397666 for bucket 386
  bucket 387: 80%
  bucket 414: 40%
  bucket 391: 80%
  bucket 398: 80%
  Sorting block time: 00:00:05
Returning block of 2670296 for bucket 373
Getting block 450 of 528
  Reserving size (3362478) for bucket 450
  Calculating Z arrays for bucket 450
  Entering block accumulator loop for bucket 450:
  Sorting block time: 00:00:05
Returning block of 1952879 for bucket 383
  bucket 395: 100%
  Sorting block of length 2514300 for bucket 395
  (Using difference cover)
  bucket 388: 90%
Getting block 451 of 528
  Reserving size (3362478) for bucket 451
  Calculating Z arrays for bucket 451
  Entering block accumulator loop for bucket 451:
Getting block 452 of 528
  Reserving size (3362478) for bucket 452
  Calculating Z arrays for bucket 452
  Entering block accumulator loop for bucket 452:
  bucket 397: 90%
  bucket 447: 10%
  Sorting block time: 00:00:06
Returning block of 3049534 for bucket 384
Getting block 453 of 528
  Reserving size (3362478) for bucket 453
  Calculating Z arrays for bucket 453
  Entering block accumulator loop for bucket 453:
  Sorting block time: 00:00:04
Returning block of 1719239 for bucket 377
Getting block 454 of 528
  Reserving size (3362478) for bucket 454
  Calculating Z arrays for bucket 454
  Entering block accumulator loop for bucket 454:
  Sorting block time: 00:00:07
Returning block of 3262542 for bucket 380
  bucket 443: 20%
Getting block 455 of 528
  Reserving size (3362478) for bucket 455
  Calculating Z arrays for bucket 455
  Entering block accumulator loop for bucket 455:
  bucket 448: 10%
  bucket 412: 50%
  bucket 406: 60%
  bucket 436: 30%
  Sorting block time: 00:00:05
Returning block of 2138936 for bucket 374
Getting block 456 of 528
  Reserving size (3362478) for bucket 456
  Calculating Z arrays for bucket 456
  Entering block accumulator loop for bucket 456:
  Sorting block time: 00:00:06
Returning block of 3117937 for bucket 399
Getting block 457 of 528
  Reserving size (3362478) for bucket 457
  Calculating Z arrays for bucket 457
  Entering block accumulator loop for bucket 457:
  Sorting block time: 00:00:04
Returning block of 1861191 for bucket 378
Getting block 458 of 528
  Reserving size (3362478) for bucket 458
  Calculating Z arrays for bucket 458
  Entering block accumulator loop for bucket 458:
  Sorting block time: 00:00:05
Returning block of 2422276 for bucket 385
Getting block 459 of 528
  Reserving size (3362478) for bucket 459
  Calculating Z arrays for bucket 459
  Entering block accumulator loop for bucket 459:
  bucket 393: 100%
  Sorting block of length 366782 for bucket 393
  (Using difference cover)
  Sorting block time: 00:00:05
Returning block of 2514301 for bucket 395
Getting block 460 of 528
  Reserving size (3362478) for bucket 460
  Calculating Z arrays for bucket 460
  Entering block accumulator loop for bucket 460:
  Sorting block time: 00:00:01
Returning block of 366783 for bucket 393
Getting block 461 of 528
  Reserving size (3362478) for bucket 461
  Calculating Z arrays for bucket 461
  Entering block accumulator loop for bucket 461:
  bucket 437: 40%
  bucket 408: 50%
  bucket 389: 80%
  bucket 439: 40%
  bucket 392: 90%
  bucket 449: 10%
  bucket 440: 40%
  bucket 421: 40%
  bucket 403: 60%
  bucket 404: 60%
  bucket 420: 40%
  bucket 413: 60%
  bucket 442: 30%
  bucket 426: 40%
  bucket 419: 40%
  bucket 400: 90%
  bucket 441: 30%
  bucket 394: 100%
  Sorting block of length 3325834 for bucket 394
  (Using difference cover)
  bucket 424: 40%
  bucket 431: 40%
  bucket 435: 50%
  bucket 423: 50%
  bucket 415: 50%
  bucket 390: 90%
  bucket 445: 20%
  bucket 401: 90%
  bucket 410: 50%
  bucket 446: 20%
  bucket 433: 40%
  bucket 417: 40%
  bucket 418: 40%
  bucket 427: 40%
  bucket 407: 50%
  bucket 438: 40%
  bucket 402: 70%
  bucket 425: 40%
  bucket 428: 40%
  bucket 429: 40%
  bucket 416: 50%
  Sorting block time: 00:00:12
Returning block of 3325835 for bucket 394
  bucket 434: 40%
  bucket 422: 40%
  bucket 388: 100%
  Sorting block of length 1910822 for bucket 388
  (Using difference cover)
  bucket 409: 50%
Getting block 462 of 528
  Reserving size (3362478) for bucket 462
  Calculating Z arrays for bucket 462
  Entering block accumulator loop for bucket 462:
  bucket 405: 80%
  bucket 430: 40%
  bucket 411: 50%
  bucket 397: 100%
  Sorting block of length 2956963 for bucket 397
  (Using difference cover)
  bucket 432: 40%
  bucket 454: 10%
  bucket 448: 20%
  bucket 414: 50%
  bucket 436: 40%
  bucket 391: 90%
  bucket 444: 30%
  bucket 450: 10%
  bucket 451: 10%
  bucket 452: 10%
  bucket 398: 90%
  bucket 415: 60%
  bucket 453: 10%
  bucket 387: 90%
  bucket 458: 10%
  bucket 457: 10%
  bucket 412: 60%
  bucket 400: 100%
  Sorting block of length 1411667 for bucket 400
  (Using difference cover)
  bucket 447: 20%
  bucket 443: 30%
  bucket 456: 10%
  bucket 455: 10%
  bucket 439: 50%
  bucket 438: 50%
  bucket 460: 10%
  bucket 401: 100%
  Sorting block of length 1989873 for bucket 401
  (Using difference cover)
  bucket 418: 50%
  bucket 431: 50%
  bucket 406: 70%
  bucket 461: 10%
  bucket 389: 90%
  bucket 403: 70%
  bucket 404: 70%
  bucket 440: 50%
  Sorting block time: 00:00:04
Returning block of 1910823 for bucket 388
  bucket 408: 60%
  bucket 449: 20%
  bucket 437: 50%
  bucket 419: 50%
Getting block 463 of 528
  Reserving size (3362478) for bucket 463
  Calculating Z arrays for bucket 463
  Entering block accumulator loop for bucket 463:
  bucket 435: 60%
  bucket 459: 10%
  bucket 445: 30%
  bucket 392: 100%
  Sorting block of length 3012328 for bucket 392
  (Using difference cover)
  Sorting block time: 00:00:03
Returning block of 1411668 for bucket 400
  bucket 421: 50%
Getting block 464 of 528
  Reserving size (3362478) for bucket 464
  Calculating Z arrays for bucket 464
  Entering block accumulator loop for bucket 464:
  bucket 413: 70%
  bucket 442: 40%
  bucket 446: 30%
  bucket 433: 50%
  Sorting block time: 00:00:05
Returning block of 2956964 for bucket 397
  bucket 436: 50%
  bucket 441: 40%
  bucket 390: 100%
  Sorting block of length 3351617 for bucket 390
  (Using difference cover)
  bucket 426: 50%
Getting block 465 of 528
  Reserving size (3362478) for bucket 465
  Calculating Z arrays for bucket 465
  Entering block accumulator loop for bucket 465:
  bucket 430: 50%
  bucket 420: 50%
  bucket 448: 30%
  bucket 417: 50%
  bucket 462: 10%
  bucket 423: 60%
  bucket 424: 50%
  bucket 410: 60%
  Sorting block time: 00:00:04
Returning block of 1989874 for bucket 401
  bucket 402: 80%
Getting block 466 of 528
  Reserving size (3362478) for bucket 466
  Calculating Z arrays for bucket 466
  Entering block accumulator loop for bucket 466:
  bucket 425: 50%
  bucket 427: 50%
  bucket 438: 60%
  bucket 428: 50%
  bucket 434: 50%
  bucket 407: 60%
  bucket 429: 50%
  bucket 405: 90%
  bucket 416: 60%
  bucket 422: 50%
  bucket 409: 60%
  bucket 418: 60%
  bucket 444: 40%
  bucket 411: 60%
  bucket 454: 20%
  bucket 391: 100%
  Sorting block of length 738625 for bucket 391
  (Using difference cover)
  bucket 449: 30%
  bucket 457: 20%
  bucket 432: 50%
  bucket 436: 60%
  bucket 414: 60%
  bucket 464: 10%
  bucket 450: 20%
  bucket 398: 100%
  Sorting block of length 581872 for bucket 398
  (Using difference cover)
  bucket 415: 70%
  bucket 451: 20%
  bucket 452: 20%
  Sorting block time: 00:00:05
Returning block of 3012329 for bucket 392
  bucket 453: 20%
  bucket 456: 20%
  bucket 458: 20%
  bucket 463: 10%
  bucket 461: 20%
  bucket 387: 100%
  Sorting block of length 1477397 for bucket 387
  (Using difference cover)
  bucket 439: 60%
Getting block 467 of 528
  Reserving size (3362478) for bucket 467
  Calculating Z arrays for bucket 467
  Entering block accumulator loop for bucket 467:
  bucket 443: 40%
  Sorting block time: 00:00:02
Returning block of 738626 for bucket 391
Getting block 468 of 528
  Reserving size (3362478) for bucket 468
  Calculating Z arrays for bucket 468
  Entering block accumulator loop for bucket 468:
  bucket 440: 60%
  bucket 412: 70%
  bucket 447: 30%
  bucket 446: 40%
  bucket 455: 20%
  Sorting block time: 00:00:01
Returning block of 581873 for bucket 398
  Sorting block time: 00:00:06
Returning block of 3351618 for bucket 390
Getting block 469 of 528
  Reserving size (3362478) for bucket 469
  Calculating Z arrays for bucket 469
  Entering block accumulator loop for bucket 469:
  bucket 460: 20%
Getting block 470 of 528
  Reserving size (3362478) for bucket 470
  Calculating Z arrays for bucket 470
  Entering block accumulator loop for bucket 470:
  bucket 438: 70%
  bucket 437: 60%
  bucket 431: 60%
  bucket 435: 70%
  bucket 466: 10%
  bucket 406: 80%
  bucket 404: 80%
  bucket 403: 80%
  bucket 389: 100%
  Sorting block of length 2362543 for bucket 389
  (Using difference cover)
  bucket 408: 70%
  bucket 441: 50%
  bucket 421: 60%
  bucket 419: 60%
  bucket 445: 40%
  bucket 459: 20%
  bucket 433: 60%
  bucket 462: 20%
  bucket 413: 80%
  bucket 448: 40%
  bucket 442: 50%
  Sorting block time: 00:00:03
Returning block of 1477398 for bucket 387
Getting block 471 of 528
  Reserving size (3362478) for bucket 471
  Calculating Z arrays for bucket 471
  Entering block accumulator loop for bucket 471:
  bucket 465: 10%
  bucket 422: 60%
  bucket 426: 60%
  bucket 430: 60%
  bucket 428: 60%
  bucket 420: 60%
  bucket 434: 60%
  bucket 444: 50%
  bucket 461: 30%
  bucket 402: 90%
  bucket 436: 70%
  bucket 440: 70%
  bucket 417: 60%
  bucket 449: 40%
  bucket 423: 70%
  bucket 410: 70%
  Sorting block time: 00:00:06
Returning block of 2362544 for bucket 389
  bucket 424: 60%
  bucket 457: 30%
Getting block 472 of 528
  Reserving size (3362478) for bucket 472
  Calculating Z arrays for bucket 472
  Entering block accumulator loop for bucket 472:
  bucket 425: 60%
  bucket 464: 20%
  bucket 418: 70%
  bucket 427: 60%
  bucket 407: 70%
  bucket 429: 60%
  bucket 405: 100%
  Sorting block of length 2781213 for bucket 405
  (Using difference cover)
  bucket 416: 70%
  bucket 446: 50%
  bucket 438: 80%
  bucket 466: 20%
  bucket 454: 30%
  bucket 450: 30%
  bucket 453: 30%
  bucket 409: 70%
  bucket 458: 30%
  bucket 411: 70%
  bucket 452: 30%
  bucket 463: 20%
  bucket 439: 70%
  bucket 437: 70%
  bucket 415: 80%
  bucket 443: 50%
  Sorting block time: 00:00:10
Returning block of 2781214 for bucket 405
Getting block 473 of 528
  Reserving size (3362478) for bucket 473
  Calculating Z arrays for bucket 473
  Entering block accumulator loop for bucket 473:
  bucket 460: 30%
  bucket 451: 30%
  bucket 447: 40%
  bucket 467: 10%
  bucket 432: 60%
  bucket 468: 10%
  bucket 455: 30%
  bucket 414: 70%
  bucket 456: 30%
  bucket 406: 90%
  bucket 469: 10%
  bucket 449: 50%
  bucket 461: 40%
  bucket 412: 80%
  bucket 433: 70%
  bucket 435: 80%
  bucket 459: 30%
  bucket 462: 30%
  bucket 441: 60%
  bucket 448: 50%
  bucket 470: 10%
  bucket 442: 60%
  bucket 404: 90%
  bucket 440: 80%
  bucket 403: 90%
  bucket 431: 70%
  bucket 445: 50%
  bucket 444: 60%
  bucket 453: 40%
  bucket 408: 80%
  bucket 413: 90%
  bucket 419: 70%
  bucket 426: 70%
  bucket 471: 10%
  bucket 464: 30%
  bucket 421: 70%
  bucket 420: 70%
  bucket 434: 70%
  bucket 429: 70%
  bucket 436: 80%
  bucket 422: 70%
  bucket 465: 20%
  bucket 439: 80%
  bucket 428: 70%
  bucket 427: 70%
  bucket 446: 60%
  bucket 430: 70%
  bucket 402: 100%
  Sorting block of length 3047768 for bucket 402
  (Using difference cover)
  bucket 410: 80%
  bucket 416: 80%
  bucket 424: 70%
  bucket 417: 70%
  bucket 466: 30%
  bucket 461: 50%
  bucket 435: 90%
  bucket 423: 80%
  bucket 449: 60%
  bucket 457: 40%
  bucket 450: 40%
  bucket 472: 10%
  bucket 407: 80%
  bucket 418: 80%
  bucket 412: 90%
  bucket 438: 90%
  bucket 452: 40%
  bucket 425: 70%
  bucket 447: 50%
  bucket 433: 80%
  bucket 458: 40%
  bucket 437: 80%
  bucket 454: 40%
  bucket 444: 70%
  bucket 463: 30%
  bucket 453: 50%
  bucket 411: 80%
  bucket 473: 10%
  bucket 409: 80%
  bucket 436: 90%
  bucket 443: 60%
  bucket 460: 40%
  bucket 451: 40%
  bucket 456: 40%
  bucket 455: 40%
  bucket 415: 90%
  bucket 467: 20%
  bucket 406: 100%
  Sorting block of length 3220045 for bucket 406
  (Using difference cover)
  bucket 468: 20%
  bucket 469: 20%
  bucket 439: 90%
  bucket 440: 90%
  bucket 414: 80%
  bucket 432: 70%
  bucket 459: 40%
  bucket 441: 70%
  bucket 448: 60%
  bucket 462: 40%
  bucket 442: 70%
  bucket 470: 20%
  bucket 445: 60%
  bucket 461: 60%
  bucket 449: 70%
  bucket 404: 100%
  Sorting block of length 2050226 for bucket 404
  (Using difference cover)
  bucket 433: 90%
  bucket 403: 100%
  Sorting block of length 2505216 for bucket 403
  (Using difference cover)
  bucket 434: 80%
  Sorting block time: 00:00:06
Returning block of 3047769 for bucket 402
  bucket 408: 90%
  bucket 431: 80%
Getting block 474 of 528
  Reserving size (3362478) for bucket 474
  Calculating Z arrays for bucket 474
  Entering block accumulator loop for bucket 474:
  bucket 471: 20%
  bucket 464: 40%
  bucket 435: 100%
  Sorting block of length 3169212 for bucket 435
  (Using difference cover)
  bucket 419: 80%
  bucket 413: 100%
  Sorting block of length 3217444 for bucket 413
  (Using difference cover)
  bucket 426: 80%
  bucket 420: 80%
  bucket 421: 80%
  bucket 436: 100%
  Sorting block of length 2712837 for bucket 436
  (Using difference cover)
  bucket 465: 30%
  bucket 446: 70%
  bucket 429: 80%
  Sorting block time: 00:00:06
Returning block of 3220046 for bucket 406
  bucket 444: 80%
  bucket 453: 60%
  bucket 422: 80%
  bucket 412: 100%
  Sorting block of length 506503 for bucket 412
  (Using difference cover)
Getting block 475 of 528
  Reserving size (3362478) for bucket 475
  Calculating Z arrays for bucket 475
  Entering block accumulator loop for bucket 475:
  bucket 428: 80%
  bucket 427: 80%
  bucket 430: 80%
  bucket 447: 60%
  bucket 454: 50%
  Sorting block time: 00:00:01
Returning block of 506504 for bucket 412
Getting block 476 of 528
  Reserving size (3362478) for bucket 476
  Calculating Z arrays for bucket 476
  Entering block accumulator loop for bucket 476:
  bucket 466: 40%
  bucket 410: 90%
  bucket 416: 90%
  bucket 415: 100%
  Sorting block of length 1777886 for bucket 415
  (Using difference cover)
  Sorting block time: 00:00:05
Returning block of 2050227 for bucket 404
  bucket 472: 20%
  bucket 438: 100%
  Sorting block of length 3166124 for bucket 438
  (Using difference cover)
  bucket 450: 50%
Getting block 477 of 528
  Reserving size (3362478) for bucket 477
  Calculating Z arrays for bucket 477
  Entering block accumulator loop for bucket 477:
  bucket 424: 80%
  bucket 417: 80%
  bucket 439: 100%
  Sorting block of length 3101303 for bucket 439
  (Using difference cover)
  bucket 458: 50%
  bucket 457: 50%
  bucket 452: 50%
  bucket 423: 90%
  Sorting block time: 00:00:06
Returning block of 2505217 for bucket 403
  bucket 437: 90%
  bucket 433: 100%
  Sorting block of length 723782 for bucket 433
  (Using difference cover)
Getting block 478 of 528
  Reserving size (3362478) for bucket 478
  Calculating Z arrays for bucket 478
  Entering block accumulator loop for bucket 478:
  bucket 418: 90%
  bucket 463: 40%
  bucket 425: 80%
  Sorting block time: 00:00:01
Returning block of 723783 for bucket 433
Getting block 479 of 528
  Reserving size (3362478) for bucket 479
  Calculating Z arrays for bucket 479
  Entering block accumulator loop for bucket 479:
  Sorting block time: 00:00:06
Returning block of 3169213 for bucket 435
  Sorting block time: 00:00:06
Returning block of 3217445 for bucket 413
  bucket 461: 70%
Getting block 480 of 528
  Reserving size (3362478) for bucket 480
  Calculating Z arrays for bucket 480
  Entering block accumulator loop for bucket 480:
Getting block 481 of 528
  Reserving size (3362478) for bucket 481
  Calculating Z arrays for bucket 481
  Entering block accumulator loop for bucket 481:
  bucket 407: 90%
  bucket 473: 20%
  bucket 462: 50%
  bucket 440: 100%
  Sorting block of length 2797342 for bucket 440
  (Using difference cover)
  bucket 443: 70%
  Sorting block time: 00:00:05
Returning block of 1777887 for bucket 415
Getting block 482 of 528
  Reserving size (3362478) for bucket 482
  Calculating Z arrays for bucket 482
  Entering block accumulator loop for bucket 482:
  Sorting block time: 00:00:07
Returning block of 2712838 for bucket 436
Getting block 483 of 528
  Reserving size (3362478) for bucket 483
  Calculating Z arrays for bucket 483
  Entering block accumulator loop for bucket 483:
  Sorting block time: 00:00:06
Returning block of 3101304 for bucket 439
  bucket 409: 90%
Getting block 484 of 528
  Reserving size (3362478) for bucket 484
  Calculating Z arrays for bucket 484
  Entering block accumulator loop for bucket 484:
  bucket 460: 50%
  bucket 459: 50%
  Sorting block time: 00:00:07
Returning block of 3166125 for bucket 438
Getting block 485 of 528
  Reserving size (3362478) for bucket 485
  Calculating Z arrays for bucket 485
  Entering block accumulator loop for bucket 485:
  bucket 451: 50%
  bucket 455: 50%
  bucket 448: 70%
  bucket 411: 90%
  bucket 441: 80%
  bucket 469: 30%
  bucket 456: 50%
  bucket 467: 30%
  Sorting block time: 00:00:05
Returning block of 2797343 for bucket 440
  bucket 449: 80%
  bucket 468: 30%
  bucket 414: 90%
Getting block 486 of 528
  Reserving size (3362478) for bucket 486
  Calculating Z arrays for bucket 486
  Entering block accumulator loop for bucket 486:
  bucket 442: 80%
  bucket 464: 50%
  bucket 434: 90%
  bucket 453: 70%
  bucket 432: 80%
  bucket 445: 70%
  bucket 476: 10%
  bucket 470: 30%
  bucket 429: 90%
  bucket 471: 30%
  bucket 426: 90%
  bucket 461: 80%
  bucket 447: 70%
  bucket 474: 10%
  bucket 446: 80%
  bucket 408: 100%
  Sorting block of length 3163269 for bucket 408
  (Using difference cover)
  bucket 419: 90%
  bucket 431: 90%
  bucket 420: 90%
  bucket 444: 90%
  bucket 454: 60%
  bucket 475: 10%
  bucket 479: 10%
  bucket 465: 40%
  bucket 421: 90%
  bucket 484: 10%
  bucket 480: 10%
  bucket 462: 60%
  bucket 473: 30%
  bucket 427: 90%
  bucket 450: 60%
  bucket 428: 90%
  bucket 422: 90%
  bucket 437: 100%
  Sorting block of length 2364395 for bucket 437
  (Using difference cover)
  bucket 466: 50%
  bucket 416: 100%
  Sorting block of length 2474932 for bucket 416
  (Using difference cover)
  bucket 452: 60%
  bucket 430: 90%
  bucket 472: 30%
  bucket 477: 10%
  bucket 448: 80%
  bucket 410: 100%
  Sorting block of length 2384856 for bucket 410
  (Using difference cover)
  bucket 458: 60%
  bucket 423: 100%
  Sorting block of length 903197 for bucket 423
  (Using difference cover)
  bucket 424: 90%
  bucket 457: 60%
  bucket 417: 90%
  bucket 451: 60%
  bucket 476: 20%
  bucket 481: 10%
  bucket 463: 50%
  bucket 460: 60%
  bucket 478: 10%
  bucket 443: 80%
  bucket 418: 100%
  Sorting block of length 2424198 for bucket 418
  (Using difference cover)
  bucket 425: 90%
  bucket 482: 10%
  bucket 483: 10%
  Sorting block time: 00:00:02
Returning block of 903198 for bucket 423
  bucket 407: 100%
  Sorting block of length 3336299 for bucket 407
  (Using difference cover)
  bucket 459: 60%
Getting block 487 of 528
  Reserving size (3362478) for bucket 487
  Calculating Z arrays for bucket 487
  Entering block accumulator loop for bucket 487:
  bucket 409: 100%
  Sorting block of length 2269122 for bucket 409
  (Using difference cover)
  bucket 449: 90%
  bucket 441: 90%
  bucket 455: 60%
  bucket 461: 90%
  bucket 464: 60%
  bucket 486: 10%
  Sorting block time: 00:00:05
Returning block of 3163270 for bucket 408
  bucket 485: 10%
  bucket 426: 100%
  Sorting block of length 2953285 for bucket 426
  (Using difference cover)
  bucket 467: 40%
  bucket 456: 60%
  bucket 411: 100%
  Sorting block of length 2889240 for bucket 411
  (Using difference cover)
  bucket 445: 80%
  bucket 469: 40%
Getting block 488 of 528
  Reserving size (3362478) for bucket 488
  Calculating Z arrays for bucket 488
  Entering block accumulator loop for bucket 488:
  bucket 468: 40%
  bucket 444: 100%
  Sorting block of length 3096063 for bucket 444
  (Using difference cover)
  Sorting block time: 00:00:04
Returning block of 2364396 for bucket 437
  bucket 442: 90%
  bucket 434: 100%
  Sorting block of length 1054441 for bucket 434
  (Using difference cover)
  bucket 453: 80%
Getting block 489 of 528
  Reserving size (3362478) for bucket 489
  Calculating Z arrays for bucket 489
  Entering block accumulator loop for bucket 489:
  bucket 484: 20%
  bucket 414: 100%
  Sorting block of length 2205722 for bucket 414
  (Using difference cover)
  bucket 447: 80%
  bucket 462: 70%
  Sorting block time: 00:00:04
Returning block of 2384857 for bucket 410
Getting block 490 of 528
  Reserving size (3362478) for bucket 490
  Calculating Z arrays for bucket 490
  Entering block accumulator loop for bucket 490:
  Sorting block time: 00:00:05
Returning block of 2474933 for bucket 416
  bucket 446: 90%
Getting block 491 of 528
  Reserving size (3362478) for bucket 491
  Calculating Z arrays for bucket 491
  Entering block accumulator loop for bucket 491:
  bucket 432: 90%
  bucket 470: 40%
  Sorting block time: 00:00:02
Returning block of 1054442 for bucket 434
  bucket 429: 100%
  Sorting block of length 2758106 for bucket 429
  (Using difference cover)
Getting block 492 of 528
  Reserving size (3362478) for bucket 492
  Calculating Z arrays for bucket 492
  Entering block accumulator loop for bucket 492:
  bucket 471: 40%
  bucket 474: 20%
  bucket 454: 70%
  bucket 451: 70%
  Sorting block time: 00:00:05
Returning block of 2424199 for bucket 418
  Sorting block time: 00:00:04
Returning block of 2269123 for bucket 409
Getting block 493 of 528
  Reserving size (3362478) for bucket 493
  Calculating Z arrays for bucket 493
  Entering block accumulator loop for bucket 493:
  bucket 475: 20%
  bucket 419: 100%
  Sorting block of length 2103841 for bucket 419
  (Using difference cover)
Getting block 494 of 528
  Reserving size (3362478) for bucket 494
  Calculating Z arrays for bucket 494
  Entering block accumulator loop for bucket 494:
  bucket 476: 30%
  bucket 431: 100%
  Sorting block of length 3138072 for bucket 431
  (Using difference cover)
  bucket 479: 20%
  bucket 448: 90%
  bucket 420: 100%
  Sorting block of length 3143489 for bucket 420
  (Using difference cover)
  bucket 480: 20%
  bucket 465: 50%
  bucket 422: 100%
  Sorting block of length 2897601 for bucket 422
  (Using difference cover)
  bucket 428: 100%
  Sorting block of length 1666291 for bucket 428
  (Using difference cover)
  bucket 473: 40%
  bucket 421: 100%
  Sorting block of length 2002506 for bucket 421
  (Using difference cover)
  Sorting block time: 00:00:05
Returning block of 3336300 for bucket 407
  Sorting block time: 00:00:05
Returning block of 2953286 for bucket 426
  bucket 450: 70%
  bucket 472: 40%
Getting block 495 of 528
  Reserving size (3362478) for bucket 495
  Calculating Z arrays for bucket 495
  Entering block accumulator loop for bucket 495:
Getting block 496 of 528
  Reserving size (3362478) for bucket 496
  Calculating Z arrays for bucket 496
  Entering block accumulator loop for bucket 496:
  bucket 466: 60%
  bucket 430: 100%
  Sorting block of length 1695140 for bucket 430
  (Using difference cover)
  bucket 461: 100%
  Sorting block of length 1629930 for bucket 461
  (Using difference cover)
  bucket 477: 20%
  bucket 452: 70%
  Sorting block time: 00:00:06
Returning block of 2889241 for bucket 411
  bucket 427: 100%
  Sorting block of length 3008326 for bucket 427
  (Using difference cover)
  Sorting block time: 00:00:05
Returning block of 3096064 for bucket 444
Getting block 497 of 528
  Reserving size (3362478) for bucket 497
  Calculating Z arrays for bucket 497
  Entering block accumulator loop for bucket 497:
  Sorting block time: 00:00:05
Returning block of 2205723 for bucket 414
Getting block 498 of 528
  Reserving size (3362478) for bucket 498
  Calculating Z arrays for bucket 498
  Entering block accumulator loop for bucket 498:
Getting block 499 of 528
  Reserving size (3362478) for bucket 499
  Calculating Z arrays for bucket 499
  Entering block accumulator loop for bucket 499:
  bucket 449: 100%
  Sorting block of length 2417518 for bucket 449
  (Using difference cover)
  bucket 417: 100%
  Sorting block of length 2912849 for bucket 417
  (Using difference cover)
  bucket 458: 70%
  bucket 464: 70%
  Sorting block time: 00:00:05
Returning block of 2103842 for bucket 419
Getting block 500 of 528
  Reserving size (3362478) for bucket 500
  Calculating Z arrays for bucket 500
  Entering block accumulator loop for bucket 500:
  Sorting block time: 00:00:03
Returning block of 1629931 for bucket 461
Getting block 501 of 528
  Reserving size (3362478) for bucket 501
  Calculating Z arrays for bucket 501
  Entering block accumulator loop for bucket 501:
  Sorting block time: 00:00:06
Returning block of 2758107 for bucket 429
  Sorting block time: 00:00:05
Returning block of 1666292 for bucket 428
Getting block 502 of 528
  Reserving size (3362478) for bucket 502
  Calculating Z arrays for bucket 502
  Entering block accumulator loop for bucket 502:
Getting block 503 of 528
  Reserving size (3362478) for bucket 503
  Calculating Z arrays for bucket 503
  Entering block accumulator loop for bucket 503:
  bucket 468: 50%
  bucket 457: 70%
  Sorting block time: 00:00:04
Returning block of 1695141 for bucket 430
  Sorting block time: 00:00:06
Returning block of 3143490 for bucket 420
Getting block 504 of 528
  Reserving size (3362478) for bucket 504
  Calculating Z arrays for bucket 504
  Entering block accumulator loop for bucket 504:
Getting block 505 of 528
  Reserving size (3362478) for bucket 505
  Calculating Z arrays for bucket 505
  Entering block accumulator loop for bucket 505:
  bucket 460: 70%
  Sorting block time: 00:00:05
Returning block of 3008327 for bucket 427
  Sorting block time: 00:00:04
Returning block of 2417519 for bucket 449
Getting block 506 of 528
  Reserving size (3362478) for bucket 506
  Calculating Z arrays for bucket 506
  Entering block accumulator loop for bucket 506:
Getting block 507 of 528
  Reserving size (3362478) for bucket 507
  Calculating Z arrays for bucket 507
  Entering block accumulator loop for bucket 507:
  bucket 481: 20%
  bucket 484: 30%
  bucket 478: 20%
  Sorting block time: 00:00:07
Returning block of 2002507 for bucket 421
  bucket 424: 100%
  Sorting block of length 2904580 for bucket 424
  (Using difference cover)
Getting block 508 of 528
  Reserving size (3362478) for bucket 508
  Calculating Z arrays for bucket 508
  Entering block accumulator loop for bucket 508:
  bucket 463: 60%
  bucket 445: 90%
  bucket 443: 90%
  bucket 462: 80%
  Sorting block time: 00:00:09
Returning block of 3138073 for bucket 431
  bucket 459: 70%
Getting block 509 of 528
  Reserving size (3362478) for bucket 509
  Calculating Z arrays for bucket 509
  Entering block accumulator loop for bucket 509:
  bucket 441: 100%
  Sorting block of length 3331049 for bucket 441
  (Using difference cover)
  Sorting block time: 00:00:10
Returning block of 2897602 for bucket 422
  bucket 447: 90%
Getting block 510 of 528
  Reserving size (3362478) for bucket 510
  Calculating Z arrays for bucket 510
  Entering block accumulator loop for bucket 510:
  bucket 483: 20%
  bucket 486: 20%
  bucket 453: 90%
  Sorting block time: 00:00:09
Returning block of 2912850 for bucket 417
Getting block 511 of 528
  Reserving size (3362478) for bucket 511
  Calculating Z arrays for bucket 511
  Entering block accumulator loop for bucket 511:
  bucket 467: 50%
  bucket 455: 70%
  bucket 469: 50%
  bucket 487: 10%
  Sorting block time: 00:00:07
Returning block of 2904581 for bucket 424
  bucket 482: 20%
Getting block 512 of 528
  Reserving size (3362478) for bucket 512
  Calculating Z arrays for bucket 512
  Entering block accumulator loop for bucket 512:
  bucket 489: 10%
  Sorting block time: 00:00:06
Returning block of 3331050 for bucket 441
  bucket 425: 100%
  Sorting block of length 1877648 for bucket 425
  (Using difference cover)
  bucket 456: 70%
Getting block 513 of 528
  Reserving size (3362478) for bucket 513
  Calculating Z arrays for bucket 513
  Entering block accumulator loop for bucket 513:
  bucket 446: 100%
  Sorting block of length 514527 for bucket 446
  (Using difference cover)
  bucket 442: 100%
  Sorting block of length 2398988 for bucket 442
  (Using difference cover)
  Sorting block time: 00:00:01
Returning block of 514528 for bucket 446
Getting block 514 of 528
  Reserving size (3362478) for bucket 514
  Calculating Z arrays for bucket 514
  Entering block accumulator loop for bucket 514:
  bucket 485: 20%
  bucket 479: 30%
  bucket 488: 10%
  bucket 491: 10%
  Sorting block time: 00:00:03
Returning block of 2398989 for bucket 442
Getting block 515 of 528
  Reserving size (3362478) for bucket 515
  Calculating Z arrays for bucket 515
  Entering block accumulator loop for bucket 515:
  Sorting block time: 00:00:05
Returning block of 1877649 for bucket 425
Getting block 516 of 528
  Reserving size (3362478) for bucket 516
  Calculating Z arrays for bucket 516
  Entering block accumulator loop for bucket 516:
  bucket 493: 10%
  bucket 475: 30%
  bucket 452: 80%
  bucket 490: 10%
  bucket 495: 10%
  bucket 470: 50%
  bucket 451: 80%
  bucket 448: 100%
  Sorting block of length 2928688 for bucket 448
  (Using difference cover)
  bucket 476: 40%
  bucket 492: 10%
  bucket 450: 80%
  bucket 464: 80%
  Sorting block time: 00:00:05
Returning block of 2928689 for bucket 448
Getting block 517 of 528
  Reserving size (3362478) for bucket 517
  Calculating Z arrays for bucket 517
  Entering block accumulator loop for bucket 517:
  bucket 474: 30%
  bucket 471: 50%
  bucket 498: 10%
  bucket 432: 100%
  Sorting block of length 2934816 for bucket 432
  (Using difference cover)
  bucket 454: 80%
  bucket 460: 80%
  bucket 501: 10%
  bucket 472: 50%
  bucket 473: 50%
  bucket 507: 10%
  bucket 481: 30%
  bucket 505: 10%
  bucket 494: 10%
  bucket 479: 40%
  bucket 453: 100%
  Sorting block of length 1618152 for bucket 453
  (Using difference cover)
  Sorting block time: 00:00:05
Returning block of 2934817 for bucket 432
  bucket 480: 30%
  bucket 443: 100%
  Sorting block of length 2022313 for bucket 443
  (Using difference cover)
  bucket 459: 80%
  bucket 508: 10%
Getting block 518 of 528
  Reserving size (3362478) for bucket 518
  Calculating Z arrays for bucket 518
  Entering block accumulator loop for bucket 518:
  bucket 484: 40%
  bucket 447: 100%
  Sorting block of length 2918606 for bucket 447
  (Using difference cover)
  Sorting block time: 00:00:03
Returning block of 1618153 for bucket 453
Getting block 519 of 528
  Reserving size (3362478) for bucket 519
  Calculating Z arrays for bucket 519
  Entering block accumulator loop for bucket 519:
  bucket 512: 10%
  bucket 465: 60%
  bucket 500: 10%
  bucket 506: 10%
  bucket 457: 80%
  bucket 502: 10%
  Sorting block time: 00:00:04
Returning block of 2022314 for bucket 443
  bucket 489: 20%
Getting block 520 of 528
  Reserving size (3362478) for bucket 520
  Calculating Z arrays for bucket 520
  Entering block accumulator loop for bucket 520:
  bucket 462: 90%
  bucket 466: 70%
  bucket 452: 90%
  bucket 468: 60%
  bucket 486: 30%
  bucket 496: 10%
  bucket 477: 30%
  Sorting block time: 00:00:06
Returning block of 2918607 for bucket 447
Getting block 521 of 528
  Reserving size (3362478) for bucket 521
  Calculating Z arrays for bucket 521
  Entering block accumulator loop for bucket 521:
  bucket 514: 10%
  bucket 458: 80%
  bucket 499: 10%
  bucket 463: 70%
  bucket 491: 20%
  bucket 455: 80%
  bucket 497: 10%
  bucket 467: 60%
  bucket 503: 10%
  bucket 469: 60%
  bucket 445: 100%
  Sorting block of length 3275903 for bucket 445
  (Using difference cover)
  bucket 504: 10%
  bucket 456: 80%
  bucket 475: 40%
  bucket 513: 10%
  bucket 488: 20%
  bucket 478: 30%
  bucket 483: 30%
  bucket 464: 90%
  bucket 451: 90%
  bucket 472: 60%
  bucket 517: 10%
  bucket 450: 90%
  bucket 509: 10%
  bucket 495: 20%
  bucket 482: 30%
  bucket 510: 10%
  bucket 515: 10%
  Sorting block time: 00:00:08
Returning block of 3275904 for bucket 445
Getting block 522 of 528
  Reserving size (3362478) for bucket 522
  Calculating Z arrays for bucket 522
  Entering block accumulator loop for bucket 522:
  bucket 479: 50%
  bucket 487: 20%
  bucket 481: 40%
  bucket 511: 10%
  bucket 490: 20%
  bucket 492: 20%
  bucket 460: 90%
  bucket 501: 20%
  bucket 512: 20%
  bucket 480: 40%
  bucket 498: 20%
  bucket 452: 100%
  Sorting block of length 1805681 for bucket 452
  (Using difference cover)
  bucket 485: 30%
  bucket 507: 20%
  bucket 505: 20%
  bucket 516: 10%
  bucket 476: 50%
  bucket 459: 90%
  bucket 493: 20%
  Sorting block time: 00:00:03
Returning block of 1805682 for bucket 452
Getting block 523 of 528
  Reserving size (3362478) for bucket 523
  Calculating Z arrays for bucket 523
  Entering block accumulator loop for bucket 523:
  bucket 519: 10%
  bucket 470: 60%
  bucket 473: 60%
  bucket 489: 30%
  bucket 518: 10%
  bucket 506: 20%
  bucket 486: 40%
  bucket 514: 20%
  bucket 454: 90%
  bucket 472: 70%
  bucket 451: 100%
  Sorting block of length 3225433 for bucket 451
  (Using difference cover)
  bucket 484: 50%
  bucket 474: 40%
  bucket 508: 20%
  bucket 491: 30%
  bucket 471: 60%
  bucket 465: 70%
  bucket 520: 10%
  bucket 494: 20%
  bucket 479: 60%
  bucket 462: 100%
  Sorting block of length 2282998 for bucket 462
  (Using difference cover)
  bucket 521: 10%
  bucket 475: 50%
  bucket 481: 50%
  bucket 500: 20%
  bucket 457: 90%
  bucket 466: 80%
  bucket 450: 100%
  Sorting block of length 2978470 for bucket 450
  (Using difference cover)
  bucket 455: 90%
  bucket 467: 70%
  bucket 469: 70%
  bucket 512: 30%
  bucket 468: 70%
  bucket 477: 40%
  bucket 464: 100%
  Sorting block of length 1429204 for bucket 464
  (Using difference cover)
  bucket 502: 20%
  bucket 495: 30%
  bucket 523: 10%
  bucket 458: 90%
  bucket 517: 20%
  bucket 496: 20%
  bucket 513: 20%
  bucket 463: 80%
  bucket 483: 40%
  bucket 499: 20%
  bucket 482: 40%
  bucket 503: 20%
  bucket 488: 30%
  bucket 504: 20%
  bucket 518: 20%
  bucket 456: 90%
  bucket 497: 20%
  bucket 515: 20%
  bucket 478: 40%
  bucket 487: 30%
  bucket 486: 50%
  bucket 509: 20%
  bucket 460: 100%
  Sorting block of length 2230429 for bucket 460
  (Using difference cover)
  bucket 510: 20%
  bucket 490: 30%
  bucket 522: 10%
  bucket 505: 30%
  bucket 501: 30%
  bucket 507: 30%
  bucket 472: 80%
  bucket 498: 30%
  Sorting block time: 00:00:03
Returning block of 1429205 for bucket 464
  bucket 492: 30%
  bucket 454: 100%
  Sorting block of length 1823363 for bucket 454
  (Using difference cover)
Getting block 524 of 528
  Reserving size (3362478) for bucket 524
  Calculating Z arrays for bucket 524
  Entering block accumulator loop for bucket 524:
  bucket 480: 50%
  bucket 459: 100%
  Sorting block of length 3115969 for bucket 459
  (Using difference cover)
  bucket 511: 20%
  Sorting block time: 00:00:05
Returning block of 3225434 for bucket 451
  Sorting block time: 00:00:05
Returning block of 2282999 for bucket 462
Getting block 525 of 528
  Reserving size (3362478) for bucket 525
  Calculating Z arrays for bucket 525
  Entering block accumulator loop for bucket 525:
Getting block 526 of 528
  Reserving size (3362478) for bucket 526
  Calculating Z arrays for bucket 526
  Entering block accumulator loop for bucket 526:
  bucket 516: 20%
  bucket 476: 60%
  bucket 485: 40%
  bucket 519: 20%
  bucket 479: 70%
  bucket 493: 30%
  bucket 470: 70%
  bucket 473: 70%
  bucket 489: 40%
  bucket 484: 60%
  bucket 523: 20%
  Sorting block time: 00:00:05
Returning block of 2978471 for bucket 450
  bucket 465: 80%
  bucket 512: 40%
Getting block 527 of 528
  Reserving size (3362478) for bucket 527
  Calculating Z arrays for bucket 527
  Entering block accumulator loop for bucket 527:
  bucket 514: 30%
  bucket 506: 30%
  bucket 508: 30%
  bucket 474: 50%
  bucket 481: 60%
  Sorting block time: 00:00:05
Returning block of 2230430 for bucket 460
Getting block 528 of 528
  Reserving size (3362478) for bucket 528
  Calculating Z arrays for bucket 528
  Entering block accumulator loop for bucket 528:
  Sorting block time: 00:00:04
Returning block of 1823364 for bucket 454
  bucket 475: 60%
  bucket 491: 40%
  Sorting block time: 00:00:06
Returning block of 3115970 for bucket 459
  bucket 520: 20%
  bucket 471: 70%
  bucket 467: 80%
  bucket 494: 30%
  bucket 521: 20%
  bucket 486: 60%
  bucket 502: 30%
  bucket 457: 100%
  Sorting block of length 3201206 for bucket 457
  (Using difference cover)
  bucket 482: 50%
  bucket 466: 90%
  bucket 490: 40%
  bucket 518: 30%
  bucket 477: 50%
  bucket 500: 30%
  bucket 517: 30%
  bucket 468: 80%
  bucket 455: 100%
  Sorting block of length 2161753 for bucket 455
  (Using difference cover)
  bucket 469: 80%
  bucket 458: 100%
  Sorting block of length 2021959 for bucket 458
  (Using difference cover)
  bucket 472: 90%
  bucket 495: 40%
  bucket 463: 90%
  bucket 487: 40%
  bucket 513: 30%
  bucket 496: 30%
  bucket 480: 60%
  bucket 483: 50%
  bucket 525: 10%
  bucket 499: 30%
  bucket 503: 30%
  bucket 488: 40%
  bucket 523: 30%
  bucket 504: 30%
  bucket 456: 100%
  Sorting block of length 2686565 for bucket 456
  (Using difference cover)
  bucket 515: 30%
  bucket 509: 30%
  bucket 497: 30%
  bucket 478: 50%
  bucket 507: 40%
  bucket 505: 40%
  bucket 528: 10%
  bucket 474: 60%
  bucket 522: 20%
  bucket 510: 30%
  bucket 475: 70%
  bucket 501: 40%
  bucket 498: 40%
  bucket 465: 90%
  bucket 524: 10%
  bucket 492: 40%
  bucket 476: 70%
  bucket 526: 10%
  bucket 511: 30%
  bucket 516: 30%
  bucket 470: 80%
  bucket 519: 30%
  bucket 479: 80%
  Sorting block time: 00:00:04
Returning block of 2161754 for bucket 455
  Sorting block time: 00:00:04
Returning block of 2021960 for bucket 458
  bucket 502: 40%
  bucket 485: 50%
  bucket 518: 40%
  bucket 493: 40%
  bucket 490: 50%
  bucket 473: 80%
  Sorting block time: 00:00:07
Returning block of 3201207 for bucket 457
  bucket 489: 50%
  Sorting block time: 00:00:05
Returning block of 2686566 for bucket 456
  bucket 484: 70%
  bucket 487: 50%
  bucket 527: 10%
  bucket 508: 40%
  bucket 486: 70%
  bucket 512: 50%
  bucket 514: 40%
  bucket 481: 70%
  bucket 506: 40%
  bucket 525: 20%
  bucket 477: 60%
  bucket 468: 90%
  bucket 494: 40%
  bucket 471: 80%
  bucket 523: 40%
  bucket 491: 50%
  bucket 467: 90%
  bucket 520: 30%
  bucket 474: 70%
  bucket 528: 20%
  bucket 521: 30%
  bucket 482: 60%
  bucket 475: 80%
  bucket 517: 40%
  bucket 480: 70%
  bucket 500: 40%
  bucket 463: 100%
  Sorting block of length 2872640 for bucket 463
  (Using difference cover)
  bucket 466: 100%
  Sorting block of length 1036673 for bucket 466
  (Using difference cover)
  bucket 515: 40%
  bucket 469: 90%
  bucket 495: 50%
  bucket 513: 40%
  bucket 472: 100%
  Sorting block of length 2346251 for bucket 472
  (Using difference cover)
  bucket 502: 50%
  bucket 503: 40%
  bucket 499: 40%
  bucket 496: 40%
  bucket 483: 60%
  bucket 504: 40%
  bucket 488: 50%
  bucket 476: 80%
  bucket 522: 30%
  bucket 528: 30%
  bucket 478: 60%
  Sorting block time: 00:00:02
Returning block of 1036674 for bucket 466
  bucket 490: 60%
  bucket 507: 50%
  bucket 509: 40%
  bucket 525: 30%
  bucket 508: 50%
  bucket 486: 80%
  bucket 518: 50%
  bucket 465: 100%
  Sorting block of length 3327463 for bucket 465
  (Using difference cover)
  bucket 505: 50%
  bucket 484: 80%
  bucket 497: 40%
  bucket 510: 40%
  bucket 523: 50%
  bucket 468: 100%
  Sorting block of length 2553537 for bucket 468
  (Using difference cover)
  bucket 524: 20%
  bucket 501: 50%
  bucket 512: 60%
  bucket 470: 90%
  bucket 498: 50%
  bucket 492: 50%
  bucket 474: 80%
  bucket 516: 40%
  bucket 475: 90%
  bucket 519: 40%
  bucket 526: 20%
  bucket 479: 90%
  bucket 493: 50%
  bucket 480: 80%
  bucket 511: 40%
  bucket 477: 70%
  bucket 485: 60%
  bucket 489: 60%
  bucket 473: 90%
  bucket 527: 20%
  Sorting block time: 00:00:05
Returning block of 2346252 for bucket 472
  bucket 481: 80%
  bucket 514: 50%
  bucket 487: 60%
  Sorting block time: 00:00:05
Returning block of 2872641 for bucket 463
  bucket 513: 50%
  bucket 506: 50%
  bucket 502: 60%
  bucket 491: 60%
  bucket 528: 40%
  bucket 522: 40%
  Sorting block time: 00:00:06
Returning block of 2553538 for bucket 468
  bucket 467: 100%
  Sorting block of length 3261009 for bucket 467
  (Using difference cover)
  bucket 520: 40%
  bucket 494: 50%
  bucket 508: 60%
  bucket 471: 90%
  bucket 521: 40%
  Sorting block time: 00:00:07
Returning block of 3327464 for bucket 465
  bucket 523: 60%
  bucket 525: 40%
  bucket 484: 90%
  bucket 482: 70%
  bucket 517: 50%
  bucket 476: 90%
  bucket 475: 100%
  Sorting block of length 1033648 for bucket 475
  (Using difference cover)
  bucket 515: 50%
  bucket 512: 70%
  bucket 500: 50%
  bucket 495: 60%
  bucket 504: 50%
  bucket 474: 90%
  bucket 509: 50%
  bucket 469: 100%
  Sorting block of length 1861676 for bucket 469
  (Using difference cover)
  bucket 496: 50%
  bucket 490: 70%
  Sorting block time: 00:00:02
Returning block of 1033649 for bucket 475
  bucket 507: 60%
  bucket 524: 30%
  bucket 483: 70%
  bucket 526: 30%
  bucket 486: 90%
  bucket 503: 50%
  bucket 499: 50%
  bucket 528: 50%
  bucket 477: 80%
  bucket 479: 100%
  Sorting block of length 2153960 for bucket 479
  (Using difference cover)
  bucket 510: 50%
  bucket 488: 60%
  bucket 513: 60%
  bucket 501: 60%
  bucket 478: 70%
  bucket 505: 60%
  bucket 518: 60%
  bucket 480: 90%
  bucket 519: 50%
  bucket 498: 60%
  bucket 522: 50%
  bucket 502: 70%
  bucket 487: 70%
  bucket 492: 60%
  Sorting block time: 00:00:07
Returning block of 3261010 for bucket 467
  bucket 497: 50%
  bucket 470: 100%
  Sorting block of length 2366696 for bucket 470
  (Using difference cover)
  bucket 521: 50%
  bucket 523: 70%
  bucket 484: 100%
  Sorting block of length 1791972 for bucket 484
  (Using difference cover)
  bucket 516: 50%
  Sorting block time: 00:00:04
Returning block of 1861677 for bucket 469
  Sorting block time: 00:00:03
Returning block of 2153961 for bucket 479
  bucket 528: 60%
  bucket 489: 70%
  bucket 514: 60%
  bucket 527: 30%
  bucket 508: 70%
  bucket 493: 60%
  Sorting block time: 00:00:04
Returning block of 1791973 for bucket 484
  bucket 473: 100%
  Sorting block of length 3155459 for bucket 473
  (Using difference cover)
  bucket 512: 80%
  bucket 474: 100%
  Sorting block of length 2810837 for bucket 474
  (Using difference cover)
  bucket 511: 50%
  bucket 509: 60%
  bucket 485: 70%
  bucket 496: 60%
  bucket 506: 60%
  bucket 491: 70%
  bucket 481: 90%
  bucket 520: 50%
  bucket 486: 100%
  Sorting block of length 3331960 for bucket 486
  (Using difference cover)
  bucket 477: 90%
  bucket 476: 100%
  Sorting block of length 3018358 for bucket 476
  (Using difference cover)
  Sorting block time: 00:00:07
Returning block of 2366697 for bucket 470
  bucket 525: 50%
  bucket 515: 60%
  bucket 494: 60%
  bucket 513: 70%
  bucket 501: 70%
  bucket 490: 80%
  bucket 528: 70%
  bucket 526: 40%
  bucket 519: 60%
  bucket 517: 60%
  bucket 471: 100%
  Sorting block of length 1892970 for bucket 471
  (Using difference cover)
  bucket 495: 70%
  bucket 522: 60%
  bucket 480: 100%
  Sorting block of length 1907844 for bucket 480
  (Using difference cover)
  bucket 487: 80%
  bucket 510: 60%
  bucket 502: 80%
  bucket 523: 80%
  bucket 503: 60%
  bucket 482: 80%
  bucket 507: 70%
  Sorting block time: 00:00:06
Returning block of 3155460 for bucket 473
  bucket 524: 40%
  bucket 500: 60%
  bucket 504: 60%
  bucket 508: 80%
  bucket 514: 70%
  bucket 483: 80%
  Sorting block time: 00:00:06
Returning block of 2810838 for bucket 474
  bucket 499: 60%
  bucket 509: 70%
  bucket 498: 70%
  bucket 512: 90%
  bucket 528: 80%
  bucket 521: 60%
  bucket 520: 60%
  bucket 492: 70%
  Sorting block time: 00:00:06
Returning block of 3331961 for bucket 486
  bucket 488: 70%
  Sorting block time: 00:00:06
Returning block of 3018359 for bucket 476
  bucket 505: 70%
  Sorting block time: 00:00:03
Returning block of 1907845 for bucket 480
  bucket 477: 100%
  Sorting block of length 1398770 for bucket 477
  (Using difference cover)
  bucket 525: 60%
  bucket 518: 70%
  bucket 478: 80%
  Sorting block time: 00:00:04
Returning block of 1892971 for bucket 471
  bucket 497: 60%
  bucket 513: 80%
  bucket 526: 50%
  bucket 494: 70%
  bucket 506: 70%
  bucket 519: 70%
  bucket 496: 70%
  bucket 481: 100%
  Sorting block of length 1938799 for bucket 481
  (Using difference cover)
  bucket 522: 70%
  bucket 515: 70%
  Sorting block time: 00:00:04
Returning block of 1398771 for bucket 477
  bucket 511: 60%
  bucket 493: 70%
  bucket 489: 80%
  bucket 527: 40%
  Sorting block time: 00:00:04
Returning block of 1938800 for bucket 481
  bucket 501: 80%
  bucket 523: 90%
  bucket 487: 90%
  bucket 516: 60%
  bucket 510: 70%
  bucket 485: 80%
  bucket 517: 70%
  bucket 503: 70%
  bucket 502: 90%
  bucket 528: 90%
  bucket 507: 80%
  bucket 495: 80%
  bucket 491: 80%
  bucket 514: 80%
  bucket 524: 50%
  bucket 508: 90%
  bucket 512: 100%
  Sorting block of length 2267322 for bucket 512
  (Using difference cover)
  bucket 482: 90%
  bucket 490: 90%
  bucket 521: 70%
  bucket 492: 80%
  bucket 499: 70%
  bucket 520: 70%
  bucket 513: 90%
  bucket 526: 60%
  Sorting block time: 00:00:03
Returning block of 2267323 for bucket 512
  bucket 509: 80%
  bucket 525: 70%
  bucket 504: 70%
  bucket 515: 80%
  bucket 498: 80%
  bucket 528: 100%
  Sorting block of length 885452 for bucket 528
  (Using difference cover)
  bucket 494: 80%
  bucket 522: 80%
  bucket 505: 80%
  bucket 497: 70%
  bucket 519: 80%
  bucket 483: 90%
  bucket 488: 80%
  bucket 527: 50%
  bucket 506: 80%
  bucket 523: 100%
  Sorting block of length 3226551 for bucket 523
  (Using difference cover)
  bucket 487: 100%
  Sorting block of length 633583 for bucket 487
  (Using difference cover)
  Sorting block time: 00:00:01
Returning block of 885453 for bucket 528
  bucket 510: 80%
  bucket 496: 80%
  bucket 503: 80%
  bucket 478: 90%
  bucket 500: 70%
  bucket 501: 90%
  bucket 485: 90%
  bucket 502: 100%
  Sorting block of length 2792059 for bucket 502
  (Using difference cover)
  bucket 495: 90%
  bucket 507: 90%
  Sorting block time: 00:00:01
Returning block of 633584 for bucket 487
  bucket 489: 90%
  bucket 518: 80%
  bucket 514: 90%
  bucket 521: 80%
  bucket 482: 100%
  Sorting block of length 2396200 for bucket 482
  (Using difference cover)
  bucket 508: 100%
  Sorting block of length 3027478 for bucket 508
  (Using difference cover)
  bucket 490: 100%
  Sorting block of length 2916039 for bucket 490
  (Using difference cover)
  bucket 492: 90%
  bucket 491: 90%
  bucket 499: 80%
  bucket 526: 70%
  bucket 513: 100%
  Sorting block of length 3197833 for bucket 513
  (Using difference cover)
  bucket 520: 80%
  bucket 493: 80%
  bucket 511: 70%
  bucket 517: 80%
  bucket 525: 80%
  bucket 504: 80%
  bucket 515: 90%
  bucket 516: 70%
  bucket 522: 90%
  bucket 509: 90%
  bucket 494: 90%
  bucket 483: 100%
  Sorting block of length 2615781 for bucket 483
  (Using difference cover)
  bucket 519: 90%
  bucket 505: 90%
  bucket 497: 80%
  bucket 498: 90%
  bucket 527: 60%
  bucket 488: 90%
  bucket 510: 90%
  bucket 506: 90%
  bucket 503: 90%
  bucket 496: 90%
  bucket 485: 100%
  Sorting block of length 2353826 for bucket 485
  (Using difference cover)
  Sorting block time: 00:00:05
Returning block of 3226552 for bucket 523
  Sorting block time: 00:00:06
Returning block of 2792060 for bucket 502
  bucket 524: 60%
  Sorting block time: 00:00:04
Returning block of 2396201 for bucket 482
  bucket 495: 100%
  Sorting block of length 1566999 for bucket 495
  (Using difference cover)
  bucket 489: 100%
  Sorting block of length 976607 for bucket 489
  (Using difference cover)
  bucket 507: 100%
  Sorting block of length 2253024 for bucket 507
  (Using difference cover)
  bucket 478: 100%
  Sorting block of length 2993456 for bucket 478
  (Using difference cover)
  bucket 514: 100%
  Sorting block of length 3130943 for bucket 514
  (Using difference cover)
  bucket 501: 100%
  Sorting block of length 2966577 for bucket 501
  (Using difference cover)
  bucket 518: 90%
  bucket 492: 100%
  Sorting block of length 2711309 for bucket 492
  (Using difference cover)
  bucket 499: 90%
  bucket 526: 80%
  bucket 517: 90%
  bucket 520: 90%
  bucket 511: 80%
  bucket 500: 80%
  Sorting block time: 00:00:05
Returning block of 3197834 for bucket 513
  Sorting block time: 00:00:06
Returning block of 2916040 for bucket 490
  bucket 493: 90%
  Sorting block time: 00:00:06
Returning block of 3027479 for bucket 508
  bucket 521: 90%
  bucket 515: 100%
  Sorting block of length 2405847 for bucket 515
  (Using difference cover)
  bucket 504: 90%
  bucket 522: 100%
  Sorting block of length 2883712 for bucket 522
  (Using difference cover)
  Sorting block time: 00:00:02
Returning block of 976608 for bucket 489
  bucket 491: 100%
  Sorting block of length 658657 for bucket 491
  (Using difference cover)
  bucket 525: 90%
  bucket 509: 100%
  Sorting block of length 2036361 for bucket 509
  (Using difference cover)
  bucket 519: 100%
  Sorting block of length 3195248 for bucket 519
  (Using difference cover)
  bucket 494: 100%
  Sorting block of length 3042058 for bucket 494
  (Using difference cover)
  Sorting block time: 00:00:05
Returning block of 2615782 for bucket 483
  bucket 527: 70%
  bucket 505: 100%
  Sorting block of length 2870830 for bucket 505
  (Using difference cover)
  Sorting block time: 00:00:04
Returning block of 2353827 for bucket 485
  bucket 497: 90%
  Sorting block time: 00:00:03
Returning block of 1567000 for bucket 495
  bucket 516: 80%
  bucket 498: 100%
  Sorting block of length 3276710 for bucket 498
  (Using difference cover)
  bucket 488: 100%
  Sorting block of length 2879176 for bucket 488
  (Using difference cover)
  bucket 510: 100%
  Sorting block of length 2984633 for bucket 510
  (Using difference cover)
  bucket 506: 100%
  Sorting block of length 1731923 for bucket 506
  (Using difference cover)
  bucket 503: 100%
  Sorting block of length 2613301 for bucket 503
  (Using difference cover)
  Sorting block time: 00:00:02
Returning block of 658658 for bucket 491
  Sorting block time: 00:00:04
Returning block of 2253025 for bucket 507
  bucket 496: 100%
  Sorting block of length 2452940 for bucket 496
  (Using difference cover)
  bucket 524: 70%
  Sorting block time: 00:00:05
Returning block of 2993457 for bucket 478
  bucket 518: 100%
  Sorting block of length 1049636 for bucket 518
  (Using difference cover)
  Sorting block time: 00:00:06
Returning block of 3130944 for bucket 514
  Sorting block time: 00:00:04
Returning block of 2036362 for bucket 509
  Sorting block time: 00:00:06
Returning block of 2711310 for bucket 492
  bucket 526: 90%
  Sorting block time: 00:00:05
Returning block of 2405848 for bucket 515
  Sorting block time: 00:00:06
Returning block of 2966578 for bucket 501
  Sorting block time: 00:00:04
Returning block of 1731924 for bucket 506
  Sorting block time: 00:00:05
Returning block of 2883713 for bucket 522
  Sorting block time: 00:00:02
Returning block of 1049637 for bucket 518
  bucket 520: 100%
  Sorting block of length 2239740 for bucket 520
  (Using difference cover)
  Sorting block time: 00:00:05
Returning block of 3042059 for bucket 494
  Sorting block time: 00:00:06
Returning block of 3276711 for bucket 498
  Sorting block time: 00:00:06
Returning block of 2613302 for bucket 503
  bucket 499: 100%
  Sorting block of length 2507492 for bucket 499
  (Using difference cover)
  Sorting block time: 00:00:06
Returning block of 2870831 for bucket 505
  Sorting block time: 00:00:06
Returning block of 2984634 for bucket 510
  Sorting block time: 00:00:05
Returning block of 2452941 for bucket 496
  Sorting block time: 00:00:06
Returning block of 2879177 for bucket 488
  Sorting block time: 00:00:06
Returning block of 3195249 for bucket 519
  bucket 511: 90%
  bucket 500: 90%
  bucket 517: 100%
  Sorting block of length 2404180 for bucket 517
  (Using difference cover)
  Sorting block time: 00:00:04
Returning block of 2239741 for bucket 520
  bucket 504: 100%
  Sorting block of length 1739034 for bucket 504
  (Using difference cover)
  bucket 525: 100%
  Sorting block of length 3197066 for bucket 525
  (Using difference cover)
  Sorting block time: 00:00:04
Returning block of 2507493 for bucket 499
  bucket 521: 100%
  Sorting block of length 2141193 for bucket 521
  (Using difference cover)
  bucket 493: 100%
  Sorting block of length 2481810 for bucket 493
  (Using difference cover)
  bucket 516: 90%
  Sorting block time: 00:00:04
Returning block of 2404181 for bucket 517
  Sorting block time: 00:00:03
Returning block of 1739035 for bucket 504
  Sorting block time: 00:00:03
Returning block of 2141194 for bucket 521
  bucket 527: 80%
  Sorting block time: 00:00:05
Returning block of 3197067 for bucket 525
  bucket 497: 100%
  Sorting block of length 1048092 for bucket 497
  (Using difference cover)
  Sorting block time: 00:00:04
Returning block of 2481811 for bucket 493
  Sorting block time: 00:00:02
Returning block of 1048093 for bucket 497
  bucket 526: 100%
  Sorting block of length 3248280 for bucket 526
  (Using difference cover)
  bucket 524: 80%
  Sorting block time: 00:00:05
Returning block of 3248281 for bucket 526
  bucket 500: 100%
  Sorting block of length 3042576 for bucket 500
  (Using difference cover)
  bucket 511: 100%
  Sorting block of length 1901931 for bucket 511
  (Using difference cover)
  bucket 516: 100%
  Sorting block of length 1883612 for bucket 516
  (Using difference cover)
  Sorting block time: 00:00:02
Returning block of 1901932 for bucket 511
  bucket 527: 90%
  Sorting block time: 00:00:05
Returning block of 3042577 for bucket 500
  Sorting block time: 00:00:03
Returning block of 1883613 for bucket 516
  bucket 524: 90%
  bucket 527: 100%
  Sorting block of length 2553247 for bucket 527
  (Using difference cover)
  Sorting block time: 00:00:03
Returning block of 2553248 for bucket 527
  bucket 524: 100%
  Sorting block of length 2766658 for bucket 524
  (Using difference cover)
  Sorting block time: 00:00:04
Returning block of 2766659 for bucket 524
Exited Ebwt loop
fchr[A]: 0
fchr[C]: 238340035
fchr[G]: 650247203
fchr[T]: 1060040422
fchr[$]: 1291191804
Exiting Ebwt::buildToDisk()
Returning from initFromVector
Wrote 737723781 bytes to primary EBWT file: /workdir/bowtie_update/uniq.1.bt2.tmp
Wrote 322797956 bytes to secondary EBWT file: /workdir/bowtie_update/uniq.2.bt2.tmp
Re-opening _in1 and _in2 as input streams
Returning from Ebwt constructor
Headers:
    len: 1291191804
    bwtLen: 1291191805
    sz: 322797951
    bwtSz: 322797952
    lineRate: 6
    offRate: 4
    offMask: 0xfffffff0
    ftabChars: 10
    eftabLen: 20
    eftabSz: 80
    ftabLen: 1048577
    ftabSz: 4194308
    offsLen: 80699488
    offsSz: 322797952
    lineSz: 64
    sideSz: 64
    sideBwtSz: 48
    sideBwtLen: 192
    numSides: 6724958
    numLines: 6724958
    ebwtTotLen: 430397312
    ebwtTotSz: 430397312
    color: 0
    reverse: 0
Total time for call to driver() for forward index: 00:22:52
Reading reference sizes
  Time reading reference sizes: 00:00:13
Calculating joined length
Writing header
Reserving space for joined string
Joining reference sequences
  Time to join reference sequences: 00:00:17
  Time to reverse reference sequence: 00:00:05
bmax according to bmaxDivN setting: 4483304
Using parameters --bmax 3362478 --dcv 1024
  Doing ahead-of-time memory usage test
  Passed!  Constructing with these parameters: --bmax 3362478 --dcv 1024
Constructing suffix-array element generator
Building DifferenceCoverSample
  Building sPrime
  Building sPrimeOrder
  V-Sorting samples
  V-Sorting samples time: 00:00:27
  Allocating rank array
  Ranking v-sort output
  Ranking v-sort output time: 00:00:11
  Invoking Larsson-Sadakane on ranks
  Invoking Larsson-Sadakane on ranks time: 00:00:24
  Sanity-checking and returning
Building samples
Reserving space for 770 sample suffixes
Generating random suffixes
QSorting 770 sample offsets, eliminating duplicates
QSorting sample offsets, eliminating duplicates time: 00:00:00
Multikey QSorting 770 samples
  (Using difference cover)
  Multikey QSorting samples time: 00:00:00
Calculating bucket sizes
Splitting and merging
  Splitting and merging time: 00:00:00
Split 103, merged 339; iterating...
Splitting and merging
  Splitting and merging time: 00:00:00
Split 54, merged 51; iterating...
Splitting and merging
  Splitting and merging time: 00:00:00
Split 28, merged 29; iterating...
Splitting and merging
  Splitting and merging time: 00:00:00
Split 11, merged 16; iterating...
Splitting and merging
  Splitting and merging time: 00:00:00
Split 3, merged 9; iterating...
Avg bucket size: 2.45474e+06 (target: 3362477)
Converting suffix-array elements to index image
Allocating ftab, absorbFtab
Entering Ebwt loop
Getting block 1 of 526
  Reserving size (3362478) for bucket 1
Getting block 2 of 526
  Reserving size (3362478) for bucket 2
Getting block 3 of 526
Getting block 4 of 526
Getting block 5 of 526
Getting block 6 of 526
Getting block 7 of 526
Getting block 8 of 526
Getting block 9 of 526
  Calculating Z arrays for bucket 1
Getting block 10 of 526
Getting block 11 of 526
Getting block 12 of 526
Getting block 13 of 526
Getting block 14 of 526
Getting block 15 of 526
Getting block 16 of 526
Getting block 17 of 526
Getting block 18 of 526
  Reserving size (3362478) for bucket 3
  Calculating Z arrays for bucket 2
  Reserving size (3362478) for bucket 4
  Reserving size (3362478) for bucket 5
  Reserving size (3362478) for bucket 6
  Reserving size (3362478) for bucket 7
Getting block 19 of 526
  Reserving size (3362478) for bucket 8
  Reserving size (3362478) for bucket 9
  Reserving size (3362478) for bucket 10
  Entering block accumulator loop for bucket 1:
  Reserving size (3362478) for bucket 11
  Reserving size (3362478) for bucket 12
  Reserving size (3362478) for bucket 13
  Reserving size (3362478) for bucket 14
Getting block 20 of 526
  Reserving size (3362478) for bucket 15
  Reserving size (3362478) for bucket 16
  Reserving size (3362478) for bucket 17
Getting block 21 of 526
Getting block 22 of 526
Getting block 23 of 526
Getting block 24 of 526
  Reserving size (3362478) for bucket 18
Getting block 25 of 526
Getting block 26 of 526
Getting block 27 of 526
Getting block 28 of 526
Getting block 29 of 526
Getting block 30 of 526
Getting block 31 of 526
Getting block 33 of 526
Getting block 32 of 526
Getting block 34 of 526
Getting block 35 of 526
  Calculating Z arrays for bucket 3
Getting block 36 of 526
Getting block 37 of 526
Getting block 38 of 526
Getting block 39 of 526
Getting block 40 of 526
  Entering block accumulator loop for bucket 2:
Getting block 41 of 526
Getting block 42 of 526
Getting block 43 of 526
Getting block 44 of 526
Getting block 45 of 526
Getting block 46 of 526
  Calculating Z arrays for bucket 5
  Calculating Z arrays for bucket 4
Getting block 47 of 526
Getting block 48 of 526
Getting block 49 of 526
Getting block 50 of 526
Getting block 51 of 526
Getting block 52 of 526
  Calculating Z arrays for bucket 6
  Calculating Z arrays for bucket 7
  Reserving size (3362478) for bucket 19
Getting block 53 of 526
Getting block 54 of 526
Getting block 55 of 526
Getting block 56 of 526
Getting block 57 of 526
Getting block 59 of 526
Getting block 58 of 526
Getting block 60 of 526
Getting block 61 of 526
Getting block 62 of 526
Getting block 63 of 526
Getting block 64 of 526
Getting block 65 of 526
Getting block 66 of 526
Getting block 67 of 526
Getting block 68 of 526
  Calculating Z arrays for bucket 8
  Calculating Z arrays for bucket 9
Getting block 69 of 526
Getting block 70 of 526
  Calculating Z arrays for bucket 10
Getting block 71 of 526
  Calculating Z arrays for bucket 11
  Calculating Z arrays for bucket 13
  Calculating Z arrays for bucket 14
  Reserving size (3362478) for bucket 20
  Calculating Z arrays for bucket 15
  Calculating Z arrays for bucket 17
  Calculating Z arrays for bucket 16
  Reserving size (3362478) for bucket 21
  Calculating Z arrays for bucket 12
  Reserving size (3362478) for bucket 22
  Reserving size (3362478) for bucket 23
  Reserving size (3362478) for bucket 24
  Calculating Z arrays for bucket 18
  Reserving size (3362478) for bucket 25
  Reserving size (3362478) for bucket 26
  Reserving size (3362478) for bucket 27
  Reserving size (3362478) for bucket 28
  Reserving size (3362478) for bucket 29
  Reserving size (3362478) for bucket 30
  Reserving size (3362478) for bucket 31
  Reserving size (3362478) for bucket 33
  Reserving size (3362478) for bucket 32
  Reserving size (3362478) for bucket 34
  Reserving size (3362478) for bucket 35
  Reserving size (3362478) for bucket 36
  Entering block accumulator loop for bucket 3:
  Reserving size (3362478) for bucket 37
  Reserving size (3362478) for bucket 38
  Reserving size (3362478) for bucket 39
  Reserving size (3362478) for bucket 40
  Reserving size (3362478) for bucket 41
  Reserving size (3362478) for bucket 42
  Reserving size (3362478) for bucket 43
  Reserving size (3362478) for bucket 44
  Reserving size (3362478) for bucket 45
  Reserving size (3362478) for bucket 46
  Reserving size (3362478) for bucket 47
  Entering block accumulator loop for bucket 5:
  Entering block accumulator loop for bucket 4:
  Reserving size (3362478) for bucket 48
  Reserving size (3362478) for bucket 49
  Reserving size (3362478) for bucket 50
  Reserving size (3362478) for bucket 51
  Reserving size (3362478) for bucket 52
  Entering block accumulator loop for bucket 6:
  Reserving size (3362478) for bucket 53
  Entering block accumulator loop for bucket 7:
  Calculating Z arrays for bucket 19
  Reserving size (3362478) for bucket 54
  Reserving size (3362478) for bucket 55
  Reserving size (3362478) for bucket 56
  Reserving size (3362478) for bucket 57
  Reserving size (3362478) for bucket 59
  Reserving size (3362478) for bucket 58
  Reserving size (3362478) for bucket 60
  Reserving size (3362478) for bucket 61
  Reserving size (3362478) for bucket 62
  Reserving size (3362478) for bucket 63
  Reserving size (3362478) for bucket 64
  Reserving size (3362478) for bucket 65
  Reserving size (3362478) for bucket 66
  Reserving size (3362478) for bucket 67
  Reserving size (3362478) for bucket 68
  Reserving size (3362478) for bucket 69
  Entering block accumulator loop for bucket 8:
  Entering block accumulator loop for bucket 9:
  Reserving size (3362478) for bucket 70
  Entering block accumulator loop for bucket 10:
  Reserving size (3362478) for bucket 71
  Entering block accumulator loop for bucket 11:
  Entering block accumulator loop for bucket 13:
  Entering block accumulator loop for bucket 14:
  Entering block accumulator loop for bucket 15:
  Calculating Z arrays for bucket 20
  Entering block accumulator loop for bucket 17:
  Entering block accumulator loop for bucket 16:
  Calculating Z arrays for bucket 21
  Entering block accumulator loop for bucket 12:
  Calculating Z arrays for bucket 23
  Calculating Z arrays for bucket 24
  Entering block accumulator loop for bucket 18:
  Calculating Z arrays for bucket 25
  Calculating Z arrays for bucket 26
  Calculating Z arrays for bucket 22
  Calculating Z arrays for bucket 27
  Calculating Z arrays for bucket 29
  Calculating Z arrays for bucket 30
  Calculating Z arrays for bucket 31
  Calculating Z arrays for bucket 33
  Calculating Z arrays for bucket 32
  Calculating Z arrays for bucket 34
  Calculating Z arrays for bucket 36
  Calculating Z arrays for bucket 37
  Calculating Z arrays for bucket 38
  Calculating Z arrays for bucket 28
  Calculating Z arrays for bucket 40
  Calculating Z arrays for bucket 39
  Calculating Z arrays for bucket 41
  Calculating Z arrays for bucket 43
  Calculating Z arrays for bucket 45
  Calculating Z arrays for bucket 47
  Calculating Z arrays for bucket 46
  Calculating Z arrays for bucket 35
  Calculating Z arrays for bucket 48
  Calculating Z arrays for bucket 44
  Calculating Z arrays for bucket 50
  Calculating Z arrays for bucket 49
  Calculating Z arrays for bucket 52
  Calculating Z arrays for bucket 53
  Entering block accumulator loop for bucket 19:
  Calculating Z arrays for bucket 54
  Calculating Z arrays for bucket 55
  Calculating Z arrays for bucket 57
  Calculating Z arrays for bucket 58
  Calculating Z arrays for bucket 60
  Calculating Z arrays for bucket 56
  Calculating Z arrays for bucket 59
  Calculating Z arrays for bucket 61
  Calculating Z arrays for bucket 62
  Calculating Z arrays for bucket 64
  Calculating Z arrays for bucket 65
  Calculating Z arrays for bucket 66
  Calculating Z arrays for bucket 67
  Calculating Z arrays for bucket 69
  Calculating Z arrays for bucket 68
  Calculating Z arrays for bucket 70
  Calculating Z arrays for bucket 51
  Calculating Z arrays for bucket 42
  Entering block accumulator loop for bucket 20:
  Entering block accumulator loop for bucket 21:
  Calculating Z arrays for bucket 71
  Entering block accumulator loop for bucket 23:
  Entering block accumulator loop for bucket 24:
  Calculating Z arrays for bucket 63
  Entering block accumulator loop for bucket 25:
  Entering block accumulator loop for bucket 26:
  Entering block accumulator loop for bucket 22:
  Entering block accumulator loop for bucket 27:
  Entering block accumulator loop for bucket 29:
  Entering block accumulator loop for bucket 30:
  Entering block accumulator loop for bucket 31:
  Entering block accumulator loop for bucket 33:
  Entering block accumulator loop for bucket 32:
  Entering block accumulator loop for bucket 34:
  Entering block accumulator loop for bucket 36:
  Entering block accumulator loop for bucket 37:
  Entering block accumulator loop for bucket 38:
  Entering block accumulator loop for bucket 28:
  Entering block accumulator loop for bucket 40:
  Entering block accumulator loop for bucket 39:
  Entering block accumulator loop for bucket 41:
  Entering block accumulator loop for bucket 43:
  Entering block accumulator loop for bucket 45:
  Entering block accumulator loop for bucket 47:
  Entering block accumulator loop for bucket 46:
  Entering block accumulator loop for bucket 35:
  Entering block accumulator loop for bucket 48:
  Entering block accumulator loop for bucket 44:
  Entering block accumulator loop for bucket 50:
  Entering block accumulator loop for bucket 49:
  Entering block accumulator loop for bucket 52:
  Entering block accumulator loop for bucket 53:
  Entering block accumulator loop for bucket 54:
  Entering block accumulator loop for bucket 55:
  Entering block accumulator loop for bucket 57:
  Entering block accumulator loop for bucket 58:
  Entering block accumulator loop for bucket 60:
  Entering block accumulator loop for bucket 56:
  Entering block accumulator loop for bucket 59:
  Entering block accumulator loop for bucket 61:
  Entering block accumulator loop for bucket 62:
  Entering block accumulator loop for bucket 64:
  Entering block accumulator loop for bucket 65:
  Entering block accumulator loop for bucket 66:
  Entering block accumulator loop for bucket 67:
  Entering block accumulator loop for bucket 69:
  Entering block accumulator loop for bucket 68:
  Entering block accumulator loop for bucket 70:
  Entering block accumulator loop for bucket 51:
  Entering block accumulator loop for bucket 42:
  Entering block accumulator loop for bucket 71:
  Entering block accumulator loop for bucket 63:
  bucket 2: 10%
  bucket 5: 10%
  bucket 12: 10%
  bucket 18: 10%
  bucket 6: 10%
  bucket 33: 10%
  bucket 61: 10%
  bucket 21: 10%
  bucket 48: 10%
  bucket 1: 10%
  bucket 22: 10%
  bucket 34: 10%
  bucket 30: 10%
  bucket 15: 10%
  bucket 8: 10%
  bucket 11: 10%
  bucket 3: 10%
  bucket 4: 10%
  bucket 7: 10%
  bucket 10: 10%
  bucket 14: 10%
  bucket 20: 10%
  bucket 9: 10%
  bucket 13: 10%
  bucket 23: 10%
  bucket 24: 10%
  bucket 17: 10%
  bucket 19: 10%
  bucket 16: 10%
  bucket 26: 10%
  bucket 64: 10%
  bucket 28: 10%
  bucket 31: 10%
  bucket 27: 10%
  bucket 29: 10%
  bucket 25: 10%
  bucket 36: 10%
  bucket 32: 10%
  bucket 41: 10%
  bucket 2: 20%
  bucket 37: 10%
  bucket 35: 10%
  bucket 54: 10%
  bucket 40: 10%
  bucket 55: 10%
  bucket 38: 10%
  bucket 47: 10%
  bucket 52: 10%
  bucket 50: 10%
  bucket 39: 10%
  bucket 46: 10%
  bucket 56: 10%
  bucket 44: 10%
  bucket 42: 10%
  bucket 43: 10%
  bucket 58: 10%
  bucket 49: 10%
  bucket 59: 10%
  bucket 51: 10%
  bucket 45: 10%
  bucket 53: 10%
  bucket 57: 10%
  bucket 70: 10%
  bucket 62: 10%
  bucket 60: 10%
  bucket 65: 10%
  bucket 71: 10%
  bucket 69: 10%
  bucket 68: 10%
  bucket 5: 20%
  bucket 66: 10%
  bucket 63: 10%
  bucket 67: 10%
  bucket 6: 20%
  bucket 48: 20%
  bucket 22: 20%
  bucket 12: 20%
  bucket 1: 20%
  bucket 61: 20%
  bucket 18: 20%
  bucket 33: 20%
  bucket 15: 20%
  bucket 5: 30%
  bucket 21: 20%
  bucket 30: 20%
  bucket 47: 20%
  bucket 64: 20%
  bucket 46: 20%
  bucket 11: 20%
  bucket 20: 20%
  bucket 8: 20%
  bucket 34: 20%
  bucket 3: 20%
  bucket 4: 20%
  bucket 6: 30%
  bucket 7: 20%
  bucket 10: 20%
  bucket 14: 20%
  bucket 9: 20%
  bucket 2: 30%
  bucket 16: 20%
  bucket 13: 20%
  bucket 23: 20%
  bucket 24: 20%
  bucket 17: 20%
  bucket 19: 20%
  bucket 31: 20%
  bucket 26: 20%
  bucket 22: 30%
  bucket 28: 20%
  bucket 27: 20%
  bucket 29: 20%
  bucket 25: 20%
  bucket 32: 20%
  bucket 36: 20%
  bucket 37: 20%
  bucket 41: 20%
  bucket 35: 20%
  bucket 54: 20%
  bucket 48: 30%
  bucket 40: 20%
  bucket 38: 20%
  bucket 52: 20%
  bucket 39: 20%
  bucket 50: 20%
  bucket 56: 20%
  bucket 44: 20%
  bucket 42: 20%
  bucket 43: 20%
  bucket 1: 30%
  bucket 58: 20%
  bucket 49: 20%
  bucket 59: 20%
  bucket 51: 20%
  bucket 45: 20%
  bucket 53: 20%
  bucket 57: 20%
  bucket 55: 20%
  bucket 62: 20%
  bucket 71: 20%
  bucket 33: 30%
  bucket 60: 20%
  bucket 65: 20%
  bucket 70: 20%
  bucket 12: 30%
  bucket 69: 20%
  bucket 68: 20%
  bucket 66: 20%
  bucket 63: 20%
  bucket 67: 20%
  bucket 5: 40%
  bucket 11: 30%
  bucket 61: 30%
  bucket 30: 30%
  bucket 18: 30%
  bucket 64: 30%
  bucket 34: 30%
  bucket 21: 30%
  bucket 46: 30%
  bucket 22: 40%
  bucket 15: 30%
  bucket 47: 30%
  bucket 1: 40%
  bucket 8: 30%
  bucket 20: 30%
  bucket 6: 40%
  bucket 12: 40%
  bucket 3: 30%
  bucket 4: 30%
  bucket 2: 40%
  bucket 7: 30%
  bucket 10: 30%
  bucket 14: 30%
  bucket 16: 30%
  bucket 9: 30%
  bucket 13: 30%
  bucket 23: 30%
  bucket 24: 30%
  bucket 17: 30%
  bucket 19: 30%
  bucket 11: 40%
  bucket 26: 30%
  bucket 28: 30%
  bucket 31: 30%
  bucket 61: 40%
  bucket 27: 30%
  bucket 33: 40%
  bucket 30: 40%
  bucket 29: 30%
  bucket 25: 30%
  bucket 36: 30%
  bucket 32: 30%
  bucket 37: 30%
  bucket 35: 30%
  bucket 54: 30%
  bucket 40: 30%
  bucket 41: 30%
  bucket 22: 50%
  bucket 48: 40%
  bucket 38: 30%
  bucket 52: 30%
  bucket 50: 30%
  bucket 39: 30%
  bucket 64: 40%
  bucket 44: 30%
  bucket 42: 30%
  bucket 56: 30%
  bucket 46: 40%
  bucket 58: 30%
  bucket 43: 30%
  bucket 49: 30%
  bucket 45: 30%
  bucket 59: 30%
  bucket 51: 30%
  bucket 53: 30%
  bucket 1: 50%
  bucket 34: 40%
  bucket 57: 30%
  bucket 62: 30%
  bucket 55: 30%
  bucket 60: 30%
  bucket 5: 50%
  bucket 65: 30%
  bucket 71: 30%
  bucket 70: 30%
  bucket 69: 30%
  bucket 68: 30%
  bucket 66: 30%
  bucket 63: 30%
  bucket 12: 50%
  bucket 18: 40%
  bucket 67: 30%
  bucket 21: 40%
  bucket 47: 40%
  bucket 15: 40%
  bucket 30: 50%
  bucket 16: 40%
  bucket 8: 40%
  bucket 33: 50%
  bucket 6: 50%
  bucket 20: 40%
  bucket 3: 40%
  bucket 61: 50%
  bucket 2: 50%
  bucket 4: 40%
  bucket 1: 60%
  bucket 22: 60%
  bucket 7: 40%
  bucket 11: 50%
  bucket 10: 40%
  bucket 14: 40%
  bucket 9: 40%
  bucket 46: 50%
  bucket 13: 40%
  bucket 23: 40%
  bucket 24: 40%
  bucket 26: 40%
  bucket 19: 40%
  bucket 64: 50%
  bucket 17: 40%
  bucket 12: 60%
  bucket 28: 40%
  bucket 31: 40%
  bucket 27: 40%
  bucket 29: 40%
  bucket 25: 40%
  bucket 36: 40%
  bucket 32: 40%
  bucket 55: 40%
  bucket 37: 40%
  bucket 39: 40%
  bucket 40: 40%
  bucket 35: 40%
  bucket 54: 40%
  bucket 42: 40%
  bucket 48: 50%
  bucket 41: 40%
  bucket 5: 60%
  bucket 52: 40%
  bucket 38: 40%
  bucket 44: 40%
  bucket 16: 50%
  bucket 50: 40%
  bucket 56: 40%
  bucket 34: 50%
  bucket 58: 40%
  bucket 45: 40%
  bucket 43: 40%
  bucket 59: 40%
  bucket 49: 40%
  bucket 51: 40%
  bucket 53: 40%
  bucket 57: 40%
  bucket 62: 40%
  bucket 18: 50%
  bucket 15: 50%
  bucket 65: 40%
  bucket 60: 40%
  bucket 71: 40%
  bucket 1: 70%
  bucket 63: 40%
  bucket 22: 70%
  bucket 70: 40%
  bucket 68: 40%
  bucket 69: 40%
  bucket 21: 50%
  bucket 6: 60%
  bucket 66: 40%
  bucket 47: 50%
  bucket 67: 40%
  bucket 11: 60%
  bucket 23: 50%
  bucket 33: 60%
  bucket 8: 50%
  bucket 2: 60%
  bucket 3: 50%
  bucket 20: 50%
  bucket 30: 60%
  bucket 9: 50%
  bucket 61: 60%
  bucket 46: 60%
  bucket 4: 50%
  bucket 12: 70%
  bucket 26: 50%
  bucket 7: 50%
  bucket 10: 50%
  bucket 14: 50%
  bucket 16: 60%
  bucket 13: 50%
  bucket 24: 50%
  bucket 19: 50%
  bucket 17: 50%
  bucket 39: 50%
  bucket 64: 60%
  bucket 40: 50%
  bucket 45: 50%
  bucket 28: 50%
  bucket 58: 50%
  bucket 27: 50%
  bucket 42: 50%
  bucket 29: 50%
  bucket 31: 50%
  bucket 25: 50%
  bucket 32: 50%
  bucket 15: 60%
  bucket 36: 50%
  bucket 5: 70%
  bucket 1: 80%
  bucket 6: 70%
  bucket 37: 50%
  bucket 9: 60%
  bucket 55: 50%
  bucket 35: 50%
  bucket 71: 50%
  bucket 54: 50%
  bucket 48: 60%
  bucket 41: 50%
  bucket 52: 50%
  bucket 34: 60%
  bucket 18: 60%
  bucket 38: 50%
  bucket 44: 50%
  bucket 56: 50%
  bucket 43: 50%
  bucket 59: 50%
  bucket 51: 50%
  bucket 49: 50%
  bucket 53: 50%
  bucket 50: 50%
  bucket 26: 60%
  bucket 57: 50%
  bucket 12: 80%
  bucket 46: 70%
  bucket 62: 50%
  bucket 21: 60%
  bucket 22: 80%
  bucket 23: 60%
  bucket 20: 60%
  bucket 60: 50%
  bucket 63: 50%
  bucket 65: 50%
  bucket 2: 70%
  bucket 68: 50%
  bucket 70: 50%
  bucket 11: 70%
  bucket 16: 70%
  bucket 3: 60%
  bucket 8: 60%
  bucket 66: 50%
  bucket 47: 60%
  bucket 4: 60%
  bucket 69: 50%
  bucket 33: 70%
  bucket 58: 60%
  bucket 30: 70%
  bucket 67: 50%
  bucket 7: 60%
  bucket 15: 70%
  bucket 42: 60%
  bucket 10: 60%
  bucket 64: 70%
  bucket 61: 70%
  bucket 14: 60%
  bucket 13: 60%
  bucket 24: 60%
  bucket 45: 60%
  bucket 29: 60%
  bucket 25: 60%
  bucket 17: 60%
  bucket 19: 60%
  bucket 39: 60%
  bucket 40: 60%
  bucket 28: 60%
  bucket 34: 70%
  bucket 1: 90%
  bucket 46: 80%
  bucket 27: 60%
  bucket 5: 80%
  bucket 9: 70%
  bucket 31: 60%
  bucket 32: 60%
  bucket 12: 90%
  bucket 6: 80%
  bucket 48: 70%
  bucket 36: 60%
  bucket 23: 70%
  bucket 18: 70%
  bucket 21: 70%
  bucket 37: 60%
  bucket 41: 60%
  bucket 15: 80%
  bucket 35: 60%
  bucket 59: 60%
  bucket 26: 70%
  bucket 55: 60%
  bucket 52: 60%
  bucket 58: 70%
  bucket 54: 60%
  bucket 44: 60%
  bucket 38: 60%
  bucket 71: 60%
  bucket 56: 60%
  bucket 3: 70%
  bucket 22: 90%
  bucket 43: 60%
  bucket 51: 60%
  bucket 49: 60%
  bucket 20: 70%
  bucket 53: 60%
  bucket 57: 60%
  bucket 50: 60%
  bucket 2: 80%
  bucket 62: 60%
  bucket 11: 80%
  bucket 8: 70%
  bucket 16: 80%
  bucket 60: 60%
  bucket 4: 70%
  bucket 29: 70%
  bucket 42: 70%
  bucket 25: 70%
  bucket 63: 60%
  bucket 65: 60%
  bucket 64: 80%
  bucket 1: 100%
  Sorting block of length 2417726 for bucket 1
  (Using difference cover)
  bucket 7: 70%
  bucket 47: 70%
  bucket 68: 60%
  bucket 66: 60%
  bucket 70: 60%
  bucket 10: 70%
  bucket 30: 80%
  bucket 33: 80%
  bucket 14: 70%
  bucket 69: 60%
  bucket 13: 70%
  bucket 24: 70%
  bucket 67: 60%
  bucket 46: 90%
  bucket 17: 70%
  bucket 45: 70%
  bucket 61: 80%
  bucket 19: 70%
  bucket 41: 70%
  bucket 3: 80%
  bucket 15: 90%
  bucket 39: 70%
  bucket 59: 70%
  bucket 34: 80%
  bucket 28: 70%
  bucket 40: 70%
  bucket 5: 90%
  bucket 9: 80%
  bucket 71: 70%
  bucket 12: 100%
  Sorting block of length 1407562 for bucket 12
  (Using difference cover)
  bucket 27: 70%
  bucket 6: 90%
  bucket 21: 80%
  bucket 31: 70%
  bucket 18: 80%
  bucket 32: 70%
  bucket 23: 80%
  bucket 48: 80%
  bucket 36: 70%
  bucket 29: 80%
  Sorting block time: 00:00:04
Returning block of 2417727 for bucket 1
  bucket 37: 70%
Getting block 72 of 526
  Reserving size (3362478) for bucket 72
  Calculating Z arrays for bucket 72
  Entering block accumulator loop for bucket 72:
  bucket 26: 80%
  bucket 64: 90%
  bucket 25: 80%
  bucket 2: 90%
  bucket 35: 70%
  bucket 22: 100%
  Sorting block of length 2301413 for bucket 22
  (Using difference cover)
  bucket 20: 80%
  Sorting block time: 00:00:02
Returning block of 1407563 for bucket 12
  bucket 52: 70%
Getting block 73 of 526
  Reserving size (3362478) for bucket 73
  Calculating Z arrays for bucket 73
  Entering block accumulator loop for bucket 73:
  bucket 44: 70%
  bucket 38: 70%
  bucket 58: 80%
  bucket 54: 70%
  bucket 55: 70%
  bucket 43: 70%
  bucket 56: 70%
  bucket 11: 90%
  bucket 16: 90%
  bucket 4: 80%
  bucket 3: 90%
  bucket 8: 80%
  bucket 14: 80%
  bucket 51: 70%
  bucket 49: 70%
  bucket 53: 70%
  bucket 46: 100%
  Sorting block of length 3306964 for bucket 46
  (Using difference cover)
  bucket 57: 70%
  bucket 19: 80%
  bucket 50: 70%
  bucket 62: 70%
  bucket 42: 80%
  bucket 7: 80%
  bucket 60: 70%
  bucket 10: 80%
  bucket 41: 80%
  bucket 13: 80%
  bucket 63: 70%
  bucket 59: 80%
  bucket 30: 90%
  bucket 47: 80%
  bucket 65: 70%
  bucket 33: 90%
  bucket 68: 70%
  bucket 71: 80%
  bucket 24: 80%
  bucket 66: 70%
  bucket 45: 80%
  bucket 17: 80%
  bucket 70: 70%
  bucket 69: 70%
  bucket 15: 100%
  Sorting block of length 2453757 for bucket 15
  (Using difference cover)
  bucket 34: 90%
  bucket 67: 70%
  bucket 61: 90%
  bucket 39: 80%
  bucket 25: 90%
  bucket 3: 100%
  Sorting block of length 2435174 for bucket 3
  (Using difference cover)
  bucket 5: 100%
  Sorting block of length 2758371 for bucket 5
  (Using difference cover)
  Sorting block time: 00:00:05
Returning block of 2301414 for bucket 22
  bucket 9: 90%
  bucket 28: 80%
  bucket 64: 100%
  Sorting block of length 2950493 for bucket 64
  (Using difference cover)
  bucket 6: 100%
  Sorting block of length 1287870 for bucket 6
  (Using difference cover)
  bucket 48: 90%
Getting block 74 of 526
  Reserving size (3362478) for bucket 74
  Calculating Z arrays for bucket 74
  Entering block accumulator loop for bucket 74:
  bucket 40: 80%
  bucket 27: 80%
  bucket 18: 90%
  bucket 14: 90%
  bucket 72: 10%
  bucket 19: 90%
  bucket 21: 90%
  bucket 36: 80%
  bucket 23: 90%
  bucket 32: 80%
  bucket 31: 80%
  bucket 2: 100%
  Sorting block of length 1887193 for bucket 2
  (Using difference cover)
  bucket 29: 90%
  bucket 26: 90%
  bucket 20: 90%
  bucket 35: 80%
  bucket 37: 80%
  bucket 49: 80%
  bucket 38: 80%
  bucket 4: 90%
  bucket 11: 100%
  Sorting block of length 3092787 for bucket 11
  (Using difference cover)
  bucket 52: 80%
  Sorting block time: 00:00:02
Returning block of 1287871 for bucket 6
  bucket 8: 90%
  bucket 16: 100%
  Sorting block of length 1040679 for bucket 16
  (Using difference cover)
  bucket 71: 90%
Getting block 75 of 526
  Reserving size (3362478) for bucket 75
  Calculating Z arrays for bucket 75
  Entering block accumulator loop for bucket 75:
  bucket 44: 80%
  bucket 17: 90%
  bucket 56: 80%
  bucket 73: 10%
  bucket 43: 80%
  bucket 58: 90%
  bucket 54: 80%
  bucket 55: 80%
  bucket 42: 90%
  bucket 51: 80%
  bucket 7: 90%
  bucket 53: 80%
  bucket 50: 80%
  bucket 57: 80%
  bucket 25: 100%
  Sorting block of length 2705034 for bucket 25
  (Using difference cover)
  bucket 59: 90%
  bucket 10: 90%
  bucket 34: 100%
  Sorting block of length 2267246 for bucket 34
  (Using difference cover)
  bucket 13: 90%
  bucket 62: 80%
  Sorting block time: 00:00:03
Returning block of 2435175 for bucket 3
  Sorting block time: 00:00:04
Returning block of 2453758 for bucket 15
  Sorting block time: 00:00:03
Returning block of 2758372 for bucket 5
  bucket 14: 100%
  Sorting block of length 2109196 for bucket 14
  (Using difference cover)
  bucket 60: 80%
Getting block 76 of 526
  Reserving size (3362478) for bucket 76
  Calculating Z arrays for bucket 76
  Entering block accumulator loop for bucket 76:
  Sorting block time: 00:00:06
Returning block of 3306965 for bucket 46
  bucket 41: 90%
Getting block 77 of 526
  Reserving size (3362478) for bucket 77
  Calculating Z arrays for bucket 77
  Entering block accumulator loop for bucket 77:
Getting block 78 of 526
  Reserving size (3362478) for bucket 78
  Calculating Z arrays for bucket 78
  Entering block accumulator loop for bucket 78:
  bucket 30: 100%
  Sorting block of length 2526325 for bucket 30
  (Using difference cover)
  bucket 24: 90%
  Sorting block time: 00:00:02
Returning block of 1887194 for bucket 2
  bucket 47: 90%
Getting block 79 of 526
  Reserving size (3362478) for bucket 79
  Calculating Z arrays for bucket 79
  Entering block accumulator loop for bucket 79:
  bucket 45: 90%
  bucket 69: 80%
  bucket 63: 80%
Getting block 80 of 526
  Reserving size (3362478) for bucket 80
  Calculating Z arrays for bucket 80
  Entering block accumulator loop for bucket 80:
  Sorting block time: 00:00:02
Returning block of 1040680 for bucket 16
  bucket 33: 100%
  Sorting block of length 3321950 for bucket 33
  (Using difference cover)
Getting block 81 of 526
  Reserving size (3362478) for bucket 81
  Calculating Z arrays for bucket 81
  Entering block accumulator loop for bucket 81:
  bucket 19: 100%
  Sorting block of length 3065474 for bucket 19
  (Using difference cover)
  bucket 18: 100%
  Sorting block of length 977614 for bucket 18
  (Using difference cover)
  bucket 68: 80%
  bucket 65: 80%
  bucket 21: 100%
  Sorting block of length 2067275 for bucket 21
  (Using difference cover)
  bucket 67: 80%
  Sorting block time: 00:00:06
Returning block of 2950494 for bucket 64
  Sorting block time: 00:00:03
Returning block of 2109197 for bucket 14
Getting block 82 of 526
  Reserving size (3362478) for bucket 82
  Calculating Z arrays for bucket 82
  Entering block accumulator loop for bucket 82:
Getting block 83 of 526
  Reserving size (3362478) for bucket 83
  Calculating Z arrays for bucket 83
  Entering block accumulator loop for bucket 83:
  bucket 66: 80%
  bucket 48: 100%
  Sorting block of length 2072211 for bucket 48
  (Using difference cover)
  bucket 39: 90%
  Sorting block time: 00:00:02
Returning block of 977615 for bucket 18
  bucket 40: 90%
  Sorting block time: 00:00:04
Returning block of 2705035 for bucket 25
Getting block 84 of 526
  Reserving size (3362478) for bucket 84
  Calculating Z arrays for bucket 84
  Entering block accumulator loop for bucket 84:
  bucket 70: 80%
  bucket 61: 100%
  Sorting block of length 1672059 for bucket 61
  (Using difference cover)
  bucket 9: 100%
  Sorting block of length 2084729 for bucket 9
  (Using difference cover)
Getting block 85 of 526
  Reserving size (3362478) for bucket 85
  Calculating Z arrays for bucket 85
  Entering block accumulator loop for bucket 85:
  bucket 27: 90%
  bucket 28: 90%
  Sorting block time: 00:00:06
Returning block of 3092788 for bucket 11
  bucket 17: 100%
  Sorting block of length 2523905 for bucket 17
  (Using difference cover)
  bucket 23: 100%
  Sorting block of length 1529672 for bucket 23
  (Using difference cover)
Getting block 86 of 526
  Reserving size (3362478) for bucket 86
  Calculating Z arrays for bucket 86
  Entering block accumulator loop for bucket 86:
  bucket 72: 20%
  bucket 74: 10%
  Sorting block time: 00:00:05
Returning block of 2526326 for bucket 30
  bucket 36: 90%
  bucket 26: 100%
  Sorting block of length 1702450 for bucket 26
  (Using difference cover)
  bucket 32: 90%
Getting block 87 of 526
  Reserving size (3362478) for bucket 87
  Calculating Z arrays for bucket 87
  Entering block accumulator loop for bucket 87:
  bucket 31: 90%
  bucket 20: 100%
  Sorting block of length 2554374 for bucket 20
  (Using difference cover)
  bucket 29: 100%
  Sorting block of length 2929011 for bucket 29
  (Using difference cover)
  bucket 35: 90%
  Sorting block time: 00:00:06
Returning block of 2267247 for bucket 34
  bucket 71: 100%
  Sorting block of length 1557792 for bucket 71
  (Using difference cover)
  bucket 56: 90%
  bucket 4: 100%
  Sorting block of length 2546565 for bucket 4
  (Using difference cover)
Getting block 88 of 526
  Reserving size (3362478) for bucket 88
  Calculating Z arrays for bucket 88
  Entering block accumulator loop for bucket 88:
  bucket 49: 90%
  bucket 59: 100%
  Sorting block of length 1781227 for bucket 59
  (Using difference cover)
  bucket 76: 10%
  bucket 52: 90%
  bucket 42: 100%
  Sorting block of length 2016231 for bucket 42
  (Using difference cover)
  bucket 8: 100%
  Sorting block of length 1480948 for bucket 8
  (Using difference cover)
  Sorting block time: 00:00:05
Returning block of 3065475 for bucket 19
  bucket 38: 90%
  bucket 37: 90%
  bucket 13: 100%
  Sorting block of length 2174119 for bucket 13
  (Using difference cover)
  bucket 43: 90%
  bucket 44: 90%
  Sorting block time: 00:00:04
Returning block of 2067276 for bucket 21
Getting block 89 of 526
  Reserving size (3362478) for bucket 89
  Calculating Z arrays for bucket 89
  Entering block accumulator loop for bucket 89:
  bucket 7: 100%
  Sorting block of length 2487218 for bucket 7
  (Using difference cover)
Getting block 90 of 526
  Reserving size (3362478) for bucket 90
  Calculating Z arrays for bucket 90
  Entering block accumulator loop for bucket 90:
  bucket 69: 90%
  bucket 77: 10%
  bucket 73: 20%
  bucket 58: 100%
  Sorting block of length 3351141 for bucket 58
  (Using difference cover)
  bucket 53: 90%
  bucket 10: 100%
  Sorting block of length 2723051 for bucket 10
  (Using difference cover)
  bucket 50: 90%
  bucket 75: 10%
  bucket 54: 90%
  bucket 45: 100%
  Sorting block of length 3219570 for bucket 45
  (Using difference cover)
  Sorting block time: 00:00:03
Returning block of 1672060 for bucket 61
  bucket 51: 90%
  bucket 55: 90%
  bucket 57: 90%
Getting block 91 of 526
  Reserving size (3362478) for bucket 91
  Calculating Z arrays for bucket 91
  Entering block accumulator loop for bucket 91:
  bucket 47: 100%
  Sorting block of length 3080023 for bucket 47
  (Using difference cover)
  Sorting block time: 00:00:06
Returning block of 3321951 for bucket 33
  Sorting block time: 00:00:03
Returning block of 1529673 for bucket 23
  bucket 84: 10%
  bucket 82: 10%
Getting block 92 of 526
  Reserving size (3362478) for bucket 92
  Calculating Z arrays for bucket 92
  Entering block accumulator loop for bucket 92:
  Sorting block time: 00:00:04
Returning block of 2084730 for bucket 9
  bucket 41: 100%
  Sorting block of length 2082693 for bucket 41
  (Using difference cover)
  bucket 62: 90%
  Sorting block time: 00:00:04
Returning block of 2072212 for bucket 48
  bucket 24: 100%
  Sorting block of length 2393552 for bucket 24
  (Using difference cover)
Getting block 93 of 526
  Reserving size (3362478) for bucket 93
  Calculating Z arrays for bucket 93
  Entering block accumulator loop for bucket 93:
  bucket 79: 10%
  Sorting block time: 00:00:03
Returning block of 1702451 for bucket 26
Getting block 94 of 526
  Reserving size (3362478) for bucket 94
  Calculating Z arrays for bucket 94
  Entering block accumulator loop for bucket 94:
  bucket 60: 90%
Getting block 95 of 526
  Reserving size (3362478) for bucket 95
  Calculating Z arrays for bucket 95
  Entering block accumulator loop for bucket 95:
Getting block 96 of 526
  Reserving size (3362478) for bucket 96
  Calculating Z arrays for bucket 96
  Entering block accumulator loop for bucket 96:
  bucket 68: 90%
  bucket 78: 10%
  bucket 80: 10%
  bucket 65: 90%
  bucket 67: 90%
  bucket 63: 90%
  bucket 81: 10%
  Sorting block time: 00:00:03
Returning block of 1480949 for bucket 8
  bucket 39: 100%
  Sorting block of length 3022835 for bucket 39
  (Using difference cover)
  Sorting block time: 00:00:03
Returning block of 1781228 for bucket 59
  bucket 40: 100%
  Sorting block of length 2367872 for bucket 40
  (Using difference cover)
  bucket 52: 100%
  Sorting block of length 2720659 for bucket 52
  (Using difference cover)
Getting block 97 of 526
  Reserving size (3362478) for bucket 97
  Calculating Z arrays for bucket 97
  Entering block accumulator loop for bucket 97:
  bucket 83: 10%
Getting block 98 of 526
  Reserving size (3362478) for bucket 98
  Calculating Z arrays for bucket 98
  Entering block accumulator loop for bucket 98:
  bucket 70: 90%
  bucket 66: 90%
  Sorting block time: 00:00:03
Returning block of 1557793 for bucket 71
  Sorting block time: 00:00:04
Returning block of 2523906 for bucket 17
  bucket 28: 100%
  Sorting block of length 1866499 for bucket 28
  (Using difference cover)
  bucket 27: 100%
  Sorting block of length 2785324 for bucket 27
  (Using difference cover)
  bucket 85: 10%
Getting block 99 of 526
  Reserving size (3362478) for bucket 99
  Calculating Z arrays for bucket 99
  Entering block accumulator loop for bucket 99:
Getting block 100 of 526
  Reserving size (3362478) for bucket 100
  Calculating Z arrays for bucket 100
  Entering block accumulator loop for bucket 100:
  Sorting block time: 00:00:04
Returning block of 2546566 for bucket 4
  bucket 31: 100%
  Sorting block of length 3181830 for bucket 31
  (Using difference cover)
Getting block 101 of 526
  Reserving size (3362478) for bucket 101
  Calculating Z arrays for bucket 101
  Entering block accumulator loop for bucket 101:
  bucket 90: 10%
  Sorting block time: 00:00:04
Returning block of 2016232 for bucket 42
  Sorting block time: 00:00:05
Returning block of 2554375 for bucket 20
Getting block 102 of 526
  Reserving size (3362478) for bucket 102
  Calculating Z arrays for bucket 102
  Entering block accumulator loop for bucket 102:
Getting block 103 of 526
  Reserving size (3362478) for bucket 103
  Calculating Z arrays for bucket 103
  Entering block accumulator loop for bucket 103:
  Sorting block time: 00:00:04
Returning block of 2174120 for bucket 13
  Sorting block time: 00:00:06
Returning block of 2929012 for bucket 29
Getting block 104 of 526
  Reserving size (3362478) for bucket 104
  Calculating Z arrays for bucket 104
  Entering block accumulator loop for bucket 104:
Getting block 105 of 526
  Reserving size (3362478) for bucket 105
  Calculating Z arrays for bucket 105
  Entering block accumulator loop for bucket 105:
  Sorting block time: 00:00:03
Returning block of 2393553 for bucket 24
  Sorting block time: 00:00:04
Returning block of 2487219 for bucket 7
Getting block 106 of 526
  Reserving size (3362478) for bucket 106
  Calculating Z arrays for bucket 106
  Entering block accumulator loop for bucket 106:
Getting block 107 of 526
  Reserving size (3362478) for bucket 107
  Calculating Z arrays for bucket 107
  Entering block accumulator loop for bucket 107:
  bucket 77: 20%
  bucket 73: 30%
  bucket 36: 100%
  Sorting block of length 2372308 for bucket 36
  (Using difference cover)
  bucket 86: 10%
  bucket 56: 100%
  Sorting block of length 2352833 for bucket 56
  (Using difference cover)
  bucket 72: 30%
  bucket 74: 20%
  bucket 32: 100%
  Sorting block of length 2606375 for bucket 32
  (Using difference cover)
  Sorting block time: 00:00:04
Returning block of 2082694 for bucket 41
  bucket 35: 100%
  Sorting block of length 2705784 for bucket 35
  (Using difference cover)
Getting block 108 of 526
  Reserving size (3362478) for bucket 108
  Calculating Z arrays for bucket 108
  Entering block accumulator loop for bucket 108:
  bucket 76: 20%
  Sorting block time: 00:00:06
Returning block of 3080024 for bucket 47
  Sorting block time: 00:00:06
Returning block of 3351142 for bucket 58
Getting block 109 of 526
  Reserving size (3362478) for bucket 109
  Calculating Z arrays for bucket 109
  Entering block accumulator loop for bucket 109:
Getting block 110 of 526
  Reserving size (3362478) for bucket 110
  Calculating Z arrays for bucket 110
  Entering block accumulator loop for bucket 110:
  bucket 88: 10%
  Sorting block time: 00:00:07
Returning block of 3219571 for bucket 45
Getting block 111 of 526
  Reserving size (3362478) for bucket 111
  Calculating Z arrays for bucket 111
  Entering block accumulator loop for bucket 111:
  Sorting block time: 00:00:07
Returning block of 2723052 for bucket 10
  Sorting block time: 00:00:05
Returning block of 2367873 for bucket 40
  bucket 43: 100%
  Sorting block of length 1645434 for bucket 43
  (Using difference cover)
Getting block 112 of 526
  Reserving size (3362478) for bucket 112
  Calculating Z arrays for bucket 112
  Entering block accumulator loop for bucket 112:
Getting block 113 of 526
  Reserving size (3362478) for bucket 113
  Calculating Z arrays for bucket 113
  Entering block accumulator loop for bucket 113:
  bucket 49: 100%
  Sorting block of length 2499387 for bucket 49
  (Using difference cover)
  Sorting block time: 00:00:06
Returning block of 2720660 for bucket 52
  Sorting block time: 00:00:05
Returning block of 2785325 for bucket 27
Getting block 114 of 526
  Reserving size (3362478) for bucket 114
  Calculating Z arrays for bucket 114
  Entering block accumulator loop for bucket 114:
Getting block 115 of 526
  Reserving size (3362478) for bucket 115
  Calculating Z arrays for bucket 115
  Entering block accumulator loop for bucket 115:
  Sorting block time: 00:00:07
Returning block of 1866500 for bucket 28
  Sorting block time: 00:00:07
Returning block of 3022836 for bucket 39
  Sorting block time: 00:00:04
Returning block of 2352834 for bucket 56
Getting block 116 of 526
  Reserving size (3362478) for bucket 116
  Calculating Z arrays for bucket 116
  Entering block accumulator loop for bucket 116:
  bucket 87: 10%
Getting block 117 of 526
  Reserving size (3362478) for bucket 117
  Calculating Z arrays for bucket 117
  Entering block accumulator loop for bucket 117:
Getting block 118 of 526
  Reserving size (3362478) for bucket 118
  Calculating Z arrays for bucket 118
  Entering block accumulator loop for bucket 118:
  bucket 84: 20%
  Sorting block time: 00:00:05
Returning block of 2705785 for bucket 35
Getting block 119 of 526
  Reserving size (3362478) for bucket 119
  Calculating Z arrays for bucket 119
  Entering block accumulator loop for bucket 119:
  bucket 82: 20%
  bucket 38: 100%
  Sorting block of length 2557926 for bucket 38
  (Using difference cover)
  bucket 37: 100%
  Sorting block of length 1999990 for bucket 37
  (Using difference cover)
  Sorting block time: 00:00:04
Returning block of 1645435 for bucket 43
Getting block 120 of 526
  Reserving size (3362478) for bucket 120
  Calculating Z arrays for bucket 120
  Entering block accumulator loop for bucket 120:
  bucket 44: 100%
  Sorting block of length 2481876 for bucket 44
  (Using difference cover)
  bucket 89: 10%
  Sorting block time: 00:00:07
Returning block of 2372309 for bucket 36
  bucket 54: 100%
  Sorting block of length 2484445 for bucket 54
  (Using difference cover)
Getting block 121 of 526
  Reserving size (3362478) for bucket 121
  Calculating Z arrays for bucket 121
  Entering block accumulator loop for bucket 121:
  bucket 53: 100%
  Sorting block of length 886052 for bucket 53
  (Using difference cover)
  Sorting block time: 00:00:09
Returning block of 3181831 for bucket 31
Getting block 122 of 526
  Reserving size (3362478) for bucket 122
  Calculating Z arrays for bucket 122
  Entering block accumulator loop for bucket 122:
  bucket 68: 100%
  Sorting block of length 1488596 for bucket 68
  (Using difference cover)
  Sorting block time: 00:00:08
Returning block of 2606376 for bucket 32
  bucket 50: 100%
  Sorting block of length 1726709 for bucket 50
  (Using difference cover)
Getting block 123 of 526
  Reserving size (3362478) for bucket 123
  Calculating Z arrays for bucket 123
  Entering block accumulator loop for bucket 123:
  bucket 79: 20%
  bucket 69: 100%
  Sorting block of length 2161304 for bucket 69
  (Using difference cover)
  bucket 91: 10%
  bucket 51: 100%
  Sorting block of length 1953195 for bucket 51
  (Using difference cover)
  Sorting block time: 00:00:04
Returning block of 1999991 for bucket 37
  bucket 96: 10%
  Sorting block time: 00:00:02
Returning block of 886053 for bucket 53
Getting block 124 of 526
  Reserving size (3362478) for bucket 124
  Calculating Z arrays for bucket 124
  Entering block accumulator loop for bucket 124:
  Sorting block time: 00:00:06
Returning block of 2499388 for bucket 49
Getting block 125 of 526
  Reserving size (3362478) for bucket 125
  Calculating Z arrays for bucket 125
  Entering block accumulator loop for bucket 125:
  bucket 93: 10%
Getting block 126 of 526
  Reserving size (3362478) for bucket 126
  Calculating Z arrays for bucket 126
  Entering block accumulator loop for bucket 126:
  bucket 80: 20%
  Sorting block time: 00:00:05
Returning block of 2557927 for bucket 38
  Sorting block time: 00:00:02
Returning block of 1488597 for bucket 68
Getting block 127 of 526
  Reserving size (3362478) for bucket 127
  Calculating Z arrays for bucket 127
  Entering block accumulator loop for bucket 127:
Getting block 128 of 526
  Reserving size (3362478) for bucket 128
  Calculating Z arrays for bucket 128
  Entering block accumulator loop for bucket 128:
  bucket 75: 20%
  Sorting block time: 00:00:04
Returning block of 2484446 for bucket 54
  Sorting block time: 00:00:03
Returning block of 1726710 for bucket 50
Getting block 129 of 526
  Reserving size (3362478) for bucket 129
  Calculating Z arrays for bucket 129
  Entering block accumulator loop for bucket 129:
Getting block 130 of 526
  Reserving size (3362478) for bucket 130
  Calculating Z arrays for bucket 130
  Entering block accumulator loop for bucket 130:
  bucket 73: 40%
  bucket 57: 100%
  Sorting block of length 2979310 for bucket 57
  (Using difference cover)
  bucket 98: 10%
  Sorting block time: 00:00:06
Returning block of 2481877 for bucket 44
  bucket 72: 40%
  Sorting block time: 00:00:04
Returning block of 1953196 for bucket 51
Getting block 131 of 526
  Reserving size (3362478) for bucket 131
  Calculating Z arrays for bucket 131
  Entering block accumulator loop for bucket 131:
Getting block 132 of 526
  Reserving size (3362478) for bucket 132
  Calculating Z arrays for bucket 132
  Entering block accumulator loop for bucket 132:
  Sorting block time: 00:00:04
Returning block of 2161305 for bucket 69
  bucket 55: 100%
  Sorting block of length 2581247 for bucket 55
  (Using difference cover)
  bucket 100: 10%
Getting block 133 of 526
  Reserving size (3362478) for bucket 133
  Calculating Z arrays for bucket 133
  Entering block accumulator loop for bucket 133:
  bucket 99: 10%
  bucket 109: 10%
  bucket 67: 100%
  Sorting block of length 2606315 for bucket 67
  (Using difference cover)
  bucket 62: 100%
  Sorting block of length 1797115 for bucket 62
  (Using difference cover)
  bucket 81: 20%
  bucket 94: 10%
  bucket 95: 10%
  bucket 60: 100%
  Sorting block of length 1760924 for bucket 60
  (Using difference cover)
  bucket 77: 30%
  bucket 92: 10%
  bucket 103: 10%
  bucket 70: 100%
  Sorting block of length 3222493 for bucket 70
  (Using difference cover)
  bucket 78: 20%
  Sorting block time: 00:00:04
Returning block of 2581248 for bucket 55
  bucket 65: 100%
  Sorting block of length 1725543 for bucket 65
  (Using difference cover)
Getting block 134 of 526
  Reserving size (3362478) for bucket 134
  Calculating Z arrays for bucket 134
  Entering block accumulator loop for bucket 134:
  bucket 83: 20%
  bucket 76: 30%
  Sorting block time: 00:00:04
Returning block of 1760925 for bucket 60
Getting block 135 of 526
  Reserving size (3362478) for bucket 135
  Calculating Z arrays for bucket 135
  Entering block accumulator loop for bucket 135:
  bucket 63: 100%
  Sorting block of length 3329662 for bucket 63
  (Using difference cover)
  Sorting block time: 00:00:05
Returning block of 2606316 for bucket 67
  bucket 85: 20%
  Sorting block time: 00:00:08
Returning block of 2979311 for bucket 57
Getting block 136 of 526
  Reserving size (3362478) for bucket 136
  Calculating Z arrays for bucket 136
  Entering block accumulator loop for bucket 136:
Getting block 137 of 526
  Reserving size (3362478) for bucket 137
  Calculating Z arrays for bucket 137
  Entering block accumulator loop for bucket 137:
  Sorting block time: 00:00:05
Returning block of 1797116 for bucket 62
Getting block 138 of 526
  Reserving size (3362478) for bucket 138
  Calculating Z arrays for bucket 138
  Entering block accumulator loop for bucket 138:
  bucket 82: 30%
  bucket 97: 10%
  bucket 111: 10%
  Sorting block time: 00:00:04
Returning block of 1725544 for bucket 65
Getting block 139 of 526
  Reserving size (3362478) for bucket 139
  Calculating Z arrays for bucket 139
  Entering block accumulator loop for bucket 139:
  bucket 66: 100%
  Sorting block of length 3088893 for bucket 66
  (Using difference cover)
  bucket 73: 50%
  bucket 86: 20%
  bucket 117: 10%
  bucket 105: 10%
  Sorting block time: 00:00:08
Returning block of 3222494 for bucket 70
Getting block 140 of 526
  Reserving size (3362478) for bucket 140
  Calculating Z arrays for bucket 140
  Entering block accumulator loop for bucket 140:
  bucket 104: 10%
  bucket 119: 10%
  bucket 88: 20%
  Sorting block time: 00:00:07
Returning block of 3329663 for bucket 63
  bucket 90: 20%
  bucket 79: 30%
  bucket 110: 10%
  bucket 74: 30%
  bucket 108: 10%
Getting block 141 of 526
  Reserving size (3362478) for bucket 141
  Calculating Z arrays for bucket 141
  Entering block accumulator loop for bucket 141:
  bucket 100: 20%
  bucket 84: 30%
  bucket 113: 10%
  bucket 93: 20%
  bucket 72: 50%
  bucket 80: 30%
  bucket 101: 10%
  bucket 91: 20%
  bucket 106: 10%
  bucket 114: 10%
  bucket 87: 20%
  bucket 127: 10%
  bucket 98: 20%
  Sorting block time: 00:00:07
Returning block of 3088894 for bucket 66
  bucket 99: 20%
Getting block 142 of 526
  Reserving size (3362478) for bucket 142
  Calculating Z arrays for bucket 142
  Entering block accumulator loop for bucket 142:
  bucket 102: 10%
  bucket 129: 10%
  bucket 107: 10%
  bucket 82: 40%
  bucket 109: 20%
  bucket 77: 40%
  bucket 136: 10%
  bucket 121: 10%
  bucket 76: 40%
  bucket 112: 10%
  bucket 118: 10%
  bucket 115: 10%
  bucket 96: 20%
  bucket 95: 20%
  bucket 73: 60%
  bucket 130: 10%
  bucket 116: 10%
  bucket 94: 20%
  bucket 89: 20%
  bucket 103: 20%
  bucket 120: 10%
  bucket 134: 10%
  bucket 75: 30%
  bucket 133: 10%
  bucket 124: 10%
  bucket 123: 10%
  bucket 122: 10%
  bucket 81: 30%
  bucket 125: 10%
  bucket 128: 10%
  bucket 83: 30%
  bucket 100: 30%
  bucket 119: 20%
  bucket 140: 10%
  bucket 126: 10%
  bucket 111: 20%
  bucket 85: 30%
  bucket 131: 10%
  bucket 132: 10%
  bucket 93: 30%
  bucket 92: 20%
  bucket 78: 30%
  bucket 79: 40%
  bucket 82: 50%
  bucket 88: 30%
  bucket 86: 30%
  bucket 135: 10%
  bucket 97: 20%
  bucket 74: 40%
  bucket 72: 60%
  bucket 104: 20%
  bucket 117: 20%
  bucket 127: 20%
  bucket 105: 20%
  bucket 139: 10%
  bucket 136: 20%
  bucket 138: 10%
  bucket 137: 10%
  bucket 90: 30%
  bucket 98: 30%
  bucket 84: 40%
  bucket 91: 30%
  bucket 76: 50%
  bucket 108: 20%
  bucket 80: 40%
  bucket 110: 20%
  bucket 73: 70%
  bucket 130: 20%
  bucket 113: 20%
  bucket 141: 10%
  bucket 129: 20%
  bucket 77: 50%
  bucket 109: 30%
  bucket 114: 20%
  bucket 99: 30%
  bucket 79: 50%
  bucket 87: 30%
  bucket 119: 30%
  bucket 101: 20%
  bucket 94: 30%
  bucket 106: 20%
  bucket 96: 30%
  bucket 103: 30%
  bucket 121: 20%
  bucket 95: 30%
  bucket 102: 20%
  bucket 140: 20%
  bucket 142: 10%
  bucket 100: 40%
  bucket 107: 20%
  bucket 134: 20%
  bucket 82: 60%
  bucket 72: 70%
  bucket 81: 40%
  bucket 89: 30%
  bucket 118: 20%
  bucket 115: 20%
  bucket 112: 20%
  bucket 136: 30%
  bucket 75: 40%
  bucket 74: 50%
  bucket 83: 40%
  bucket 93: 40%
  bucket 85: 40%
  bucket 127: 30%
  bucket 133: 20%
  bucket 116: 20%
  bucket 120: 20%
  bucket 86: 40%
  bucket 98: 40%
  bucket 76: 60%
  bucket 124: 20%
  bucket 78: 40%
  bucket 104: 30%
  bucket 128: 20%
  bucket 92: 30%
  bucket 125: 20%
  bucket 73: 80%
  bucket 88: 40%
  bucket 80: 50%
  bucket 122: 20%
  bucket 129: 30%
  bucket 131: 20%
  bucket 117: 30%
  bucket 132: 20%
  bucket 123: 20%
  bucket 126: 20%
  bucket 119: 40%
  bucket 111: 30%
  bucket 97: 30%
  bucket 77: 60%
  bucket 91: 40%
  bucket 79: 60%
  bucket 84: 50%
  bucket 105: 30%
  bucket 130: 30%
  bucket 114: 30%
  bucket 109: 40%
  bucket 135: 20%
  bucket 99: 40%
  bucket 72: 80%
  bucket 82: 70%
  bucket 90: 40%
  bucket 103: 40%
  bucket 136: 40%
  bucket 108: 30%
  bucket 96: 40%
  bucket 94: 40%
  bucket 110: 30%
  bucket 113: 30%
  bucket 127: 40%
  bucket 95: 40%
  bucket 139: 20%
  bucket 134: 30%
  bucket 100: 50%
  bucket 74: 60%
  bucket 76: 70%
  bucket 140: 30%
  bucket 138: 20%
  bucket 137: 20%
  bucket 141: 20%
  bucket 73: 90%
  bucket 98: 50%
  bucket 81: 50%
  bucket 87: 40%
  bucket 79: 70%
  bucket 85: 50%
  bucket 93: 50%
  bucket 83: 50%
  bucket 101: 30%
  bucket 89: 40%
  bucket 118: 30%
  bucket 106: 30%
  bucket 86: 50%
  bucket 92: 40%
  bucket 142: 20%
  bucket 103: 50%
  bucket 77: 70%
  bucket 129: 40%
  bucket 102: 30%
  bucket 136: 50%
  bucket 133: 30%
  bucket 107: 30%
  bucket 114: 40%
  bucket 75: 50%
  bucket 117: 40%
  bucket 104: 40%
  bucket 119: 50%
  bucket 121: 30%
  bucket 72: 90%
  bucket 82: 80%
  bucket 99: 50%
  bucket 109: 50%
  bucket 115: 30%
  bucket 112: 30%
  bucket 88: 50%
  bucket 91: 50%
  bucket 78: 50%
  bucket 84: 60%
  bucket 80: 60%
  bucket 127: 50%
  bucket 96: 50%
  bucket 79: 80%
  bucket 97: 40%
  bucket 120: 30%
  bucket 110: 40%
  bucket 134: 40%
  bucket 105: 40%
  bucket 130: 40%
  bucket 94: 50%
  bucket 116: 30%
  bucket 74: 70%
  bucket 128: 30%
  bucket 73: 100%
  Sorting block of length 3119635 for bucket 73
  (Using difference cover)
  bucket 98: 60%
  bucket 125: 30%
  bucket 124: 30%
  bucket 103: 60%
  bucket 100: 60%
  bucket 131: 30%
  bucket 132: 30%
  bucket 108: 40%
  bucket 90: 50%
  bucket 122: 30%
  bucket 136: 60%
  bucket 113: 40%
  bucket 95: 50%
  bucket 111: 40%
  Sorting block time: 00:00:06
Returning block of 3119636 for bucket 73
Getting block 143 of 526
  Reserving size (3362478) for bucket 143
  Calculating Z arrays for bucket 143
  Entering block accumulator loop for bucket 143:
  bucket 135: 30%
  bucket 126: 30%
  bucket 123: 30%
  bucket 76: 80%
  bucket 72: 100%
  Sorting block of length 3153183 for bucket 72
  (Using difference cover)
  bucket 77: 80%
  bucket 93: 60%
  bucket 80: 70%
  bucket 104: 50%
  bucket 79: 90%
  bucket 82: 90%
  bucket 81: 60%
  bucket 85: 60%
  bucket 140: 40%
  bucket 99: 60%
  bucket 129: 50%
  bucket 139: 30%
  bucket 119: 60%
  bucket 118: 40%
  bucket 83: 60%
  bucket 86: 60%
  bucket 92: 50%
  bucket 109: 60%
  bucket 141: 30%
  bucket 114: 50%
  bucket 87: 50%
  bucket 89: 50%
  bucket 138: 30%
  bucket 137: 30%
  bucket 103: 70%
  bucket 96: 60%
  bucket 133: 40%
  bucket 117: 50%
  bucket 110: 50%
  bucket 88: 60%
  bucket 75: 60%
  bucket 91: 60%
  bucket 101: 40%
  bucket 74: 80%
  bucket 127: 60%
  bucket 106: 40%
  bucket 97: 50%
  bucket 136: 70%
  bucket 142: 30%
  Sorting block time: 00:00:06
Returning block of 3153184 for bucket 72
  bucket 102: 40%
  bucket 98: 70%
  bucket 95: 60%
  bucket 84: 70%
  bucket 107: 40%
  bucket 93: 70%
  bucket 134: 50%
  bucket 94: 60%
Getting block 144 of 526
  Reserving size (3362478) for bucket 144
  Calculating Z arrays for bucket 144
  Entering block accumulator loop for bucket 144:
  bucket 79: 100%
  Sorting block of length 3124237 for bucket 79
  (Using difference cover)
  bucket 121: 40%
  bucket 115: 40%
  bucket 78: 60%
  bucket 120: 40%
  bucket 112: 40%
  bucket 100: 70%
  bucket 105: 50%
  bucket 130: 50%
  bucket 80: 80%
  bucket 81: 70%
  bucket 143: 10%
  bucket 108: 50%
  bucket 128: 40%
  bucket 77: 90%
  bucket 82: 100%
  Sorting block of length 2964730 for bucket 82
  (Using difference cover)
  bucket 116: 40%
  bucket 90: 60%
  Sorting block time: 00:00:05
Returning block of 3124238 for bucket 79
  bucket 125: 40%
  bucket 113: 50%
  bucket 103: 80%
  bucket 140: 50%
  bucket 131: 40%
  bucket 99: 70%
  bucket 124: 40%
Getting block 145 of 526
  Reserving size (3362478) for bucket 145
  Calculating Z arrays for bucket 145
  Entering block accumulator loop for bucket 145:
  bucket 132: 40%
  bucket 76: 90%
  bucket 85: 70%
  bucket 122: 40%
  bucket 111: 50%
  bucket 97: 60%
  bucket 104: 60%
  bucket 119: 70%
  bucket 74: 90%
  bucket 135: 40%
  bucket 93: 80%
  bucket 88: 70%
  bucket 86: 70%
  bucket 126: 40%
  bucket 83: 70%
  bucket 118: 50%
  bucket 129: 60%
  bucket 92: 60%
  bucket 123: 40%
  bucket 136: 80%
  bucket 139: 40%
  bucket 109: 70%
  bucket 95: 70%
  bucket 87: 60%
  bucket 141: 40%
  bucket 114: 60%
  bucket 89: 60%
  bucket 96: 70%
  bucket 91: 70%
  bucket 98: 80%
  bucket 144: 10%
  bucket 75: 70%
  bucket 138: 40%
  bucket 127: 70%
  bucket 81: 80%
  bucket 117: 60%
  bucket 94: 70%
  bucket 133: 50%
  bucket 137: 40%
  bucket 84: 80%
  bucket 110: 60%
  bucket 107: 50%
  bucket 80: 90%
  bucket 106: 50%
  bucket 101: 50%
  bucket 140: 60%
  bucket 102: 50%
  bucket 134: 60%
  bucket 142: 40%
  bucket 78: 70%
  bucket 74: 100%
  Sorting block of length 557278 for bucket 74
  (Using difference cover)
  bucket 100: 80%
  bucket 97: 70%
  bucket 145: 10%
  bucket 121: 50%
  bucket 115: 50%
  bucket 143: 20%
  bucket 112: 50%
  bucket 120: 50%
  bucket 130: 60%
  bucket 105: 60%
  bucket 95: 80%
  bucket 136: 90%
  bucket 103: 90%
  Sorting block time: 00:00:02
Returning block of 557279 for bucket 74
Getting block 146 of 526
  Reserving size (3362478) for bucket 146
  Calculating Z arrays for bucket 146
  Entering block accumulator loop for bucket 146:
  Sorting block time: 00:00:06
Returning block of 2964731 for bucket 82
  bucket 99: 80%
  bucket 77: 100%
  Sorting block of length 2554677 for bucket 77
  (Using difference cover)
  bucket 90: 70%
Getting block 147 of 526
  Reserving size (3362478) for bucket 147
  Calculating Z arrays for bucket 147
  Entering block accumulator loop for bucket 147:
  bucket 76: 100%
  Sorting block of length 2936260 for bucket 76
  (Using difference cover)
  bucket 108: 60%
  bucket 128: 50%
  bucket 85: 80%
  bucket 113: 60%
  bucket 88: 80%
  bucket 93: 90%
  bucket 116: 50%
  bucket 86: 80%
  bucket 125: 50%
  bucket 131: 50%
  bucket 132: 50%
  bucket 92: 70%
  bucket 144: 20%
  bucket 104: 70%
  bucket 83: 80%
  bucket 118: 60%
  bucket 124: 50%
  bucket 122: 50%
  bucket 111: 60%
  bucket 119: 80%
  bucket 135: 50%
  bucket 81: 90%
  bucket 126: 50%
  bucket 129: 70%
  bucket 140: 70%
  bucket 96: 80%
  bucket 100: 90%
  bucket 139: 50%
  bucket 123: 50%
  bucket 87: 70%
  bucket 80: 100%
  Sorting block of length 2451662 for bucket 80
  (Using difference cover)
  bucket 109: 80%
  bucket 89: 70%
  bucket 141: 50%
  bucket 98: 90%
  bucket 95: 90%
  bucket 114: 70%
  bucket 91: 80%
  bucket 107: 60%
  bucket 94: 80%
  bucket 75: 80%
  bucket 84: 90%
  bucket 136: 100%
  Sorting block of length 2874189 for bucket 136
  (Using difference cover)
  bucket 134: 70%
  bucket 127: 80%
  bucket 117: 70%
  bucket 138: 50%
  bucket 143: 30%
  bucket 78: 80%
  bucket 133: 60%
  bucket 137: 50%
  bucket 110: 70%
  bucket 97: 80%
  bucket 102: 60%
  bucket 106: 60%
  bucket 101: 60%
  bucket 142: 50%
  bucket 145: 20%
  bucket 100: 100%
  Sorting block of length 2724904 for bucket 100
  (Using difference cover)
  bucket 121: 60%
  bucket 112: 60%
  Sorting block time: 00:00:06
Returning block of 2554678 for bucket 77
  bucket 115: 60%
  bucket 99: 90%
  bucket 130: 70%
  bucket 96: 90%
  bucket 120: 60%
  bucket 140: 80%
Getting block 148 of 526
  Reserving size (3362478) for bucket 148
  Calculating Z arrays for bucket 148
  Entering block accumulator loop for bucket 148:
  bucket 103: 100%
  Sorting block of length 2328237 for bucket 103
  (Using difference cover)
  bucket 144: 30%
  bucket 95: 100%
  Sorting block of length 1976642 for bucket 95
  (Using difference cover)
  bucket 105: 70%
  bucket 118: 70%
  bucket 90: 80%
  bucket 116: 60%
  bucket 85: 90%
  bucket 93: 100%
  Sorting block of length 1694466 for bucket 93
  (Using difference cover)
  bucket 147: 10%
  bucket 146: 10%
  bucket 86: 90%
  bucket 88: 90%
  Sorting block time: 00:00:07
Returning block of 2936261 for bucket 76
  bucket 108: 70%
  bucket 92: 80%
  Sorting block time: 00:00:04
Returning block of 2451663 for bucket 80
Getting block 149 of 526
  Reserving size (3362478) for bucket 149
  Calculating Z arrays for bucket 149
  Entering block accumulator loop for bucket 149:
  bucket 128: 60%
  bucket 83: 90%
Getting block 150 of 526
  Reserving size (3362478) for bucket 150
  Calculating Z arrays for bucket 150
  Entering block accumulator loop for bucket 150:
  bucket 113: 70%
  bucket 81: 100%
  Sorting block of length 1762780 for bucket 81
  (Using difference cover)
  bucket 131: 60%
  bucket 104: 80%
  bucket 125: 60%
  bucket 132: 60%
  bucket 89: 80%
  bucket 122: 60%
  bucket 98: 100%
  Sorting block of length 1674277 for bucket 98
  (Using difference cover)
  bucket 119: 90%
  bucket 111: 70%
  bucket 135: 60%
  bucket 124: 60%
  bucket 143: 40%
  bucket 87: 80%
  bucket 126: 60%
  bucket 129: 80%
  bucket 94: 90%
  bucket 91: 90%
  bucket 139: 60%
  bucket 109: 90%
  bucket 141: 60%
  bucket 96: 100%
  Sorting block of length 2721198 for bucket 96
  (Using difference cover)
  bucket 123: 60%
  bucket 75: 90%
  Sorting block time: 00:00:05
Returning block of 2874190 for bucket 136
  Sorting block time: 00:00:02
Returning block of 1694467 for bucket 93
  Sorting block time: 00:00:03
Returning block of 1976643 for bucket 95
  bucket 114: 80%
  bucket 107: 70%
Getting block 151 of 526
  Reserving size (3362478) for bucket 151
  Calculating Z arrays for bucket 151
  Entering block accumulator loop for bucket 151:
Getting block 152 of 526
  Reserving size (3362478) for bucket 152
  Calculating Z arrays for bucket 152
  Entering block accumulator loop for bucket 152:
  Sorting block time: 00:00:05
Returning block of 2724905 for bucket 100
Getting block 153 of 526
  Reserving size (3362478) for bucket 153
  Calculating Z arrays for bucket 153
  Entering block accumulator loop for bucket 153:
  bucket 84: 100%
  Sorting block of length 1029947 for bucket 84
  (Using difference cover)
Getting block 154 of 526
  Reserving size (3362478) for bucket 154
  Calculating Z arrays for bucket 154
  Entering block accumulator loop for bucket 154:
  bucket 134: 80%
  Sorting block time: 00:00:04
Returning block of 2328238 for bucket 103
  bucket 78: 90%
  bucket 97: 90%
  bucket 130: 80%
  bucket 140: 90%
  bucket 127: 90%
  bucket 117: 80%
Getting block 155 of 526
  Reserving size (3362478) for bucket 155
  Calculating Z arrays for bucket 155
  Entering block accumulator loop for bucket 155:
  Sorting block time: 00:00:03
Returning block of 1762781 for bucket 81
  bucket 110: 80%
  bucket 138: 60%
Getting block 156 of 526
  Reserving size (3362478) for bucket 156
  Calculating Z arrays for bucket 156
  Entering block accumulator loop for bucket 156:
  bucket 102: 70%
  bucket 116: 70%
  bucket 133: 70%
  bucket 137: 60%
  Sorting block time: 00:00:03
Returning block of 1674278 for bucket 98
Getting block 157 of 526
  Reserving size (3362478) for bucket 157
  Calculating Z arrays for bucket 157
  Entering block accumulator loop for bucket 157:
  bucket 106: 70%
  bucket 101: 70%
  bucket 142: 60%
  bucket 99: 100%
  Sorting block of length 2187152 for bucket 99
  (Using difference cover)
  Sorting block time: 00:00:02
Returning block of 1029948 for bucket 84
  bucket 150: 10%
Getting block 158 of 526
  Reserving size (3362478) for bucket 158
  Calculating Z arrays for bucket 158
  Entering block accumulator loop for bucket 158:
  bucket 144: 40%
  bucket 88: 100%
  Sorting block of length 1336726 for bucket 88
  (Using difference cover)
  bucket 145: 30%
  bucket 112: 70%
  bucket 121: 70%
  bucket 90: 90%
  bucket 115: 70%
  bucket 85: 100%
  Sorting block of length 2675931 for bucket 85
  (Using difference cover)
  bucket 86: 100%
  Sorting block of length 1809865 for bucket 86
  (Using difference cover)
  bucket 120: 70%
  bucket 146: 20%
  bucket 148: 10%
  bucket 105: 80%
  bucket 143: 50%
  bucket 118: 80%
  bucket 129: 90%
  bucket 92: 90%
  bucket 108: 80%
  bucket 147: 20%
  bucket 83: 100%
  Sorting block of length 3306921 for bucket 83
  (Using difference cover)
  bucket 89: 90%
  bucket 107: 80%
  bucket 113: 80%
  Sorting block time: 00:00:05
Returning block of 2721199 for bucket 96
  bucket 128: 70%
  bucket 104: 90%
Getting block 159 of 526
  Reserving size (3362478) for bucket 159
  Calculating Z arrays for bucket 159
  Entering block accumulator loop for bucket 159:
  bucket 94: 100%
  Sorting block of length 2560055 for bucket 94
  (Using difference cover)
  bucket 149: 10%
  bucket 131: 70%
  bucket 125: 70%
  Sorting block time: 00:00:02
Returning block of 1336727 for bucket 88
  bucket 91: 100%
  Sorting block of length 3080657 for bucket 91
  (Using difference cover)
  bucket 132: 70%
Getting block 160 of 526
  Reserving size (3362478) for bucket 160
  Calculating Z arrays for bucket 160
  Entering block accumulator loop for bucket 160:
  bucket 153: 10%
  bucket 87: 90%
  bucket 122: 70%
  Sorting block time: 00:00:03
Returning block of 2187153 for bucket 99
  bucket 135: 70%
  bucket 111: 80%
Getting block 161 of 526
  Reserving size (3362478) for bucket 161
  Calculating Z arrays for bucket 161
  Entering block accumulator loop for bucket 161:
  bucket 119: 100%
  Sorting block of length 2262774 for bucket 119
  (Using difference cover)
  bucket 151: 10%
  bucket 126: 70%
  bucket 75: 100%
  Sorting block of length 3043579 for bucket 75
  (Using difference cover)
  bucket 124: 70%
  bucket 139: 70%
  bucket 140: 100%
  Sorting block of length 1931370 for bucket 140
  (Using difference cover)
  bucket 141: 70%
  bucket 109: 100%
  Sorting block of length 3261834 for bucket 109
  (Using difference cover)
  bucket 114: 90%
  bucket 133: 80%
  bucket 152: 10%
  Sorting block time: 00:00:04
Returning block of 1809866 for bucket 86
  bucket 97: 100%
  Sorting block of length 3357859 for bucket 97
  (Using difference cover)
  bucket 123: 70%
  bucket 78: 100%
  Sorting block of length 3356864 for bucket 78
  (Using difference cover)
Getting block 162 of 526
  Reserving size (3362478) for bucket 162
  Calculating Z arrays for bucket 162
  Entering block accumulator loop for bucket 162:
  bucket 150: 20%
  bucket 134: 90%
  bucket 130: 90%
  bucket 154: 10%
  bucket 127: 100%
  Sorting block of length 3165346 for bucket 127
  (Using difference cover)
  bucket 110: 90%
  bucket 117: 90%
  bucket 156: 10%
  bucket 102: 80%
  bucket 143: 60%
  bucket 129: 100%
  Sorting block of length 2627497 for bucket 129
  (Using difference cover)
  Sorting block time: 00:00:05
Returning block of 2675932 for bucket 85
  bucket 155: 10%
  bucket 116: 80%
  bucket 138: 70%
Getting block 163 of 526
  Reserving size (3362478) for bucket 163
  Calculating Z arrays for bucket 163
  Entering block accumulator loop for bucket 163:
  bucket 137: 70%
  bucket 144: 50%
  bucket 157: 10%
  bucket 106: 80%
  bucket 107: 90%
  bucket 90: 100%
  Sorting block of length 1877060 for bucket 90
  (Using difference cover)
  bucket 142: 70%
  bucket 101: 80%
  Sorting block time: 00:00:04
Returning block of 2560056 for bucket 94
  bucket 115: 80%
  bucket 121: 80%
  bucket 112: 80%
Getting block 164 of 526
  Reserving size (3362478) for bucket 164
  Calculating Z arrays for bucket 164
  Entering block accumulator loop for bucket 164:
  bucket 159: 10%
  bucket 158: 10%
  bucket 145: 40%
  bucket 92: 100%
  Sorting block of length 2838554 for bucket 92
  (Using difference cover)
  bucket 146: 30%
  bucket 120: 80%
  bucket 160: 10%
  Sorting block time: 00:00:04
Returning block of 1931371 for bucket 140
  bucket 113: 90%
  bucket 105: 90%
  bucket 148: 20%
Getting block 165 of 526
  Reserving size (3362478) for bucket 165
  Calculating Z arrays for bucket 165
  Entering block accumulator loop for bucket 165:
  bucket 89: 100%
  Sorting block of length 2631797 for bucket 89
  (Using difference cover)
  Sorting block time: 00:00:07
Returning block of 3306922 for bucket 83
  bucket 128: 80%
  bucket 108: 90%
  bucket 118: 90%
  bucket 147: 30%
  Sorting block time: 00:00:05
Returning block of 2262775 for bucket 119
Getting block 166 of 526
  Reserving size (3362478) for bucket 166
  Calculating Z arrays for bucket 166
  Entering block accumulator loop for bucket 166:
  Sorting block time: 00:00:06
Returning block of 3080658 for bucket 91
  bucket 153: 20%
Getting block 167 of 526
  Reserving size (3362478) for bucket 167
  Calculating Z arrays for bucket 167
  Entering block accumulator loop for bucket 167:
  bucket 104: 100%
  Sorting block of length 3233795 for bucket 104
  (Using difference cover)
  bucket 151: 20%
Getting block 168 of 526
  Reserving size (3362478) for bucket 168
  Calculating Z arrays for bucket 168
  Entering block accumulator loop for bucket 168:
  bucket 152: 20%
  bucket 87: 100%
  Sorting block of length 3232082 for bucket 87
  (Using difference cover)
  bucket 131: 80%
  Sorting block time: 00:00:04
Returning block of 2627498 for bucket 129
  Sorting block time: 00:00:06
Returning block of 3043580 for bucket 75
  bucket 149: 20%
  bucket 126: 80%
  bucket 125: 80%
  bucket 132: 80%
  bucket 122: 80%
Getting block 169 of 526
  Reserving size (3362478) for bucket 169
  Calculating Z arrays for bucket 169
  Entering block accumulator loop for bucket 169:
Getting block 170 of 526
  Reserving size (3362478) for bucket 170
  Calculating Z arrays for bucket 170
  Entering block accumulator loop for bucket 170:
  bucket 135: 80%
  bucket 111: 90%
  Sorting block time: 00:00:06
Returning block of 3261835 for bucket 109
  Sorting block time: 00:00:05
Returning block of 3356865 for bucket 78
  bucket 143: 70%
Getting block 171 of 526
  Reserving size (3362478) for bucket 171
  Calculating Z arrays for bucket 171
  Entering block accumulator loop for bucket 171:
  bucket 161: 10%
Getting block 172 of 526
  Reserving size (3362478) for bucket 172
  Calculating Z arrays for bucket 172
  Entering block accumulator loop for bucket 172:
  Sorting block time: 00:00:06
Returning block of 3357860 for bucket 97
  Sorting block time: 00:00:04
Returning block of 1877061 for bucket 90
  bucket 150: 30%
  bucket 141: 80%
Getting block 173 of 526
  Reserving size (3362478) for bucket 173
  Calculating Z arrays for bucket 173
  Entering block accumulator loop for bucket 173:
Getting block 174 of 526
  Reserving size (3362478) for bucket 174
  Calculating Z arrays for bucket 174
  Entering block accumulator loop for bucket 174:
  bucket 130: 100%
  Sorting block of length 2954529 for bucket 130
  (Using difference cover)
  bucket 139: 80%
  Sorting block time: 00:00:07
Returning block of 3165347 for bucket 127
  bucket 124: 80%
Getting block 175 of 526
  Reserving size (3362478) for bucket 175
  Calculating Z arrays for bucket 175
  Entering block accumulator loop for bucket 175:
  Sorting block time: 00:00:05
Returning block of 2838555 for bucket 92
  Sorting block time: 00:00:05
Returning block of 2631798 for bucket 89
Getting block 176 of 526
  Reserving size (3362478) for bucket 176
  Calculating Z arrays for bucket 176
  Entering block accumulator loop for bucket 176:
  bucket 110: 100%
  Sorting block of length 2423322 for bucket 110
  (Using difference cover)
Getting block 177 of 526
  Reserving size (3362478) for bucket 177
  Calculating Z arrays for bucket 177
  Entering block accumulator loop for bucket 177:
  bucket 114: 100%
  Sorting block of length 2745393 for bucket 114
  (Using difference cover)
  bucket 133: 90%
  Sorting block time: 00:00:05
Returning block of 3233796 for bucket 104
  bucket 102: 90%
Getting block 178 of 526
  Reserving size (3362478) for bucket 178
  Calculating Z arrays for bucket 178
  Entering block accumulator loop for bucket 178:
  bucket 156: 20%
  bucket 162: 10%
  bucket 134: 100%
  Sorting block of length 1545840 for bucket 134
  (Using difference cover)
  Sorting block time: 00:00:05
Returning block of 3232083 for bucket 87
Getting block 179 of 526
  Reserving size (3362478) for bucket 179
  Calculating Z arrays for bucket 179
  Entering block accumulator loop for bucket 179:
  bucket 123: 80%
  bucket 155: 20%
  bucket 144: 60%
  Sorting block time: 00:00:05
Returning block of 2954530 for bucket 130
Getting block 180 of 526
  Reserving size (3362478) for bucket 180
  Calculating Z arrays for bucket 180
  Entering block accumulator loop for bucket 180:
  Sorting block time: 00:00:03
Returning block of 1545841 for bucket 134
  Sorting block time: 00:00:04
Returning block of 2423323 for bucket 110
Getting block 181 of 526
  Reserving size (3362478) for bucket 181
  Calculating Z arrays for bucket 181
  Entering block accumulator loop for bucket 181:
  bucket 157: 20%
Getting block 182 of 526
  Reserving size (3362478) for bucket 182
  Calculating Z arrays for bucket 182
  Entering block accumulator loop for bucket 182:
  bucket 116: 90%
  bucket 154: 20%
  Sorting block time: 00:00:05
Returning block of 2745394 for bucket 114
Getting block 183 of 526
  Reserving size (3362478) for bucket 183
  Calculating Z arrays for bucket 183
  Entering block accumulator loop for bucket 183:
  bucket 117: 100%
  Sorting block of length 2080441 for bucket 117
  (Using difference cover)
  bucket 107: 100%
  Sorting block of length 2344768 for bucket 107
  (Using difference cover)
  bucket 145: 50%
  bucket 137: 80%
  bucket 151: 30%
  bucket 163: 10%
  Sorting block time: 00:00:05
Returning block of 2080442 for bucket 117
Getting block 184 of 526
  Reserving size (3362478) for bucket 184
  Calculating Z arrays for bucket 184
  Entering block accumulator loop for bucket 184:
  bucket 138: 80%
  bucket 164: 10%
  bucket 115: 90%
  bucket 148: 30%
  bucket 159: 20%
  bucket 121: 90%
  bucket 120: 90%
  bucket 106: 90%
  bucket 149: 30%
  bucket 142: 80%
  bucket 160: 20%
  Sorting block time: 00:00:06
Returning block of 2344769 for bucket 107
Getting block 185 of 526
  Reserving size (3362478) for bucket 185
  Calculating Z arrays for bucket 185
  Entering block accumulator loop for bucket 185:
  bucket 147: 40%
  bucket 105: 100%
  Sorting block of length 2631611 for bucket 105
  (Using difference cover)
  bucket 101: 90%
  bucket 167: 10%
  bucket 146: 40%
  bucket 158: 20%
  bucket 113: 100%
  Sorting block of length 2017448 for bucket 113
  (Using difference cover)
  bucket 152: 30%
  bucket 112: 90%
  bucket 143: 80%
  bucket 108: 100%
  Sorting block of length 2731370 for bucket 108
  (Using difference cover)
  bucket 165: 10%
  bucket 153: 30%
  bucket 150: 40%
  Sorting block time: 00:00:03
Returning block of 2017449 for bucket 113
  Sorting block time: 00:00:05
Returning block of 2631612 for bucket 105
Getting block 186 of 526
  Reserving size (3362478) for bucket 186
  Calculating Z arrays for bucket 186
  Entering block accumulator loop for bucket 186:
Getting block 187 of 526
  Reserving size (3362478) for bucket 187
  Calculating Z arrays for bucket 187
  Entering block accumulator loop for bucket 187:
  bucket 171: 10%
  bucket 166: 10%
  bucket 168: 10%
  bucket 128: 90%
  bucket 118: 100%
  Sorting block of length 2575664 for bucket 118
  (Using difference cover)
  bucket 156: 30%
  Sorting block time: 00:00:04
Returning block of 2731371 for bucket 108
Getting block 188 of 526
  Reserving size (3362478) for bucket 188
  Calculating Z arrays for bucket 188
  Entering block accumulator loop for bucket 188:
  bucket 144: 70%
  bucket 116: 100%
  Sorting block of length 2531808 for bucket 116
  (Using difference cover)
  bucket 177: 10%
  bucket 151: 40%
  bucket 180: 10%
  bucket 169: 10%
  bucket 155: 30%
  bucket 131: 90%
  bucket 145: 60%
  bucket 133: 100%
  Sorting block of length 2348951 for bucket 133
  (Using difference cover)
  Sorting block time: 00:00:04
Returning block of 2531809 for bucket 116
  bucket 182: 10%
  bucket 178: 10%
  bucket 181: 10%
Getting block 189 of 526
  Reserving size (3362478) for bucket 189
  Calculating Z arrays for bucket 189
  Entering block accumulator loop for bucket 189:
  bucket 132: 90%
  bucket 125: 90%
  bucket 157: 30%
  bucket 161: 20%
  bucket 135: 90%
  Sorting block time: 00:00:09
Returning block of 2575665 for bucket 118
Getting block 190 of 526
  Reserving size (3362478) for bucket 190
  Calculating Z arrays for bucket 190
  Entering block accumulator loop for bucket 190:
  bucket 162: 20%
  bucket 141: 90%
  bucket 126: 90%
  bucket 111: 100%
  Sorting block of length 2850173 for bucket 111
  (Using difference cover)
  bucket 122: 90%
  bucket 139: 90%
  bucket 102: 100%
  Sorting block of length 2143260 for bucket 102
  (Using difference cover)
  bucket 148: 40%
  Sorting block time: 00:00:04
Returning block of 2348952 for bucket 133
Getting block 191 of 526
  Reserving size (3362478) for bucket 191
  Calculating Z arrays for bucket 191
  Entering block accumulator loop for bucket 191:
  bucket 154: 30%
  bucket 149: 40%
  bucket 147: 50%
  bucket 164: 20%
  bucket 170: 10%
  bucket 124: 90%
  bucket 167: 20%
  bucket 172: 10%
  bucket 174: 10%
  bucket 143: 90%
  bucket 173: 10%
  bucket 183: 10%
  bucket 152: 40%
  Sorting block time: 00:00:06
Returning block of 2143261 for bucket 102
  bucket 163: 20%
  Sorting block time: 00:00:07
Returning block of 2850174 for bucket 111
Getting block 192 of 526
  Reserving size (3362478) for bucket 192
  Calculating Z arrays for bucket 192
  Entering block accumulator loop for bucket 192:
Getting block 193 of 526
  Reserving size (3362478) for bucket 193
  Calculating Z arrays for bucket 193
  Entering block accumulator loop for bucket 193:
  bucket 151: 50%
  bucket 150: 50%
  bucket 120: 100%
  Sorting block of length 2949001 for bucket 120
  (Using difference cover)
  bucket 159: 30%
  bucket 179: 10%
  bucket 175: 10%
  bucket 123: 90%
  bucket 106: 100%
  Sorting block of length 2699943 for bucket 106
  (Using difference cover)
  bucket 176: 10%
  bucket 146: 50%
  bucket 156: 40%
  bucket 158: 30%
  bucket 171: 20%
  bucket 137: 90%
  bucket 115: 100%
  Sorting block of length 1292268 for bucket 115
  (Using difference cover)
  bucket 144: 80%
  bucket 184: 10%
  bucket 138: 90%
  bucket 142: 90%
  bucket 101: 100%
  Sorting block of length 2257358 for bucket 101
  (Using difference cover)
  bucket 121: 100%
  Sorting block of length 3251680 for bucket 121
  (Using difference cover)
  bucket 180: 20%
  bucket 112: 100%
  Sorting block of length 2055798 for bucket 112
  (Using difference cover)
  bucket 160: 30%
  bucket 166: 20%
  bucket 168: 20%
  bucket 155: 40%
  bucket 169: 20%
  bucket 177: 20%
  bucket 187: 10%
  bucket 153: 40%
  bucket 186: 10%
  bucket 185: 10%
  bucket 145: 70%
  bucket 128: 100%
  Sorting block of length 2473595 for bucket 128
  (Using difference cover)
  bucket 165: 20%
  Sorting block time: 00:00:02
Returning block of 1292269 for bucket 115
  bucket 147: 60%
Getting block 194 of 526
  Reserving size (3362478) for bucket 194
  Calculating Z arrays for bucket 194
  Entering block accumulator loop for bucket 194:
  bucket 188: 10%
  bucket 182: 20%
  bucket 189: 10%
  bucket 131: 100%
  Sorting block of length 3046725 for bucket 131
  (Using difference cover)
  bucket 181: 20%
  bucket 152: 50%
  bucket 125: 100%
  Sorting block of length 1390898 for bucket 125
  (Using difference cover)
  bucket 157: 40%
  bucket 132: 100%
  Sorting block of length 3118271 for bucket 132
  (Using difference cover)
  bucket 141: 100%
  Sorting block of length 2281506 for bucket 141
  (Using difference cover)
  bucket 148: 50%
  bucket 162: 30%
  bucket 122: 100%
  Sorting block of length 3097658 for bucket 122
  (Using difference cover)
  bucket 149: 50%
  bucket 135: 100%
  Sorting block of length 2262190 for bucket 135
  (Using difference cover)
  Sorting block time: 00:00:04
Returning block of 2699944 for bucket 106
  Sorting block time: 00:00:03
Returning block of 2257359 for bucket 101
  bucket 164: 30%
  bucket 139: 100%
  Sorting block of length 2565745 for bucket 139
  (Using difference cover)
  bucket 161: 30%
  bucket 178: 20%
Getting block 195 of 526
  Reserving size (3362478) for bucket 195
  Calculating Z arrays for bucket 195
  Entering block accumulator loop for bucket 195:
Getting block 196 of 526
  Reserving size (3362478) for bucket 196
  Calculating Z arrays for bucket 196
  Entering block accumulator loop for bucket 196:
  bucket 170: 20%
  Sorting block time: 00:00:06
Returning block of 2949002 for bucket 120
  bucket 143: 100%
  Sorting block of length 2846398 for bucket 143
  (Using difference cover)
Getting block 197 of 526
  Reserving size (3362478) for bucket 197
  Calculating Z arrays for bucket 197
  Entering block accumulator loop for bucket 197:
  bucket 151: 60%
  bucket 167: 30%
  bucket 126: 100%
  Sorting block of length 2517607 for bucket 126
  (Using difference cover)
  Sorting block time: 00:00:04
Returning block of 2055799 for bucket 112
  bucket 154: 40%
Getting block 198 of 526
  Reserving size (3362478) for bucket 198
  Calculating Z arrays for bucket 198
  Entering block accumulator loop for bucket 198:
  Sorting block time: 00:00:03
Returning block of 1390899 for bucket 125
Getting block 199 of 526
  Reserving size (3362478) for bucket 199
  Calculating Z arrays for bucket 199
  Entering block accumulator loop for bucket 199:
  Sorting block time: 00:00:05
Returning block of 2473596 for bucket 128
Getting block 200 of 526
  Reserving size (3362478) for bucket 200
  Calculating Z arrays for bucket 200
  Entering block accumulator loop for bucket 200:
  bucket 156: 50%
  bucket 191: 10%
  bucket 190: 10%
  bucket 172: 20%
  bucket 124: 100%
  Sorting block of length 2233498 for bucket 124
  (Using difference cover)
  bucket 174: 20%
  Sorting block time: 00:00:06
Returning block of 2281507 for bucket 141
Getting block 201 of 526
  Reserving size (3362478) for bucket 201
  Calculating Z arrays for bucket 201
  Entering block accumulator loop for bucket 201:
  Sorting block time: 00:00:09
Returning block of 3251681 for bucket 121
  Sorting block time: 00:00:06
Returning block of 3046726 for bucket 131
  Sorting block time: 00:00:06
Returning block of 2565746 for bucket 139
  Sorting block time: 00:00:06
Returning block of 2262191 for bucket 135
  bucket 163: 30%
Getting block 202 of 526
  Reserving size (3362478) for bucket 202
  Calculating Z arrays for bucket 202
  Entering block accumulator loop for bucket 202:
Getting block 203 of 526
  Reserving size (3362478) for bucket 203
  Calculating Z arrays for bucket 203
  Entering block accumulator loop for bucket 203:
Getting block 204 of 526
  Reserving size (3362478) for bucket 204
  Calculating Z arrays for bucket 204
  Entering block accumulator loop for bucket 204:
Getting block 205 of 526
  Reserving size (3362478) for bucket 205
  Calculating Z arrays for bucket 205
  Entering block accumulator loop for bucket 205:
  bucket 150: 60%
  bucket 146: 60%
  bucket 144: 90%
  Sorting block time: 00:00:05
Returning block of 2846399 for bucket 143
  Sorting block time: 00:00:08
Returning block of 3118272 for bucket 132
Getting block 206 of 526
  Reserving size (3362478) for bucket 206
  Calculating Z arrays for bucket 206
  Entering block accumulator loop for bucket 206:
Getting block 207 of 526
  Reserving size (3362478) for bucket 207
  Calculating Z arrays for bucket 207
  Entering block accumulator loop for bucket 207:
  bucket 183: 20%
  bucket 159: 40%
  Sorting block time: 00:00:07
Returning block of 2517608 for bucket 126
Getting block 208 of 526
  Reserving size (3362478) for bucket 208
  Calculating Z arrays for bucket 208
  Entering block accumulator loop for bucket 208:
  Sorting block time: 00:00:10
Returning block of 3097659 for bucket 122
  Sorting block time: 00:00:05
Returning block of 2233499 for bucket 124
Getting block 209 of 526
  Reserving size (3362478) for bucket 209
  Calculating Z arrays for bucket 209
  Entering block accumulator loop for bucket 209:
Getting block 210 of 526
  Reserving size (3362478) for bucket 210
  Calculating Z arrays for bucket 210
  Entering block accumulator loop for bucket 210:
  bucket 175: 20%
  bucket 171: 30%
  bucket 173: 20%
  bucket 193: 10%
  bucket 158: 40%
  bucket 169: 30%
  bucket 179: 20%
  bucket 123: 100%
  Sorting block of length 1748924 for bucket 123
  (Using difference cover)
  bucket 155: 50%
  bucket 192: 10%
  bucket 180: 30%
  bucket 142: 100%
  Sorting block of length 2145248 for bucket 142
  (Using difference cover)
  bucket 147: 70%
  bucket 145: 80%
  bucket 194: 10%
  bucket 137: 100%
  Sorting block of length 3260122 for bucket 137
  (Using difference cover)
  bucket 168: 30%
  bucket 138: 100%
  Sorting block of length 3012462 for bucket 138
  (Using difference cover)
  bucket 176: 20%
  bucket 184: 20%
  bucket 177: 30%
  bucket 166: 30%
  Sorting block time: 00:00:05
Returning block of 1748925 for bucket 123
Getting block 211 of 526
  Reserving size (3362478) for bucket 211
  Calculating Z arrays for bucket 211
  Entering block accumulator loop for bucket 211:
  bucket 189: 20%
  bucket 160: 40%
  bucket 149: 60%
  Sorting block time: 00:00:04
Returning block of 2145249 for bucket 142
  bucket 148: 60%
  bucket 182: 30%
  bucket 152: 60%
Getting block 212 of 526
  Reserving size (3362478) for bucket 212
  Calculating Z arrays for bucket 212
  Entering block accumulator loop for bucket 212:
  bucket 181: 30%
  bucket 187: 20%
  bucket 156: 60%
  bucket 151: 70%
  bucket 186: 20%
  bucket 164: 40%
  Sorting block time: 00:00:09
Returning block of 3012463 for bucket 138
Getting block 213 of 526
  Reserving size (3362478) for bucket 213
  Calculating Z arrays for bucket 213
  Entering block accumulator loop for bucket 213:
  bucket 153: 50%
  Sorting block time: 00:00:09
Returning block of 3260123 for bucket 137
Getting block 214 of 526
  Reserving size (3362478) for bucket 214
  Calculating Z arrays for bucket 214
  Entering block accumulator loop for bucket 214:
  bucket 188: 20%
  bucket 157: 50%
  bucket 197: 10%
  bucket 165: 30%
  bucket 144: 100%
  Sorting block of length 2339731 for bucket 144
  (Using difference cover)
  bucket 162: 40%
  bucket 167: 40%
  bucket 185: 20%
  Sorting block time: 00:00:05
Returning block of 2339732 for bucket 144
  bucket 154: 50%
  bucket 158: 50%
  bucket 178: 30%
Getting block 215 of 526
  Reserving size (3362478) for bucket 215
  Calculating Z arrays for bucket 215
  Entering block accumulator loop for bucket 215:
  bucket 206: 10%
  bucket 171: 40%
  bucket 161: 40%
  bucket 194: 20%
  bucket 146: 70%
  bucket 150: 70%
  bucket 145: 90%
  bucket 163: 40%
  bucket 147: 80%
  bucket 155: 60%
  bucket 170: 30%
  bucket 196: 10%
  bucket 183: 30%
  bucket 159: 50%
  bucket 191: 20%
  bucket 169: 40%
  bucket 195: 10%
  bucket 168: 40%
  bucket 149: 70%
  bucket 177: 40%
  bucket 174: 30%
  bucket 148: 70%
  bucket 192: 20%
  bucket 199: 10%
  bucket 172: 30%
  bucket 156: 70%
  bucket 189: 30%
  bucket 182: 40%
  bucket 151: 80%
  bucket 198: 10%
  bucket 181: 40%
  bucket 200: 10%
  bucket 180: 40%
  bucket 201: 10%
  bucket 204: 10%
  bucket 202: 10%
  bucket 190: 20%
  bucket 205: 10%
  bucket 166: 40%
  bucket 152: 70%
  bucket 209: 10%
  bucket 207: 10%
  bucket 184: 30%
  bucket 160: 50%
  bucket 203: 10%
  bucket 197: 20%
  bucket 146: 80%
  bucket 193: 20%
  bucket 179: 30%
  bucket 173: 30%
  bucket 175: 30%
  bucket 164: 50%
  bucket 210: 10%
  bucket 208: 10%
  bucket 187: 30%
  bucket 157: 60%
  bucket 186: 30%
  bucket 194: 30%
  bucket 167: 50%
  bucket 162: 50%
  bucket 147: 90%
  bucket 171: 50%
  bucket 206: 20%
  bucket 188: 30%
  bucket 176: 30%
  bucket 155: 70%
  bucket 169: 50%
  bucket 150: 80%
  bucket 153: 60%
  bucket 145: 100%
  Sorting block of length 3327076 for bucket 145
  (Using difference cover)
  bucket 154: 60%
  bucket 158: 60%
  bucket 149: 80%
  bucket 183: 40%
  bucket 212: 10%
  bucket 148: 80%
  bucket 174: 40%
  bucket 159: 60%
  bucket 211: 10%
  bucket 178: 40%
  bucket 168: 50%
  bucket 163: 50%
  bucket 165: 40%
  bucket 177: 50%
  bucket 146: 90%
  Sorting block time: 00:00:06
Returning block of 3327077 for bucket 145
  bucket 151: 90%
Getting block 216 of 526
  Reserving size (3362478) for bucket 216
  Calculating Z arrays for bucket 216
  Entering block accumulator loop for bucket 216:
  bucket 185: 30%
  bucket 189: 40%
  bucket 182: 50%
  bucket 181: 50%
  bucket 196: 20%
  bucket 213: 10%
  bucket 191: 30%
  bucket 214: 10%
  bucket 161: 50%
  bucket 156: 80%
  bucket 152: 80%
  bucket 170: 40%
  bucket 215: 10%
  bucket 180: 50%
  bucket 197: 30%
  bucket 166: 50%
  bucket 147: 100%
  Sorting block of length 1524886 for bucket 147
  (Using difference cover)
  bucket 192: 30%
  bucket 195: 20%
  bucket 160: 60%
  bucket 148: 90%
  bucket 155: 80%
  bucket 171: 60%
  bucket 206: 30%
  bucket 172: 40%
  bucket 169: 60%
  bucket 199: 20%
  bucket 164: 60%
  bucket 149: 90%
  bucket 168: 60%
  bucket 184: 40%
  bucket 157: 70%
  bucket 146: 100%
  Sorting block of length 3080672 for bucket 146
  (Using difference cover)
  bucket 200: 20%
  bucket 162: 60%
  bucket 159: 70%
  bucket 198: 20%
  bucket 201: 20%
  bucket 167: 60%
  bucket 204: 20%
  bucket 202: 20%
  bucket 205: 20%
  bucket 190: 30%
  bucket 187: 40%
  bucket 209: 20%
  bucket 179: 40%
  bucket 186: 40%
  bucket 193: 30%
  bucket 207: 20%
  bucket 173: 40%
  bucket 175: 40%
  bucket 203: 20%
  bucket 154: 70%
  bucket 188: 40%
  Sorting block time: 00:00:03
Returning block of 1524887 for bucket 147
  bucket 174: 50%
  bucket 158: 70%
Getting block 217 of 526
  Reserving size (3362478) for bucket 217
  Calculating Z arrays for bucket 217
  Entering block accumulator loop for bucket 217:
  bucket 151: 100%
  Sorting block of length 3013040 for bucket 151
  (Using difference cover)
  bucket 153: 70%
  bucket 150: 90%
  bucket 156: 90%
  bucket 194: 40%
  bucket 210: 20%
  bucket 177: 60%
  bucket 163: 60%
  bucket 176: 40%
  bucket 208: 20%
  bucket 183: 50%
  bucket 178: 50%
  bucket 182: 60%
  bucket 216: 10%
  bucket 181: 60%
  bucket 165: 50%
  bucket 189: 50%
  bucket 185: 40%
  bucket 212: 20%
  bucket 160: 70%
  bucket 152: 90%
  bucket 211: 20%
  bucket 180: 60%
  bucket 161: 60%
  bucket 196: 30%
  bucket 191: 40%
  bucket 169: 70%
  bucket 206: 40%
  bucket 215: 20%
  bucket 197: 40%
  bucket 213: 20%
  bucket 171: 70%
  bucket 214: 20%
  bucket 170: 50%
  bucket 166: 60%
  bucket 168: 70%
  bucket 192: 40%
  bucket 157: 80%
  Sorting block time: 00:00:05
Returning block of 3080673 for bucket 146
  bucket 148: 100%
  Sorting block of length 2929882 for bucket 148
  (Using difference cover)
Getting block 218 of 526
  Reserving size (3362478) for bucket 218
  Calculating Z arrays for bucket 218
  Entering block accumulator loop for bucket 218:
  bucket 155: 90%
  bucket 149: 100%
  Sorting block of length 2109051 for bucket 149
  (Using difference cover)
  bucket 164: 70%
  Sorting block time: 00:00:07
Returning block of 3013041 for bucket 151
  bucket 195: 30%
  bucket 150: 100%
  Sorting block of length 2577359 for bucket 150
  (Using difference cover)
Getting block 219 of 526
  Reserving size (3362478) for bucket 219
  Calculating Z arrays for bucket 219
  Entering block accumulator loop for bucket 219:
  bucket 167: 70%
  bucket 153: 80%
  bucket 172: 50%
  bucket 184: 50%
  bucket 162: 70%
  bucket 159: 80%
  bucket 199: 30%
  bucket 156: 100%
  Sorting block of length 3191564 for bucket 156
  (Using difference cover)
  bucket 198: 30%
  bucket 200: 30%
  bucket 201: 30%
  bucket 204: 30%
  bucket 154: 80%
  bucket 187: 50%
  bucket 190: 40%
  bucket 160: 80%
  bucket 202: 30%
  bucket 158: 80%
  bucket 179: 50%
  bucket 205: 30%
  bucket 186: 50%
  bucket 182: 70%
  bucket 173: 50%
  bucket 193: 40%
  bucket 169: 80%
  bucket 209: 30%
  bucket 217: 10%
  bucket 175: 50%
  bucket 163: 70%
  Sorting block time: 00:00:06
Returning block of 2929883 for bucket 148
  bucket 174: 60%
  bucket 188: 50%
  Sorting block time: 00:00:04
Returning block of 2109052 for bucket 149
  bucket 207: 30%
  bucket 203: 30%
Getting block 220 of 526
  Reserving size (3362478) for bucket 220
  Calculating Z arrays for bucket 220
  Entering block accumulator loop for bucket 220:
  bucket 206: 50%
Getting block 221 of 526
  Reserving size (3362478) for bucket 221
  Calculating Z arrays for bucket 221
  Entering block accumulator loop for bucket 221:
  bucket 177: 70%
  bucket 194: 50%
  Sorting block time: 00:00:05
Returning block of 2577360 for bucket 150
Getting block 222 of 526
  Reserving size (3362478) for bucket 222
  Calculating Z arrays for bucket 222
  Entering block accumulator loop for bucket 222:
  bucket 183: 60%
  bucket 176: 50%
  bucket 181: 70%
  bucket 216: 20%
  bucket 210: 30%
  bucket 165: 60%
  bucket 178: 60%
  bucket 168: 80%
  bucket 152: 100%
  Sorting block of length 3059783 for bucket 152
  (Using difference cover)
  Sorting block time: 00:00:07
Returning block of 3191565 for bucket 156
  bucket 180: 70%
  bucket 185: 50%
Getting block 223 of 526
  Reserving size (3362478) for bucket 223
  Calculating Z arrays for bucket 223
  Entering block accumulator loop for bucket 223:
  bucket 157: 90%
  bucket 208: 30%
  bucket 197: 50%
  bucket 189: 60%
  bucket 171: 80%
  bucket 161: 70%
  bucket 196: 40%
  bucket 212: 30%
  bucket 191: 50%
  bucket 153: 90%
  bucket 155: 100%
  Sorting block of length 1066747 for bucket 155
  (Using difference cover)
  bucket 166: 70%
  bucket 211: 30%
  bucket 167: 80%
  bucket 215: 30%
  bucket 159: 90%
  bucket 164: 80%
  bucket 170: 60%
  bucket 169: 90%
  bucket 218: 10%
  bucket 213: 30%
  bucket 214: 30%
  bucket 192: 50%
  bucket 162: 80%
  bucket 219: 10%
  bucket 182: 80%
  bucket 206: 60%
  Sorting block time: 00:00:02
Returning block of 1066748 for bucket 155
  bucket 195: 40%
Getting block 224 of 526
  Reserving size (3362478) for bucket 224
  Calculating Z arrays for bucket 224
  Entering block accumulator loop for bucket 224:
  bucket 172: 60%
  bucket 160: 90%
  bucket 168: 90%
  bucket 184: 60%
  bucket 154: 90%
  Sorting block time: 00:00:07
Returning block of 3059784 for bucket 152
  bucket 216: 30%
  bucket 158: 90%
  bucket 199: 40%
Getting block 225 of 526
  Reserving size (3362478) for bucket 225
  Calculating Z arrays for bucket 225
  Entering block accumulator loop for bucket 225:
  bucket 163: 80%
  bucket 187: 60%
  bucket 177: 80%
  bucket 173: 60%
  bucket 217: 20%
  bucket 186: 60%
  bucket 190: 50%
  bucket 198: 40%
  bucket 201: 40%
  bucket 179: 60%
  bucket 200: 40%
  bucket 204: 40%
  bucket 220: 10%
  bucket 194: 60%
  bucket 202: 40%
  bucket 205: 40%
  bucket 188: 60%
  bucket 193: 50%
  bucket 221: 10%
  bucket 175: 60%
  bucket 174: 70%
  bucket 209: 40%
  bucket 159: 100%
  Sorting block of length 2682616 for bucket 159
  (Using difference cover)
  bucket 181: 80%
  bucket 222: 10%
  bucket 223: 10%
  bucket 183: 70%
  bucket 169: 100%
  Sorting block of length 2721096 for bucket 169
  (Using difference cover)
  bucket 203: 40%
  bucket 165: 70%
  bucket 207: 40%
  bucket 185: 60%
  bucket 176: 60%
  bucket 157: 100%
  Sorting block of length 2945801 for bucket 157
  (Using difference cover)
  bucket 180: 80%
  bucket 178: 70%
  bucket 210: 40%
  bucket 153: 100%
  Sorting block of length 1516068 for bucket 153
  (Using difference cover)
  bucket 161: 80%
  bucket 171: 90%
  bucket 197: 60%
  bucket 166: 80%
  bucket 206: 70%
  bucket 189: 70%
  bucket 182: 90%
  bucket 208: 40%
  bucket 196: 50%
  bucket 167: 90%
  bucket 191: 60%
  bucket 212: 40%
  bucket 164: 90%
  bucket 215: 40%
  bucket 192: 60%
  bucket 211: 40%
  bucket 162: 90%
  bucket 168: 100%
  Sorting block of length 1827981 for bucket 168
  (Using difference cover)
  bucket 170: 70%
  bucket 160: 100%
  Sorting block of length 2622233 for bucket 160
  (Using difference cover)
  bucket 218: 20%
  bucket 213: 40%
  bucket 214: 40%
  bucket 219: 20%
  bucket 190: 60%
  bucket 172: 70%
  Sorting block time: 00:00:03
Returning block of 1516069 for bucket 153
  bucket 195: 50%
  bucket 154: 100%
  Sorting block of length 3104819 for bucket 154
  (Using difference cover)
Getting block 226 of 526
  Reserving size (3362478) for bucket 226
  Calculating Z arrays for bucket 226
  Entering block accumulator loop for bucket 226:
  Sorting block time: 00:00:04
Returning block of 2721097 for bucket 169
  bucket 224: 10%
  bucket 216: 40%
Getting block 227 of 526
  Reserving size (3362478) for bucket 227
  Calculating Z arrays for bucket 227
  Entering block accumulator loop for bucket 227:
  Sorting block time: 00:00:06
Returning block of 2682617 for bucket 159
Getting block 228 of 526
  Reserving size (3362478) for bucket 228
  Calculating Z arrays for bucket 228
  Entering block accumulator loop for bucket 228:
  bucket 158: 100%
  Sorting block of length 1969634 for bucket 158
  (Using difference cover)
  bucket 184: 70%
  bucket 163: 90%
  bucket 185: 70%
  bucket 174: 80%
  bucket 173: 70%
  Sorting block time: 00:00:03
Returning block of 1827982 for bucket 168
  bucket 199: 50%
  bucket 177: 90%
  bucket 223: 20%
  bucket 187: 70%
  bucket 188: 70%
Getting block 229 of 526
  Reserving size (3362478) for bucket 229
  Calculating Z arrays for bucket 229
  Entering block accumulator loop for bucket 229:
  Sorting block time: 00:00:06
Returning block of 2945802 for bucket 157
  bucket 225: 10%
  bucket 186: 70%
Getting block 230 of 526
  Reserving size (3362478) for bucket 230
  Calculating Z arrays for bucket 230
  Entering block accumulator loop for bucket 230:
  bucket 179: 70%
  bucket 217: 30%
  bucket 198: 50%
  bucket 201: 50%
  bucket 178: 80%
  bucket 194: 70%
  bucket 175: 70%
  bucket 204: 50%
  bucket 200: 50%
  bucket 220: 20%
  bucket 182: 100%
  Sorting block of length 3026784 for bucket 182
  (Using difference cover)
  bucket 165: 80%
  bucket 193: 60%
  bucket 181: 90%
  bucket 202: 50%
  bucket 205: 50%
  bucket 209: 50%
  bucket 183: 80%
  bucket 221: 20%
  bucket 222: 20%
  bucket 176: 70%
  bucket 180: 90%
  bucket 203: 50%
  bucket 192: 70%
  bucket 161: 90%
  bucket 207: 50%
  bucket 164: 100%
  Sorting block of length 2928802 for bucket 164
  (Using difference cover)
  bucket 171: 100%
  Sorting block of length 1165191 for bucket 171
  (Using difference cover)
  Sorting block time: 00:00:06
Returning block of 2622234 for bucket 160
  bucket 166: 90%
Getting block 231 of 526
  Reserving size (3362478) for bucket 231
  Calculating Z arrays for bucket 231
  Entering block accumulator loop for bucket 231:
  bucket 191: 70%
  bucket 210: 50%
  bucket 167: 100%
  Sorting block of length 3211023 for bucket 167
  (Using difference cover)
  Sorting block time: 00:00:04
Returning block of 1969635 for bucket 158
  bucket 206: 80%
  bucket 197: 70%
Getting block 232 of 526
  Reserving size (3362478) for bucket 232
  Calculating Z arrays for bucket 232
  Entering block accumulator loop for bucket 232:
  bucket 196: 60%
  bucket 219: 30%
  bucket 189: 80%
  bucket 162: 100%
  Sorting block of length 1518055 for bucket 162
  (Using difference cover)
  bucket 208: 50%
  bucket 227: 10%
  bucket 228: 10%
  bucket 212: 50%
  Sorting block time: 00:00:07
Returning block of 3104820 for bucket 154
  bucket 185: 80%
  bucket 215: 50%
  Sorting block time: 00:00:02
Returning block of 1165192 for bucket 171
Getting block 233 of 526
  Reserving size (3362478) for bucket 233
  Calculating Z arrays for bucket 233
  Entering block accumulator loop for bucket 233:
  bucket 211: 50%
Getting block 234 of 526
  Reserving size (3362478) for bucket 234
  Calculating Z arrays for bucket 234
  Entering block accumulator loop for bucket 234:
  Sorting block time: 00:00:06
Returning block of 3026785 for bucket 182
Getting block 235 of 526
  Reserving size (3362478) for bucket 235
  Calculating Z arrays for bucket 235
  Entering block accumulator loop for bucket 235:
  bucket 170: 80%
  Sorting block time: 00:00:04
Returning block of 1518056 for bucket 162
Getting block 236 of 526
  Reserving size (3362478) for bucket 236
  Calculating Z arrays for bucket 236
  Entering block accumulator loop for bucket 236:
  bucket 173: 80%
  Sorting block time: 00:00:06
Returning block of 2928803 for bucket 164
  bucket 163: 100%
  Sorting block of length 2151549 for bucket 163
  (Using difference cover)
Getting block 237 of 526
  Reserving size (3362478) for bucket 237
  Calculating Z arrays for bucket 237
  Entering block accumulator loop for bucket 237:
  Sorting block time: 00:00:06
Returning block of 3211024 for bucket 167
Getting block 238 of 526
  Reserving size (3362478) for bucket 238
  Calculating Z arrays for bucket 238
  Entering block accumulator loop for bucket 238:
  bucket 213: 50%
  bucket 218: 30%
  bucket 214: 50%
  bucket 226: 10%
  bucket 216: 50%
  bucket 172: 80%
  bucket 190: 70%
  bucket 224: 20%
  Sorting block time: 00:00:04
Returning block of 2151550 for bucket 163
Getting block 239 of 526
  Reserving size (3362478) for bucket 239
  Calculating Z arrays for bucket 239
  Entering block accumulator loop for bucket 239:
  bucket 195: 60%
  bucket 178: 90%
  bucket 184: 80%
  bucket 223: 30%
  bucket 177: 100%
  Sorting block of length 2157782 for bucket 177
  (Using difference cover)
  bucket 187: 80%
  bucket 174: 90%
  bucket 229: 10%
  bucket 188: 80%
  bucket 217: 40%
  bucket 165: 90%
  bucket 222: 30%
  bucket 199: 60%
  bucket 186: 80%
  bucket 192: 80%
  bucket 220: 30%
  bucket 198: 60%
  bucket 225: 20%
  bucket 221: 30%
  bucket 181: 100%
  Sorting block of length 1226340 for bucket 181
  (Using difference cover)
  bucket 180: 100%
  Sorting block of length 2541704 for bucket 180
  (Using difference cover)
  bucket 175: 80%
  bucket 179: 80%
  bucket 219: 40%
  bucket 194: 80%
  bucket 230: 10%
  bucket 201: 60%
  Sorting block time: 00:00:04
Returning block of 2157783 for bucket 177
  bucket 183: 90%
  bucket 204: 60%
  bucket 193: 70%
  bucket 176: 80%
  bucket 200: 60%
Getting block 240 of 526
  Reserving size (3362478) for bucket 240
  Calculating Z arrays for bucket 240
  Entering block accumulator loop for bucket 240:
  bucket 227: 20%
  bucket 235: 10%
  bucket 202: 60%
  bucket 205: 60%
  bucket 161: 100%
  Sorting block of length 1992511 for bucket 161
  (Using difference cover)
  bucket 209: 60%
  bucket 166: 100%
  Sorting block of length 3179162 for bucket 166
  (Using difference cover)
  bucket 203: 60%
  bucket 191: 80%
  bucket 206: 90%
  bucket 231: 10%
  bucket 207: 60%
  bucket 228: 20%
  bucket 215: 60%
  Sorting block time: 00:00:02
Returning block of 1226341 for bucket 181
  bucket 210: 60%
Getting block 241 of 526
  Reserving size (3362478) for bucket 241
  Calculating Z arrays for bucket 241
  Entering block accumulator loop for bucket 241:
  bucket 197: 80%
  bucket 185: 90%
  bucket 196: 70%
  bucket 232: 10%
  bucket 234: 10%
  bucket 189: 90%
  bucket 223: 40%
  bucket 208: 60%
  bucket 173: 90%
  bucket 213: 60%
  bucket 233: 10%
  bucket 237: 10%
  bucket 212: 60%
  bucket 216: 60%
  bucket 188: 90%
  bucket 211: 60%
  bucket 236: 10%
  bucket 222: 40%
  Sorting block time: 00:00:05
Returning block of 2541705 for bucket 180
  bucket 192: 90%
  bucket 238: 10%
  bucket 170: 90%
  Sorting block time: 00:00:04
Returning block of 1992512 for bucket 161
Getting block 242 of 526
  Reserving size (3362478) for bucket 242
  Calculating Z arrays for bucket 242
  Entering block accumulator loop for bucket 242:
Getting block 243 of 526
  Reserving size (3362478) for bucket 243
  Calculating Z arrays for bucket 243
  Entering block accumulator loop for bucket 243:
  bucket 224: 30%
  bucket 172: 90%
  bucket 178: 100%
  Sorting block of length 2443133 for bucket 178
  (Using difference cover)
  bucket 218: 40%
  Sorting block time: 00:00:06
Returning block of 3179163 for bucket 166
  bucket 235: 20%
Getting block 244 of 526
  Reserving size (3362478) for bucket 244
  Calculating Z arrays for bucket 244
  Entering block accumulator loop for bucket 244:
  bucket 190: 80%
  bucket 214: 60%
  bucket 239: 10%
  bucket 226: 20%
  bucket 227: 30%
  bucket 187: 90%
  bucket 195: 70%
  bucket 184: 90%
  Sorting block time: 00:00:04
Returning block of 2443134 for bucket 178
Getting block 245 of 526
  Reserving size (3362478) for bucket 245
  Calculating Z arrays for bucket 245
  Entering block accumulator loop for bucket 245:
  bucket 229: 20%
  bucket 174: 100%
  Sorting block of length 2770766 for bucket 174
  (Using difference cover)
  bucket 186: 90%
  bucket 165: 100%
  Sorting block of length 2463766 for bucket 165
  (Using difference cover)
  bucket 217: 50%
  bucket 220: 40%
  bucket 221: 40%
  bucket 199: 70%
  bucket 175: 90%
  bucket 215: 70%
  bucket 179: 90%
  bucket 198: 70%
  bucket 219: 50%
  bucket 194: 90%
  bucket 225: 30%
  bucket 240: 10%
  bucket 230: 20%
  bucket 228: 30%
  bucket 183: 100%
  Sorting block of length 2923490 for bucket 183
  (Using difference cover)
  bucket 185: 100%
  Sorting block of length 2305819 for bucket 185
  (Using difference cover)
  bucket 176: 90%
  bucket 201: 70%
  bucket 193: 80%
  bucket 204: 70%
  bucket 200: 70%
  bucket 202: 70%
  bucket 205: 70%
  bucket 209: 70%
  bucket 203: 70%
  bucket 191: 90%
  bucket 222: 50%
  bucket 216: 70%
  bucket 206: 100%
  Sorting block of length 2200337 for bucket 206
  (Using difference cover)
  bucket 207: 70%
  bucket 188: 100%
  Sorting block of length 2661088 for bucket 188
  (Using difference cover)
  bucket 231: 20%
  bucket 241: 10%
  bucket 235: 30%
  bucket 197: 90%
  bucket 196: 80%
  bucket 192: 100%
  Sorting block of length 3028083 for bucket 192
  (Using difference cover)
  bucket 223: 50%
  bucket 234: 20%
  bucket 232: 20%
  bucket 210: 70%
  bucket 227: 40%
  bucket 242: 10%
  bucket 189: 100%
  Sorting block of length 1020604 for bucket 189
  (Using difference cover)
  bucket 173: 100%
  Sorting block of length 2087493 for bucket 173
  (Using difference cover)
  bucket 208: 70%
  Sorting block time: 00:00:05
Returning block of 2463767 for bucket 165
  bucket 213: 70%
  bucket 233: 20%
  bucket 245: 10%
  bucket 237: 20%
Getting block 246 of 526
  Reserving size (3362478) for bucket 246
  Calculating Z arrays for bucket 246
  Entering block accumulator loop for bucket 246:
  Sorting block time: 00:00:05
Returning block of 2770767 for bucket 174
  bucket 236: 20%
Getting block 247 of 526
  Reserving size (3362478) for bucket 247
  Calculating Z arrays for bucket 247
  Entering block accumulator loop for bucket 247:
  bucket 238: 20%
  Sorting block time: 00:00:02
Returning block of 1020605 for bucket 189
Getting block 248 of 526
  Reserving size (3362478) for bucket 248
  Calculating Z arrays for bucket 248
  Entering block accumulator loop for bucket 248:
  bucket 212: 70%
  bucket 229: 30%
  bucket 211: 70%
  bucket 170: 100%
  Sorting block of length 2667333 for bucket 170
  (Using difference cover)
  bucket 224: 40%
  Sorting block time: 00:00:05
Returning block of 2200338 for bucket 206
  Sorting block time: 00:00:06
Returning block of 2923491 for bucket 183
Getting block 249 of 526
  Reserving size (3362478) for bucket 249
  Calculating Z arrays for bucket 249
  Entering block accumulator loop for bucket 249:
Getting block 250 of 526
  Reserving size (3362478) for bucket 250
  Calculating Z arrays for bucket 250
  Entering block accumulator loop for bucket 250:
  Sorting block time: 00:00:05
Returning block of 2661089 for bucket 188
Getting block 251 of 526
  Reserving size (3362478) for bucket 251
  Calculating Z arrays for bucket 251
  Entering block accumulator loop for bucket 251:
  Sorting block time: 00:00:07
Returning block of 2305820 for bucket 185
Getting block 252 of 526
  Reserving size (3362478) for bucket 252
  Calculating Z arrays for bucket 252
  Entering block accumulator loop for bucket 252:
  bucket 172: 100%
  Sorting block of length 2862566 for bucket 172
  (Using difference cover)
  bucket 239: 20%
  bucket 243: 10%
  Sorting block time: 00:00:06
Returning block of 2087494 for bucket 173
  bucket 244: 10%
  bucket 187: 100%
  Sorting block of length 2441808 for bucket 187
  (Using difference cover)
  bucket 218: 50%
Getting block 253 of 526
  Reserving size (3362478) for bucket 253
  Calculating Z arrays for bucket 253
  Entering block accumulator loop for bucket 253:
  bucket 190: 90%
  bucket 228: 40%
  bucket 184: 100%
  Sorting block of length 3249927 for bucket 184
  (Using difference cover)
  bucket 186: 100%
  Sorting block of length 2741211 for bucket 186
  (Using difference cover)
  bucket 214: 70%
  bucket 195: 80%
  bucket 226: 30%
  bucket 216: 80%
  bucket 222: 60%
  bucket 217: 60%
  Sorting block time: 00:00:09
Returning block of 3028084 for bucket 192
  bucket 235: 40%
  Sorting block time: 00:00:06
Returning block of 2667334 for bucket 170
  bucket 215: 80%
  bucket 220: 50%
  bucket 219: 60%
Getting block 254 of 526
  Reserving size (3362478) for bucket 254
  Calculating Z arrays for bucket 254
  Entering block accumulator loop for bucket 254:
Getting block 255 of 526
  Reserving size (3362478) for bucket 255
  Calculating Z arrays for bucket 255
  Entering block accumulator loop for bucket 255:
  bucket 221: 50%
  Sorting block time: 00:00:05
Returning block of 2862567 for bucket 172
Getting block 256 of 526
  Reserving size (3362478) for bucket 256
  Calculating Z arrays for bucket 256
  Entering block accumulator loop for bucket 256:
  bucket 240: 20%
  bucket 194: 100%
  Sorting block of length 3323314 for bucket 194
  (Using difference cover)
  bucket 175: 100%
  Sorting block of length 2643270 for bucket 175
  (Using difference cover)
  bucket 179: 100%
  Sorting block of length 3007805 for bucket 179
  (Using difference cover)
  Sorting block time: 00:00:05
Returning block of 2441809 for bucket 187
  bucket 199: 80%
Getting block 257 of 526
  Reserving size (3362478) for bucket 257
  Calculating Z arrays for bucket 257
  Entering block accumulator loop for bucket 257:
  bucket 225: 40%
  bucket 198: 80%
  Sorting block time: 00:00:06
Returning block of 2741212 for bucket 186
Getting block 258 of 526
  Reserving size (3362478) for bucket 258
  Calculating Z arrays for bucket 258
  Entering block accumulator loop for bucket 258:
  bucket 242: 20%
  bucket 230: 30%
  Sorting block time: 00:00:08
Returning block of 3249928 for bucket 184
  bucket 227: 50%
  bucket 176: 100%
  Sorting block of length 3339724 for bucket 176
  (Using difference cover)
Getting block 259 of 526
  Reserving size (3362478) for bucket 259
  Calculating Z arrays for bucket 259
  Entering block accumulator loop for bucket 259:
  bucket 191: 100%
  Sorting block of length 2486990 for bucket 191
  (Using difference cover)
  bucket 245: 20%
  bucket 201: 80%
  bucket 193: 90%
  bucket 223: 60%
  bucket 200: 80%
  Sorting block time: 00:00:07
Returning block of 3007806 for bucket 179
Getting block 260 of 526
  Reserving size (3362478) for bucket 260
  Calculating Z arrays for bucket 260
  Entering block accumulator loop for bucket 260:
  Sorting block time: 00:00:07
Returning block of 3323315 for bucket 194
  bucket 204: 80%
Getting block 261 of 526
  Reserving size (3362478) for bucket 261
  Calculating Z arrays for bucket 261
  Entering block accumulator loop for bucket 261:
  Sorting block time: 00:00:08
Returning block of 2643271 for bucket 175
Getting block 262 of 526
  Reserving size (3362478) for bucket 262
  Calculating Z arrays for bucket 262
  Entering block accumulator loop for bucket 262:
  bucket 232: 30%
  bucket 205: 80%
  bucket 241: 20%
  bucket 202: 80%
  bucket 197: 100%
  Sorting block of length 2455669 for bucket 197
  (Using difference cover)
  bucket 203: 80%
  bucket 196: 90%
  bucket 209: 80%
  bucket 234: 30%
  bucket 207: 80%
  bucket 237: 30%
  bucket 231: 30%
  bucket 233: 30%
  bucket 208: 80%
  bucket 235: 50%
  bucket 238: 30%
  bucket 216: 90%
  bucket 236: 30%
  Sorting block time: 00:00:05
Returning block of 2486991 for bucket 191
  bucket 210: 80%
  bucket 215: 90%
  bucket 228: 50%
Getting block 263 of 526
  Reserving size (3362478) for bucket 263
  Calculating Z arrays for bucket 263
  Entering block accumulator loop for bucket 263:
  bucket 229: 40%
  bucket 224: 50%
  bucket 249: 10%
  bucket 248: 10%
  bucket 251: 10%
  bucket 246: 10%
  bucket 222: 70%
  Sorting block time: 00:00:07
Returning block of 3339725 for bucket 176
  bucket 213: 80%
  bucket 250: 10%
  bucket 244: 20%
  bucket 239: 30%
  bucket 247: 10%
  bucket 218: 60%
Getting block 264 of 526
  Reserving size (3362478) for bucket 264
  Calculating Z arrays for bucket 264
  Entering block accumulator loop for bucket 264:
  bucket 212: 80%
  bucket 252: 10%
  Sorting block time: 00:00:05
Returning block of 2455670 for bucket 197
Getting block 265 of 526
  Reserving size (3362478) for bucket 265
  Calculating Z arrays for bucket 265
  Entering block accumulator loop for bucket 265:
  bucket 190: 100%
  Sorting block of length 2757755 for bucket 190
  (Using difference cover)
  bucket 211: 80%
  bucket 217: 70%
  bucket 243: 20%
  bucket 227: 60%
  bucket 220: 60%
  bucket 245: 30%
  bucket 219: 70%
  bucket 221: 60%
  bucket 214: 80%
  bucket 253: 10%
  bucket 195: 90%
  bucket 240: 30%
  bucket 196: 100%
  Sorting block of length 1771214 for bucket 196
  (Using difference cover)
  bucket 226: 40%
  bucket 225: 50%
  Sorting block time: 00:00:07
Returning block of 2757756 for bucket 190
  bucket 257: 10%
  bucket 255: 10%
  bucket 254: 10%
  bucket 230: 40%
  bucket 242: 30%
  bucket 258: 10%
  bucket 234: 40%
  bucket 216: 100%
  Sorting block of length 1945921 for bucket 216
  (Using difference cover)
  bucket 256: 10%
  bucket 199: 90%
  bucket 259: 10%
  bucket 223: 70%
  bucket 215: 100%
  Sorting block of length 2825513 for bucket 215
  (Using difference cover)
  bucket 198: 90%
  bucket 208: 90%
  bucket 235: 60%
  bucket 232: 40%
  bucket 193: 100%
  Sorting block of length 3031505 for bucket 193
  (Using difference cover)
  bucket 261: 10%
  bucket 201: 90%
  bucket 204: 90%
  bucket 200: 90%
  bucket 260: 10%
  bucket 241: 30%
  bucket 205: 90%
  bucket 202: 90%
  bucket 262: 10%
  bucket 203: 90%
  bucket 209: 90%
  bucket 237: 40%
  Sorting block time: 00:00:04
Returning block of 1771215 for bucket 196
  bucket 233: 40%
  bucket 207: 90%
  bucket 238: 40%
  bucket 228: 60%
  bucket 231: 40%
  bucket 236: 40%
Getting block 266 of 526
  Reserving size (3362478) for bucket 266
  Calculating Z arrays for bucket 266
  Entering block accumulator loop for bucket 266:
Getting block 267 of 526
  Reserving size (3362478) for bucket 267
  Calculating Z arrays for bucket 267
  Entering block accumulator loop for bucket 267:
  Sorting block time: 00:00:04
Returning block of 1945922 for bucket 216
Getting block 268 of 526
  Reserving size (3362478) for bucket 268
  Calculating Z arrays for bucket 268
  Entering block accumulator loop for bucket 268:
  bucket 249: 20%
  bucket 227: 70%
  bucket 224: 60%
  bucket 247: 20%
  bucket 222: 80%
  Sorting block time: 00:00:05
Returning block of 2825514 for bucket 215
  bucket 251: 20%
  bucket 263: 10%
Getting block 269 of 526
  Reserving size (3362478) for bucket 269
  Calculating Z arrays for bucket 269
  Entering block accumulator loop for bucket 269:
  bucket 248: 20%
  bucket 229: 50%
  bucket 210: 90%
  bucket 239: 40%
  bucket 234: 50%
  bucket 244: 30%
  bucket 213: 90%
  Sorting block time: 00:00:07
Returning block of 3031506 for bucket 193
  bucket 250: 20%
  bucket 218: 70%
  bucket 245: 40%
  bucket 246: 20%
Getting block 270 of 526
  Reserving size (3362478) for bucket 270
  Calculating Z arrays for bucket 270
  Entering block accumulator loop for bucket 270:
  bucket 217: 80%
  bucket 220: 70%
  bucket 265: 10%
  bucket 212: 90%
  bucket 264: 10%
  bucket 252: 20%
  bucket 221: 70%
  bucket 230: 50%
  bucket 219: 80%
  bucket 223: 80%
  bucket 243: 30%
  bucket 211: 90%
  bucket 240: 40%
  bucket 208: 100%
  Sorting block of length 3174193 for bucket 208
  (Using difference cover)
  bucket 195: 100%
  Sorting block of length 2937404 for bucket 195
  (Using difference cover)
  bucket 253: 20%
  bucket 214: 90%
  bucket 235: 70%
  bucket 259: 20%
  bucket 242: 40%
  bucket 225: 60%
  bucket 254: 20%
  bucket 257: 20%
  bucket 226: 50%
  bucket 255: 20%
  bucket 258: 20%
  bucket 199: 100%
  Sorting block of length 2682187 for bucket 199
  (Using difference cover)
  bucket 231: 50%
  bucket 268: 10%
  bucket 256: 20%
  bucket 227: 80%
  bucket 198: 100%
  Sorting block of length 3123566 for bucket 198
  (Using difference cover)
  Sorting block time: 00:00:07
Returning block of 2937405 for bucket 195
  bucket 232: 50%
  bucket 222: 90%
Getting block 271 of 526
  Reserving size (3362478) for bucket 271
  Calculating Z arrays for bucket 271
  Entering block accumulator loop for bucket 271:
  bucket 261: 20%
  bucket 269: 10%
  bucket 201: 100%
  Sorting block of length 3209921 for bucket 201
  (Using difference cover)
  bucket 238: 50%
  bucket 234: 60%
  bucket 204: 100%
  Sorting block of length 3191979 for bucket 204
  (Using difference cover)
  bucket 202: 100%
  Sorting block of length 3245644 for bucket 202
  (Using difference cover)
  bucket 200: 100%
  Sorting block of length 1237512 for bucket 200
  (Using difference cover)
  bucket 236: 50%
  bucket 260: 20%
  bucket 205: 100%
  Sorting block of length 3168637 for bucket 205
  (Using difference cover)
  bucket 241: 40%
  bucket 233: 50%
  bucket 237: 50%
  bucket 209: 100%
  Sorting block of length 1150548 for bucket 209
  (Using difference cover)
  bucket 262: 20%
  bucket 203: 100%
  Sorting block of length 2245065 for bucket 203
  (Using difference cover)
  bucket 207: 100%
  Sorting block of length 1971521 for bucket 207
  (Using difference cover)
  bucket 249: 30%
  bucket 247: 30%
  bucket 266: 10%
  bucket 224: 70%
  Sorting block time: 00:00:09
Returning block of 3174194 for bucket 208
  bucket 250: 30%
  bucket 228: 70%
  bucket 223: 90%
Getting block 272 of 526
  Reserving size (3362478) for bucket 272
  Calculating Z arrays for bucket 272
  Entering block accumulator loop for bucket 272:
  Sorting block time: 00:00:06
Returning block of 2682188 for bucket 199
  bucket 248: 30%
  bucket 252: 30%
  bucket 251: 30%
  bucket 210: 100%
  Sorting block of length 3103088 for bucket 210
  (Using difference cover)
Getting block 273 of 526
  Reserving size (3362478) for bucket 273
  Calculating Z arrays for bucket 273
  Entering block accumulator loop for bucket 273:
  bucket 263: 20%
  bucket 245: 50%
  bucket 229: 60%
  bucket 239: 50%
  Sorting block time: 00:00:03
Returning block of 1237513 for bucket 200
  bucket 270: 10%
  bucket 267: 10%
Getting block 274 of 526
  Reserving size (3362478) for bucket 274
  Calculating Z arrays for bucket 274
  Entering block accumulator loop for bucket 274:
  bucket 246: 30%
  bucket 244: 40%
  bucket 213: 100%
  Sorting block of length 3027565 for bucket 213
  (Using difference cover)
  Sorting block time: 00:00:02
Returning block of 1150549 for bucket 209
  bucket 212: 100%
  Sorting block of length 2149931 for bucket 212
  (Using difference cover)
  bucket 255: 30%
  bucket 218: 80%
  bucket 217: 90%
  bucket 230: 60%
  bucket 220: 80%
  bucket 243: 40%
  bucket 265: 20%
  bucket 264: 20%
  bucket 221: 80%
  bucket 219: 90%
  bucket 240: 50%
  bucket 211: 100%
  Sorting block of length 2718873 for bucket 211
  (Using difference cover)
  bucket 238: 60%
  bucket 235: 80%
  bucket 253: 30%
  bucket 231: 60%
  bucket 222: 100%
  Sorting block of length 2597309 for bucket 222
  (Using difference cover)
  bucket 214: 100%
  Sorting block of length 2738808 for bucket 214
  (Using difference cover)
  bucket 236: 60%
  Sorting block time: 00:00:04
Returning block of 1971522 for bucket 207
  bucket 254: 30%
  bucket 242: 50%
  Sorting block time: 00:00:06
Returning block of 3209922 for bucket 201
  Sorting block time: 00:00:05
Returning block of 2245066 for bucket 203
Getting block 275 of 526
  Reserving size (3362478) for bucket 275
  Calculating Z arrays for bucket 275
  Entering block accumulator loop for bucket 275:
Getting block 276 of 526
  Reserving size (3362478) for bucket 276
  Calculating Z arrays for bucket 276
  Entering block accumulator loop for bucket 276:
Getting block 277 of 526
  Reserving size (3362478) for bucket 277
  Calculating Z arrays for bucket 277
  Entering block accumulator loop for bucket 277:
  Sorting block time: 00:00:06
Returning block of 3245645 for bucket 202
  Sorting block time: 00:00:07
Returning block of 3123567 for bucket 198
Getting block 278 of 526
  Reserving size (3362478) for bucket 278
  Calculating Z arrays for bucket 278
  Entering block accumulator loop for bucket 278:
  Sorting block time: 00:00:06
Returning block of 3191980 for bucket 204
Getting block 279 of 526
  Reserving size (3362478) for bucket 279
  Calculating Z arrays for bucket 279
  Entering block accumulator loop for bucket 279:
Getting block 280 of 526
  Reserving size (3362478) for bucket 280
  Calculating Z arrays for bucket 280
  Entering block accumulator loop for bucket 280:
Getting block 281 of 526
  Reserving size (3362478) for bucket 281
  Calculating Z arrays for bucket 281
  Entering block accumulator loop for bucket 281:
  bucket 259: 30%
  Sorting block time: 00:00:07
Returning block of 3168638 for bucket 205
  Sorting block time: 00:00:04
Returning block of 2149932 for bucket 212
  bucket 257: 30%
  bucket 225: 70%
Getting block 282 of 526
  Reserving size (3362478) for bucket 282
  Calculating Z arrays for bucket 282
  Entering block accumulator loop for bucket 282:
Getting block 283 of 526
  Reserving size (3362478) for bucket 283
  Calculating Z arrays for bucket 283
  Entering block accumulator loop for bucket 283:
  bucket 226: 60%
  bucket 269: 20%
  bucket 258: 30%
  bucket 256: 30%
  bucket 271: 10%
  bucket 268: 20%
  bucket 234: 70%
  Sorting block time: 00:00:05
Returning block of 2597310 for bucket 222
Getting block 284 of 526
  Reserving size (3362478) for bucket 284
  Calculating Z arrays for bucket 284
  Entering block accumulator loop for bucket 284:
  bucket 227: 90%
  Sorting block time: 00:00:09
Returning block of 3103089 for bucket 210
  bucket 223: 100%
  Sorting block of length 2657136 for bucket 223
  (Using difference cover)
Getting block 285 of 526
  Reserving size (3362478) for bucket 285
  Calculating Z arrays for bucket 285
  Entering block accumulator loop for bucket 285:
  bucket 232: 60%
  bucket 260: 30%
  Sorting block time: 00:00:09
Returning block of 3027566 for bucket 213
Getting block 286 of 526
  Reserving size (3362478) for bucket 286
  Calculating Z arrays for bucket 286
  Entering block accumulator loop for bucket 286:
  Sorting block time: 00:00:09
Returning block of 2718874 for bucket 211
  bucket 250: 40%
  bucket 261: 30%
  Sorting block time: 00:00:09
Returning block of 2738809 for bucket 214
Getting block 287 of 526
  Reserving size (3362478) for bucket 287
  Calculating Z arrays for bucket 287
  Entering block accumulator loop for bucket 287:
  bucket 262: 30%
  bucket 233: 60%
  bucket 241: 50%
  bucket 247: 40%
  bucket 237: 60%
  bucket 249: 40%
  bucket 224: 80%
  bucket 266: 20%
  bucket 252: 40%
  bucket 248: 40%
  bucket 238: 70%
  bucket 251: 40%
  bucket 270: 20%
  bucket 273: 10%
  bucket 255: 40%
  bucket 272: 10%
  bucket 228: 80%
  bucket 239: 60%
  bucket 245: 60%
  bucket 263: 30%
  bucket 236: 70%
  bucket 264: 30%
  bucket 229: 70%
  bucket 244: 50%
  bucket 231: 70%
  bucket 217: 100%
  Sorting block of length 1942857 for bucket 217
  (Using difference cover)
  bucket 269: 30%
  bucket 220: 90%
  bucket 274: 10%
  bucket 243: 50%
  bucket 246: 40%
  Sorting block time: 00:00:05
Returning block of 2657137 for bucket 223
  bucket 230: 70%
  bucket 284: 10%
  bucket 218: 90%
  bucket 265: 30%
  bucket 240: 60%
  bucket 267: 20%
  bucket 219: 100%
  Sorting block of length 2763510 for bucket 219
  (Using difference cover)
  bucket 221: 90%
Getting block 288 of 526
  Reserving size (3362478) for bucket 288
  Calculating Z arrays for bucket 288
  Entering block accumulator loop for bucket 288:
Getting block 289 of 526
  Reserving size (3362478) for bucket 289
  Calculating Z arrays for bucket 289
  Entering block accumulator loop for bucket 289:
  bucket 256: 40%
  bucket 235: 90%
  Sorting block time: 00:00:04
Returning block of 1942858 for bucket 217
Getting block 290 of 526
  Reserving size (3362478) for bucket 290
  Calculating Z arrays for bucket 290
  Entering block accumulator loop for bucket 290:
  Sorting block time: 00:00:04
Returning block of 2763511 for bucket 219
Getting block 291 of 526
  Reserving size (3362478) for bucket 291
  Calculating Z arrays for bucket 291
  Entering block accumulator loop for bucket 291:
  bucket 234: 80%
  bucket 242: 60%
  bucket 226: 70%
  bucket 253: 40%
  bucket 268: 30%
  bucket 257: 40%
  bucket 225: 80%
  bucket 238: 80%
  bucket 258: 40%
  bucket 275: 10%
  bucket 254: 40%
  bucket 279: 10%
  bucket 278: 10%
  bucket 281: 10%
  bucket 283: 10%
  bucket 280: 10%
  bucket 276: 10%
  bucket 227: 100%
  Sorting block of length 156373 for bucket 227
  (Using difference cover)
  Sorting block time: 00:00:00
Returning block of 156374 for bucket 227
Getting block 292 of 526
  Reserving size (3362478) for bucket 292
  Calculating Z arrays for bucket 292
  Entering block accumulator loop for bucket 292:
  bucket 271: 20%
  bucket 247: 50%
  bucket 282: 10%
  bucket 232: 70%
  bucket 269: 40%
  bucket 277: 10%
  bucket 286: 10%
  bucket 259: 40%
  bucket 249: 50%
  bucket 285: 10%
  bucket 261: 40%
  bucket 233: 70%
  bucket 260: 40%
  bucket 250: 50%
  bucket 224: 90%
  bucket 237: 70%
  bucket 284: 20%
  bucket 245: 70%
  bucket 251: 50%
  bucket 231: 80%
  bucket 287: 10%
  bucket 262: 40%
  bucket 241: 60%
  bucket 266: 30%
  bucket 236: 80%
  bucket 252: 50%
  bucket 264: 40%
  bucket 270: 30%
  bucket 239: 70%
  bucket 243: 60%
  bucket 220: 100%
  Sorting block of length 2671442 for bucket 220
  (Using difference cover)
  bucket 256: 50%
  bucket 273: 20%
  bucket 248: 50%
  bucket 263: 40%
  bucket 244: 60%
  bucket 234: 90%
  bucket 229: 80%
  bucket 272: 20%
  bucket 255: 50%
  bucket 240: 70%
  bucket 228: 90%
  bucket 235: 100%
  Sorting block of length 1589143 for bucket 235
  (Using difference cover)
  bucket 238: 90%
  bucket 221: 100%
  Sorting block of length 2785762 for bucket 221
  (Using difference cover)
  bucket 230: 80%
  bucket 257: 50%
  bucket 269: 50%
  bucket 265: 40%
  bucket 290: 10%
  bucket 274: 20%
  bucket 288: 10%
  bucket 246: 50%
  bucket 268: 40%
  Sorting block time: 00:00:03
Returning block of 1589144 for bucket 235
  bucket 218: 100%
  Sorting block of length 3007752 for bucket 218
  (Using difference cover)
Getting block 293 of 526
  Reserving size (3362478) for bucket 293
  Calculating Z arrays for bucket 293
  Entering block accumulator loop for bucket 293:
  bucket 267: 30%
  bucket 242: 70%
  bucket 226: 80%
  bucket 291: 10%
  bucket 289: 10%
  bucket 254: 50%
  Sorting block time: 00:00:05
Returning block of 2671443 for bucket 220
  bucket 253: 50%
Getting block 294 of 526
  Reserving size (3362478) for bucket 294
  Calculating Z arrays for bucket 294
  Entering block accumulator loop for bucket 294:
  bucket 225: 90%
  bucket 258: 50%
  bucket 275: 20%
  bucket 286: 20%
  bucket 266: 40%
  bucket 283: 20%
  bucket 279: 20%
  bucket 278: 20%
  bucket 281: 20%
  bucket 271: 30%
  bucket 280: 20%
  bucket 232: 80%
  bucket 247: 60%
  bucket 231: 90%
  bucket 282: 20%
  bucket 276: 20%
  bucket 292: 10%
  Sorting block time: 00:00:05
Returning block of 2785763 for bucket 221
  bucket 277: 20%
  bucket 252: 60%
Getting block 295 of 526
  Reserving size (3362478) for bucket 295
  Calculating Z arrays for bucket 295
  Entering block accumulator loop for bucket 295:
  bucket 251: 60%
  bucket 234: 100%
  Sorting block of length 2989006 for bucket 234
  (Using difference cover)
  bucket 249: 60%
  bucket 285: 20%
  bucket 233: 80%
  bucket 261: 50%
  bucket 250: 60%
  bucket 259: 50%
  bucket 245: 80%
  bucket 237: 80%
  bucket 238: 100%
  Sorting block of length 2771733 for bucket 238
  (Using difference cover)
  bucket 284: 30%
  bucket 224: 100%
  Sorting block of length 1731635 for bucket 224
  (Using difference cover)
  bucket 260: 50%
  bucket 241: 70%
  bucket 274: 30%
  bucket 268: 50%
  bucket 287: 20%
  Sorting block time: 00:00:06
Returning block of 3007753 for bucket 218
  bucket 239: 80%
  bucket 262: 50%
Getting block 296 of 526
  Reserving size (3362478) for bucket 296
  Calculating Z arrays for bucket 296
  Entering block accumulator loop for bucket 296:
  bucket 256: 60%
  bucket 243: 70%
  bucket 236: 90%
  Sorting block time: 00:00:04
Returning block of 1731636 for bucket 224
Getting block 297 of 526
  Reserving size (3362478) for bucket 297
  Calculating Z arrays for bucket 297
  Entering block accumulator loop for bucket 297:
  Sorting block time: 00:00:05
Returning block of 2989007 for bucket 234
Getting block 298 of 526
  Reserving size (3362478) for bucket 298
  Calculating Z arrays for bucket 298
  Entering block accumulator loop for bucket 298:
  Sorting block time: 00:00:06
Returning block of 2771734 for bucket 238
  bucket 270: 40%
  bucket 273: 30%
Getting block 299 of 526
  Reserving size (3362478) for bucket 299
  Calculating Z arrays for bucket 299
  Entering block accumulator loop for bucket 299:
  bucket 240: 80%
  bucket 264: 50%
  bucket 269: 60%
  bucket 244: 70%
  bucket 255: 60%
  bucket 263: 50%
  bucket 229: 90%
  bucket 248: 60%
  bucket 242: 80%
  bucket 293: 10%
  bucket 230: 90%
  bucket 290: 20%
  bucket 272: 30%
  bucket 257: 60%
  bucket 265: 50%
  bucket 228: 100%
  Sorting block of length 3260744 for bucket 228
  (Using difference cover)
  bucket 226: 90%
  bucket 291: 20%
  bucket 288: 20%
  bucket 266: 50%
  bucket 254: 60%
  bucket 294: 10%
  bucket 251: 70%
  bucket 246: 60%
  bucket 232: 90%
  bucket 231: 100%
  Sorting block of length 3110953 for bucket 231
  (Using difference cover)
  bucket 289: 20%
  bucket 225: 100%
  Sorting block of length 3152968 for bucket 225
  (Using difference cover)
  bucket 258: 60%
  bucket 269: 70%
  bucket 249: 70%
  bucket 284: 40%
  bucket 298: 10%
  bucket 267: 40%
  bucket 252: 70%
  bucket 295: 10%
  bucket 271: 40%
  bucket 275: 30%
  bucket 283: 30%
  bucket 278: 30%
  bucket 279: 30%
  bucket 281: 30%
  bucket 268: 60%
  bucket 286: 30%
  bucket 253: 60%
  bucket 274: 40%
  bucket 280: 30%
  bucket 299: 10%
  bucket 233: 90%
  bucket 261: 60%
  bucket 247: 70%
  bucket 282: 30%
  bucket 237: 90%
  bucket 276: 30%
  bucket 292: 20%
  bucket 245: 90%
  Sorting block time: 00:00:08
Returning block of 3260745 for bucket 228
  bucket 277: 30%
  bucket 293: 20%
  bucket 285: 30%
  bucket 239: 90%
  bucket 296: 10%
  bucket 250: 70%
  bucket 240: 90%
  bucket 297: 10%
  bucket 241: 80%
  bucket 262: 60%
  bucket 260: 60%
  bucket 259: 60%
  bucket 236: 100%
  Sorting block of length 2845285 for bucket 236
  (Using difference cover)
  bucket 255: 70%
  bucket 256: 70%
Getting block 300 of 526
  Reserving size (3362478) for bucket 300
  Calculating Z arrays for bucket 300
  Entering block accumulator loop for bucket 300:
  bucket 243: 80%
  bucket 244: 80%
  bucket 270: 50%
  bucket 287: 30%
  bucket 273: 40%
  Sorting block time: 00:00:07
Returning block of 3110954 for bucket 231
Getting block 301 of 526
  Reserving size (3362478) for bucket 301
  Calculating Z arrays for bucket 301
  Entering block accumulator loop for bucket 301:
  Sorting block time: 00:00:07
Returning block of 3152969 for bucket 225
Getting block 302 of 526
  Reserving size (3362478) for bucket 302
  Calculating Z arrays for bucket 302
  Entering block accumulator loop for bucket 302:
  bucket 263: 60%
  bucket 290: 30%
  bucket 242: 90%
  bucket 229: 100%
  Sorting block of length 1110202 for bucket 229
  (Using difference cover)
  bucket 230: 100%
  Sorting block of length 3322137 for bucket 230
  (Using difference cover)
  bucket 269: 80%
  bucket 232: 100%
  Sorting block of length 2556483 for bucket 232
  (Using difference cover)
  bucket 264: 60%
  Sorting block time: 00:00:05
Returning block of 2845286 for bucket 236
Getting block 303 of 526
  Reserving size (3362478) for bucket 303
  Calculating Z arrays for bucket 303
  Entering block accumulator loop for bucket 303:
  bucket 226: 100%
  Sorting block of length 3321284 for bucket 226
  (Using difference cover)
  Sorting block time: 00:00:02
Returning block of 1110203 for bucket 229
Getting block 304 of 526
  Reserving size (3362478) for bucket 304
  Calculating Z arrays for bucket 304
  Entering block accumulator loop for bucket 304:
  bucket 251: 80%
  bucket 291: 30%
  bucket 257: 70%
  bucket 248: 70%
  bucket 265: 60%
  bucket 288: 30%
  bucket 298: 20%
  bucket 266: 60%
  Sorting block time: 00:00:05
Returning block of 3322138 for bucket 230
  Sorting block time: 00:00:05
Returning block of 2556484 for bucket 232
Getting block 305 of 526
  Reserving size (3362478) for bucket 305
  Calculating Z arrays for bucket 305
  Entering block accumulator loop for bucket 305:
Getting block 306 of 526
  Reserving size (3362478) for bucket 306
  Calculating Z arrays for bucket 306
  Entering block accumulator loop for bucket 306:
  bucket 295: 20%
  bucket 294: 20%
  bucket 272: 40%
  bucket 284: 50%
  bucket 254: 70%
  bucket 268: 70%
  Sorting block time: 00:00:07
Returning block of 3321285 for bucket 226
  bucket 299: 20%
Getting block 307 of 526
  Reserving size (3362478) for bucket 307
  Calculating Z arrays for bucket 307
  Entering block accumulator loop for bucket 307:
  bucket 249: 80%
  bucket 277: 40%
  bucket 274: 50%
  bucket 258: 70%
  bucket 246: 70%
  bucket 289: 30%
  bucket 293: 30%
  bucket 252: 80%
  bucket 297: 20%
  bucket 233: 100%
  Sorting block of length 1379340 for bucket 233
  (Using difference cover)
  bucket 271: 50%
  bucket 283: 40%
  bucket 275: 40%
  bucket 267: 50%
  bucket 237: 100%
  Sorting block of length 847808 for bucket 237
  (Using difference cover)
  bucket 261: 70%
  bucket 278: 40%
  bucket 279: 40%
  bucket 281: 40%
  bucket 286: 40%
  bucket 296: 20%
  bucket 240: 100%
  Sorting block of length 2124588 for bucket 240
  (Using difference cover)
  Sorting block time: 00:00:01
Returning block of 847809 for bucket 237
Getting block 308 of 526
  Reserving size (3362478) for bucket 308
  Calculating Z arrays for bucket 308
  Entering block accumulator loop for bucket 308:
  bucket 245: 100%
  Sorting block of length 1100147 for bucket 245
  (Using difference cover)
  bucket 239: 100%
  Sorting block of length 2464292 for bucket 239
  (Using difference cover)
  Sorting block time: 00:00:03
Returning block of 1379341 for bucket 233
Getting block 309 of 526
  Reserving size (3362478) for bucket 309
  Calculating Z arrays for bucket 309
  Entering block accumulator loop for bucket 309:
  bucket 280: 40%
  Sorting block time: 00:00:02
Returning block of 1100148 for bucket 245
Getting block 310 of 526
  Reserving size (3362478) for bucket 310
  Calculating Z arrays for bucket 310
  Entering block accumulator loop for bucket 310:
  Sorting block time: 00:00:04
Returning block of 2124589 for bucket 240
  bucket 253: 70%
Getting block 311 of 526
  Reserving size (3362478) for bucket 311
  Calculating Z arrays for bucket 311
  Entering block accumulator loop for bucket 311:
  bucket 250: 80%
  bucket 256: 80%
  bucket 247: 80%
  Sorting block time: 00:00:04
Returning block of 2464293 for bucket 239
  bucket 282: 40%
Getting block 312 of 526
  Reserving size (3362478) for bucket 312
  Calculating Z arrays for bucket 312
  Entering block accumulator loop for bucket 312:
  bucket 276: 40%
  bucket 251: 90%
  bucket 268: 80%
  bucket 241: 90%
  bucket 269: 90%
  bucket 292: 30%
  bucket 290: 40%
  bucket 285: 40%
  bucket 244: 90%
  bucket 259: 70%
  bucket 295: 30%
  bucket 299: 30%
  bucket 242: 100%
  Sorting block of length 2914803 for bucket 242
  (Using difference cover)
  bucket 255: 80%
  bucket 262: 70%
  bucket 307: 10%
  bucket 304: 10%
  bucket 270: 60%
  bucket 260: 70%
  bucket 263: 70%
  bucket 291: 40%
  bucket 273: 50%
  bucket 243: 90%
  bucket 298: 30%
  bucket 254: 80%
  bucket 302: 10%
  bucket 287: 40%
  bucket 284: 60%
  bucket 303: 10%
  bucket 305: 10%
  bucket 257: 80%
  bucket 294: 30%
  bucket 265: 70%
  bucket 288: 40%
  bucket 277: 50%
  bucket 300: 10%
  bucket 301: 10%
  bucket 264: 70%
  bucket 306: 10%
  bucket 266: 70%
  bucket 248: 80%
  bucket 249: 90%
  bucket 272: 50%
  bucket 289: 40%
  bucket 256: 90%
  bucket 293: 40%
  bucket 258: 80%
  bucket 296: 30%
  bucket 252: 90%
  Sorting block time: 00:00:05
Returning block of 2914804 for bucket 242
  bucket 268: 90%
  bucket 297: 30%
Getting block 313 of 526
  Reserving size (3362478) for bucket 313
  Calculating Z arrays for bucket 313
  Entering block accumulator loop for bucket 313:
  bucket 274: 60%
  bucket 246: 80%
  bucket 271: 60%
  bucket 286: 50%
  bucket 261: 80%
  bucket 309: 10%
  bucket 308: 10%
  bucket 283: 50%
  bucket 275: 50%
  bucket 278: 50%
  bucket 279: 50%
  bucket 281: 50%
  bucket 241: 100%
  Sorting block of length 1570066 for bucket 241
  (Using difference cover)
  bucket 310: 10%
  bucket 267: 60%
  bucket 304: 20%
  bucket 250: 90%
  bucket 311: 10%
  bucket 269: 100%
  Sorting block of length 1230901 for bucket 269
  (Using difference cover)
  bucket 280: 50%
  bucket 295: 40%
  bucket 259: 80%
  bucket 247: 90%
  bucket 253: 80%
  bucket 251: 100%
  Sorting block of length 2909204 for bucket 251
  (Using difference cover)
  bucket 282: 50%
  bucket 290: 50%
  Sorting block time: 00:00:03
Returning block of 1570067 for bucket 241
  bucket 276: 50%
  bucket 277: 60%
  bucket 299: 40%
Getting block 314 of 526
  Reserving size (3362478) for bucket 314
  Calculating Z arrays for bucket 314
  Entering block accumulator loop for bucket 314:
  bucket 284: 70%
  bucket 254: 90%
  bucket 312: 10%
  bucket 285: 50%
  bucket 244: 100%
  Sorting block of length 2558911 for bucket 244
  (Using difference cover)
  bucket 292: 40%
  bucket 255: 90%
  bucket 307: 20%
  Sorting block time: 00:00:02
Returning block of 1230902 for bucket 269
  bucket 291: 50%
Getting block 315 of 526
  Reserving size (3362478) for bucket 315
  Calculating Z arrays for bucket 315
  Entering block accumulator loop for bucket 315:
  bucket 243: 100%
  Sorting block of length 1880441 for bucket 243
  (Using difference cover)
  bucket 270: 70%
  bucket 273: 60%
  bucket 298: 40%
  bucket 263: 80%
  bucket 262: 80%
  bucket 257: 90%
  bucket 260: 80%
  bucket 256: 100%
  Sorting block of length 2933794 for bucket 256
  (Using difference cover)
  bucket 294: 40%
  bucket 305: 20%
  bucket 302: 20%
  bucket 296: 40%
  bucket 288: 50%
  bucket 293: 50%
  bucket 287: 50%
  bucket 303: 20%
  bucket 265: 80%
  bucket 268: 100%
  Sorting block of length 2994597 for bucket 268
  (Using difference cover)
  bucket 258: 90%
  bucket 264: 80%
  bucket 249: 100%
  Sorting block of length 3102923 for bucket 249
  (Using difference cover)
  bucket 289: 50%
  bucket 266: 80%
  bucket 297: 40%
  bucket 301: 20%
  bucket 300: 20%
  bucket 248: 90%
  bucket 306: 20%
  bucket 272: 60%
  bucket 252: 100%
  Sorting block of length 1945058 for bucket 252
  (Using difference cover)
  Sorting block time: 00:00:05
Returning block of 2909205 for bucket 251
  bucket 277: 70%
  bucket 246: 90%
Getting block 316 of 526
  Reserving size (3362478) for bucket 316
  Calculating Z arrays for bucket 316
  Entering block accumulator loop for bucket 316:
  Sorting block time: 00:00:05
Returning block of 2558912 for bucket 244
  bucket 286: 60%
  Sorting block time: 00:00:04
Returning block of 1880442 for bucket 243
  bucket 271: 70%
Getting block 317 of 526
  Reserving size (3362478) for bucket 317
  Calculating Z arrays for bucket 317
  Entering block accumulator loop for bucket 317:
Getting block 318 of 526
  Reserving size (3362478) for bucket 318
  Calculating Z arrays for bucket 318
  Entering block accumulator loop for bucket 318:
  bucket 274: 70%
  bucket 313: 10%
  bucket 314: 10%
  bucket 267: 70%
  bucket 283: 60%
  bucket 275: 60%
  bucket 261: 90%
  bucket 309: 20%
  bucket 278: 60%
  bucket 279: 60%
  bucket 254: 100%
  Sorting block of length 3214523 for bucket 254
  (Using difference cover)
  bucket 281: 60%
  Sorting block time: 00:00:05
Returning block of 2933795 for bucket 256
  bucket 250: 100%
  Sorting block of length 885680 for bucket 250
  (Using difference cover)
  bucket 308: 20%
Getting block 319 of 526
  Reserving size (3362478) for bucket 319
  Calculating Z arrays for bucket 319
  Entering block accumulator loop for bucket 319:
  bucket 280: 60%
  bucket 259: 90%
  bucket 310: 20%
  Sorting block time: 00:00:04
Returning block of 2994598 for bucket 268
  bucket 247: 100%
  Sorting block of length 2199076 for bucket 247
  (Using difference cover)
  bucket 304: 30%
  Sorting block time: 00:00:04
Returning block of 1945059 for bucket 252
  bucket 257: 100%
  Sorting block of length 1938005 for bucket 257
  (Using difference cover)
  bucket 295: 50%
  bucket 282: 60%
  bucket 253: 90%
Getting block 320 of 526
  Reserving size (3362478) for bucket 320
  Calculating Z arrays for bucket 320
  Entering block accumulator loop for bucket 320:
  bucket 311: 20%
  bucket 299: 50%
Getting block 321 of 526
  Reserving size (3362478) for bucket 321
  Calculating Z arrays for bucket 321
  Entering block accumulator loop for bucket 321:
  bucket 276: 60%
  Sorting block time: 00:00:02
Returning block of 885681 for bucket 250
Getting block 322 of 526
  Reserving size (3362478) for bucket 322
  Calculating Z arrays for bucket 322
  Entering block accumulator loop for bucket 322:
  Sorting block time: 00:00:06
Returning block of 3102924 for bucket 249
Getting block 323 of 526
  Reserving size (3362478) for bucket 323
  Calculating Z arrays for bucket 323
  Entering block accumulator loop for bucket 323:
  bucket 284: 80%
  bucket 296: 50%
  bucket 285: 60%
  bucket 290: 60%
  bucket 291: 60%
  bucket 273: 70%
  bucket 293: 60%
  bucket 263: 90%
  Sorting block time: 00:00:04
Returning block of 1938006 for bucket 257
Getting block 324 of 526
  Reserving size (3362478) for bucket 324
  Calculating Z arrays for bucket 324
  Entering block accumulator loop for bucket 324:
  Sorting block time: 00:00:07
Returning block of 3214524 for bucket 254
Getting block 325 of 526
  Reserving size (3362478) for bucket 325
  Calculating Z arrays for bucket 325
  Entering block accumulator loop for bucket 325:
  Sorting block time: 00:00:07
Returning block of 2199077 for bucket 247
  bucket 292: 50%
  bucket 255: 100%
  Sorting block of length 2878714 for bucket 255
  (Using difference cover)
  bucket 270: 80%
Getting block 326 of 526
  Reserving size (3362478) for bucket 326
  Calculating Z arrays for bucket 326
  Entering block accumulator loop for bucket 326:
  bucket 307: 30%
  bucket 298: 50%
  bucket 312: 20%
  bucket 277: 80%
  bucket 315: 10%
  bucket 262: 90%
  bucket 305: 30%
  bucket 264: 90%
  bucket 258: 100%
  Sorting block of length 2750230 for bucket 258
  (Using difference cover)
  bucket 272: 70%
  bucket 260: 90%
  bucket 287: 60%
  bucket 301: 30%
  bucket 294: 50%
  bucket 288: 60%
  bucket 289: 60%
  bucket 302: 30%
  bucket 265: 90%
  bucket 303: 30%
  bucket 286: 70%
  bucket 266: 90%
  bucket 297: 50%
  bucket 300: 30%
  bucket 246: 100%
  Sorting block of length 3130140 for bucket 246
  (Using difference cover)
  bucket 248: 100%
  Sorting block of length 2665297 for bucket 248
  (Using difference cover)
  bucket 271: 80%
  bucket 309: 30%
  bucket 306: 30%
  bucket 274: 80%
  bucket 273: 80%
  bucket 314: 20%
  bucket 296: 60%
  bucket 316: 10%
  bucket 293: 70%
  bucket 283: 70%
  bucket 275: 70%
  Sorting block time: 00:00:05
Returning block of 2878715 for bucket 255
  bucket 278: 70%
  bucket 279: 70%
Getting block 327 of 526
  Reserving size (3362478) for bucket 327
  Calculating Z arrays for bucket 327
  Entering block accumulator loop for bucket 327:
  bucket 261: 100%
  Sorting block of length 3345508 for bucket 261
  (Using difference cover)
  bucket 280: 70%
  bucket 281: 70%
  bucket 277: 90%
  bucket 317: 10%
  bucket 318: 10%
  bucket 313: 20%
  Sorting block time: 00:00:05
Returning block of 2750231 for bucket 258
  bucket 267: 80%
Getting block 328 of 526
  Reserving size (3362478) for bucket 328
  Calculating Z arrays for bucket 328
  Entering block accumulator loop for bucket 328:
  bucket 284: 90%
  bucket 263: 100%
  Sorting block of length 3062099 for bucket 263
  (Using difference cover)
  bucket 253: 100%
  Sorting block of length 2030474 for bucket 253
  (Using difference cover)
  bucket 308: 30%
  bucket 285: 70%
  Sorting block time: 00:00:07
Returning block of 2665298 for bucket 248
Getting block 329 of 526
  Reserving size (3362478) for bucket 329
  Calculating Z arrays for bucket 329
  Entering block accumulator loop for bucket 329:
  bucket 321: 10%
  Sorting block time: 00:00:08
Returning block of 3130141 for bucket 246
Getting block 330 of 526
  Reserving size (3362478) for bucket 330
  Calculating Z arrays for bucket 330
  Entering block accumulator loop for bucket 330:
  bucket 276: 70%
  bucket 259: 100%
  Sorting block of length 2024541 for bucket 259
  (Using difference cover)
  Sorting block time: 00:00:07
Returning block of 3345509 for bucket 261
Getting block 331 of 526
  Reserving size (3362478) for bucket 331
  Calculating Z arrays for bucket 331
  Entering block accumulator loop for bucket 331:
  bucket 262: 100%
  Sorting block of length 332105 for bucket 262
  (Using difference cover)
  bucket 295: 60%
  Sorting block time: 00:00:05
Returning block of 2030475 for bucket 253
  bucket 310: 30%
Getting block 332 of 526
  Reserving size (3362478) for bucket 332
  Calculating Z arrays for bucket 332
  Entering block accumulator loop for bucket 332:
  Sorting block time: 00:00:01
Returning block of 332106 for bucket 262
  bucket 319: 10%
Getting block 333 of 526
  Reserving size (3362478) for bucket 333
  Calculating Z arrays for bucket 333
  Entering block accumulator loop for bucket 333:
  bucket 299: 60%
  bucket 282: 70%
  bucket 291: 70%
  bucket 287: 70%
  bucket 322: 10%
  bucket 290: 70%
  bucket 286: 80%
  bucket 325: 10%
  bucket 304: 40%
  bucket 323: 10%
  bucket 311: 30%
  bucket 320: 10%
  bucket 272: 80%
  Sorting block time: 00:00:08
Returning block of 3062100 for bucket 263
Getting block 334 of 526
  Reserving size (3362478) for bucket 334
  Calculating Z arrays for bucket 334
  Entering block accumulator loop for bucket 334:
  Sorting block time: 00:00:06
Returning block of 2024542 for bucket 259
  bucket 264: 100%
  Sorting block of length 2135323 for bucket 264
  (Using difference cover)
  bucket 307: 40%
Getting block 335 of 526
  Reserving size (3362478) for bucket 335
  Calculating Z arrays for bucket 335
  Entering block accumulator loop for bucket 335:
  bucket 270: 90%
  bucket 289: 70%
  bucket 301: 40%
  bucket 298: 60%
  Sorting block time: 00:00:04
Returning block of 2135324 for bucket 264
  bucket 302: 40%
Getting block 336 of 526
  Reserving size (3362478) for bucket 336
  Calculating Z arrays for bucket 336
  Entering block accumulator loop for bucket 336:
  bucket 324: 10%
  bucket 292: 60%
  bucket 300: 40%
  bucket 277: 100%
  Sorting block of length 2783054 for bucket 277
  (Using difference cover)
  bucket 326: 10%
  bucket 273: 90%
  bucket 294: 60%
  bucket 315: 20%
  bucket 312: 30%
  bucket 305: 40%
  bucket 280: 80%
  bucket 288: 70%
  bucket 260: 100%
  Sorting block of length 3108230 for bucket 260
  (Using difference cover)
  bucket 296: 70%
  bucket 293: 80%
  bucket 266: 100%
  Sorting block of length 2723917 for bucket 266
  (Using difference cover)
  bucket 297: 60%
  bucket 265: 100%
  Sorting block of length 2310511 for bucket 265
  (Using difference cover)
  bucket 284: 100%
  Sorting block of length 3281771 for bucket 284
  (Using difference cover)
  bucket 306: 40%
  bucket 309: 40%
  Sorting block time: 00:00:05
Returning block of 2783055 for bucket 277
  bucket 286: 90%
  bucket 303: 40%
Getting block 337 of 526
  Reserving size (3362478) for bucket 337
  Calculating Z arrays for bucket 337
  Entering block accumulator loop for bucket 337:
  bucket 271: 90%
  bucket 285: 80%
  bucket 314: 30%
  bucket 332: 10%
  bucket 274: 90%
  bucket 287: 80%
  bucket 316: 20%
  bucket 321: 20%
  bucket 283: 80%
  bucket 275: 80%
  bucket 313: 30%
  bucket 308: 40%
  bucket 317: 20%
  bucket 278: 80%
  bucket 279: 80%
  bucket 281: 80%
  bucket 272: 90%
  Sorting block time: 00:00:05
Returning block of 2310512 for bucket 265
Getting block 338 of 526
  Reserving size (3362478) for bucket 338
  Calculating Z arrays for bucket 338
  Entering block accumulator loop for bucket 338:
  Sorting block time: 00:00:05
Returning block of 2723918 for bucket 266
Getting block 339 of 526
  Reserving size (3362478) for bucket 339
  Calculating Z arrays for bucket 339
  Entering block accumulator loop for bucket 339:
  Sorting block time: 00:00:06
Returning block of 3108231 for bucket 260
  bucket 291: 80%
  bucket 267: 90%
  bucket 273: 100%
  Sorting block of length 2904848 for bucket 273
  (Using difference cover)
  bucket 325: 20%
Getting block 340 of 526
  Reserving size (3362478) for bucket 340
  Calculating Z arrays for bucket 340
  Entering block accumulator loop for bucket 340:
  bucket 319: 20%
  Sorting block time: 00:00:07
Returning block of 3281772 for bucket 284
Getting block 341 of 526
  Reserving size (3362478) for bucket 341
  Calculating Z arrays for bucket 341
  Entering block accumulator loop for bucket 341:
  bucket 327: 10%
  bucket 331: 10%
  bucket 318: 20%
  bucket 328: 10%
  bucket 282: 80%
  bucket 295: 70%
  bucket 311: 40%
  bucket 299: 70%
  bucket 289: 80%
  bucket 280: 90%
  bucket 276: 80%
  bucket 310: 40%
  bucket 290: 80%
  bucket 330: 10%
  bucket 322: 20%
  bucket 307: 50%
  bucket 301: 50%
  bucket 329: 10%
  bucket 323: 20%
  bucket 302: 50%
  bucket 286: 100%
  Sorting block of length 914382 for bucket 286
  (Using difference cover)
  bucket 304: 50%
  bucket 320: 20%
  bucket 270: 100%
  Sorting block of length 2344679 for bucket 270
  (Using difference cover)
  bucket 333: 10%
  bucket 336: 10%
  bucket 297: 70%
  bucket 334: 10%
  bucket 298: 70%
  bucket 335: 10%
  Sorting block time: 00:00:02
Returning block of 914383 for bucket 286
Getting block 342 of 526
  Reserving size (3362478) for bucket 342
  Calculating Z arrays for bucket 342
  Entering block accumulator loop for bucket 342:
  bucket 300: 50%
  Sorting block time: 00:00:06
Returning block of 2904849 for bucket 273
Getting block 343 of 526
  Reserving size (3362478) for bucket 343
  Calculating Z arrays for bucket 343
  Entering block accumulator loop for bucket 343:
  bucket 324: 20%
  bucket 292: 70%
  bucket 312: 40%
  bucket 293: 90%
  bucket 294: 70%
  bucket 337: 10%
  Sorting block time: 00:00:06
Returning block of 2344680 for bucket 270
Getting block 344 of 526
  Reserving size (3362478) for bucket 344
  Calculating Z arrays for bucket 344
  Entering block accumulator loop for bucket 344:
  bucket 306: 50%
  bucket 288: 80%
  bucket 285: 90%
  bucket 332: 20%
  bucket 315: 30%
  bucket 305: 50%
  bucket 326: 20%
  bucket 287: 90%
  bucket 296: 80%
  bucket 280: 100%
  Sorting block of length 2111180 for bucket 280
  (Using difference cover)
  bucket 316: 30%
  bucket 314: 40%
  bucket 321: 30%
  bucket 341: 10%
  bucket 271: 100%
  Sorting block of length 2572125 for bucket 271
  (Using difference cover)
  bucket 309: 50%
  bucket 272: 100%
  Sorting block of length 3082340 for bucket 272
  (Using difference cover)
  bucket 303: 50%
  bucket 313: 40%
  bucket 274: 100%
  Sorting block of length 3016916 for bucket 274
  (Using difference cover)
  Sorting block time: 00:00:04
Returning block of 2111181 for bucket 280
Getting block 345 of 526
  Reserving size (3362478) for bucket 345
  Calculating Z arrays for bucket 345
  Entering block accumulator loop for bucket 345:
  bucket 338: 10%
  bucket 325: 30%
  bucket 279: 90%
  bucket 283: 90%
  bucket 275: 90%
  bucket 310: 50%
  bucket 278: 90%
  bucket 289: 90%
  bucket 308: 50%
  bucket 281: 90%
  bucket 317: 30%
  bucket 291: 90%
  bucket 342: 10%
  bucket 327: 20%
  bucket 302: 60%
  bucket 301: 60%
  bucket 337: 20%
  Sorting block time: 00:00:05
Returning block of 3082341 for bucket 272
  Sorting block time: 00:00:05
Returning block of 2572126 for bucket 271
Getting block 346 of 526
  Reserving size (3362478) for bucket 346
  Calculating Z arrays for bucket 346
  Entering block accumulator loop for bucket 346:
  bucket 339: 10%
Getting block 347 of 526
  Reserving size (3362478) for bucket 347
  Calculating Z arrays for bucket 347
  Entering block accumulator loop for bucket 347:
  Sorting block time: 00:00:07
Returning block of 3016917 for bucket 274
Getting block 348 of 526
  Reserving size (3362478) for bucket 348
  Calculating Z arrays for bucket 348
  Entering block accumulator loop for bucket 348:
  bucket 331: 20%
  bucket 299: 80%
  bucket 290: 90%
  bucket 282: 90%
  bucket 336: 20%
  bucket 319: 30%
  bucket 311: 50%
  bucket 307: 60%
  bucket 293: 100%
  Sorting block of length 2997231 for bucket 293
  (Using difference cover)
  bucket 276: 90%
  bucket 267: 100%
  Sorting block of length 1807802 for bucket 267
  (Using difference cover)
  bucket 322: 30%
  bucket 343: 10%
  bucket 340: 10%
  bucket 318: 30%
  bucket 300: 60%
  bucket 295: 80%
  bucket 323: 30%
  bucket 328: 20%
  bucket 298: 80%
  bucket 297: 80%
  bucket 320: 30%
  bucket 304: 60%
  bucket 330: 20%
  bucket 335: 20%
  bucket 329: 20%
  bucket 312: 50%
  bucket 324: 30%
  bucket 285: 100%
  Sorting block of length 3355928 for bucket 285
  (Using difference cover)
  bucket 333: 20%
  bucket 287: 100%
  Sorting block of length 3250998 for bucket 287
  (Using difference cover)
  Sorting block time: 00:00:03
Returning block of 1807803 for bucket 267
Getting block 349 of 526
  Reserving size (3362478) for bucket 349
  Calculating Z arrays for bucket 349
  Entering block accumulator loop for bucket 349:
  bucket 332: 30%
  bucket 294: 80%
  bucket 341: 20%
  bucket 334: 20%
  bucket 306: 60%
  Sorting block time: 00:00:06
Returning block of 2997232 for bucket 293
  bucket 314: 50%
  bucket 292: 80%
Getting block 350 of 526
  Reserving size (3362478) for bucket 350
  Calculating Z arrays for bucket 350
  Entering block accumulator loop for bucket 350:
  bucket 338: 20%
  bucket 288: 90%
  bucket 309: 60%
  bucket 321: 40%
  bucket 326: 30%
  Sorting block time: 00:00:06
Returning block of 3250999 for bucket 287
  bucket 296: 90%
  Sorting block time: 00:00:06
Returning block of 3355929 for bucket 285
Getting block 351 of 526
  Reserving size (3362478) for bucket 351
  Calculating Z arrays for bucket 351
  Entering block accumulator loop for bucket 351:
Getting block 352 of 526
  Reserving size (3362478) for bucket 352
  Calculating Z arrays for bucket 352
  Entering block accumulator loop for bucket 352:
  bucket 316: 40%
  bucket 344: 10%
  bucket 315: 40%
  bucket 305: 60%
  bucket 337: 30%
  bucket 345: 10%
  bucket 346: 10%
  bucket 325: 40%
  bucket 303: 60%
  bucket 313: 50%
  bucket 289: 100%
  Sorting block of length 3243720 for bucket 289
  (Using difference cover)
  bucket 302: 70%
  bucket 331: 30%
  bucket 317: 40%
  bucket 297: 90%
  bucket 283: 100%
  Sorting block of length 2449261 for bucket 283
  (Using difference cover)
  bucket 275: 100%
  Sorting block of length 3082523 for bucket 275
  (Using difference cover)
  bucket 291: 100%
  Sorting block of length 2690496 for bucket 291
  (Using difference cover)
  bucket 279: 100%
  Sorting block of length 3314108 for bucket 279
  (Using difference cover)
  bucket 290: 100%
  Sorting block of length 2775214 for bucket 290
  (Using difference cover)
  bucket 339: 20%
  bucket 299: 90%
  bucket 278: 100%
  Sorting block of length 2627754 for bucket 278
  (Using difference cover)
  bucket 310: 60%
  bucket 281: 100%
  Sorting block of length 2609355 for bucket 281
  (Using difference cover)
  bucket 342: 20%
  bucket 311: 60%
  bucket 301: 70%
  bucket 308: 60%
  bucket 324: 40%
  bucket 322: 40%
  bucket 314: 60%
  bucket 298: 90%
  bucket 323: 40%
  bucket 327: 30%
  bucket 320: 40%
  bucket 282: 100%
  Sorting block of length 1417506 for bucket 282
  (Using difference cover)
  bucket 336: 30%
  bucket 319: 40%
  bucket 341: 30%
  bucket 276: 100%
  Sorting block of length 1839115 for bucket 276
  (Using difference cover)
  bucket 307: 70%
  bucket 295: 90%
  bucket 335: 30%
  bucket 347: 10%
  bucket 343: 20%
  bucket 318: 40%
  bucket 300: 70%
  bucket 294: 90%
  bucket 328: 30%
  bucket 348: 10%
  Sorting block time: 00:00:08
Returning block of 3243721 for bucket 289
  bucket 332: 40%
  bucket 304: 70%
  bucket 340: 20%
Getting block 353 of 526
  Reserving size (3362478) for bucket 353
  Calculating Z arrays for bucket 353
  Entering block accumulator loop for bucket 353:
  bucket 330: 30%
  bucket 312: 60%
  Sorting block time: 00:00:05
Returning block of 2449262 for bucket 283
  bucket 329: 30%
Getting block 354 of 526
  Reserving size (3362478) for bucket 354
  Calculating Z arrays for bucket 354
  Entering block accumulator loop for bucket 354:
  bucket 349: 10%
  Sorting block time: 00:00:02
Returning block of 1417507 for bucket 282
  bucket 316: 50%
Getting block 355 of 526
  Reserving size (3362478) for bucket 355
  Calculating Z arrays for bucket 355
  Entering block accumulator loop for bucket 355:
  Sorting block time: 00:00:04
Returning block of 2775215 for bucket 290
  bucket 333: 30%
Getting block 356 of 526
  Reserving size (3362478) for bucket 356
  Calculating Z arrays for bucket 356
  Entering block accumulator loop for bucket 356:
  bucket 350: 10%
  Sorting block time: 00:00:06
Returning block of 3082524 for bucket 275
  bucket 346: 20%
  bucket 306: 70%
  bucket 288: 100%
  Sorting block of length 1168323 for bucket 288
  (Using difference cover)
  bucket 334: 30%
  Sorting block time: 00:00:05
Returning block of 2690497 for bucket 291
Getting block 357 of 526
  Reserving size (3362478) for bucket 357
  Calculating Z arrays for bucket 357
  Entering block accumulator loop for bucket 357:
  bucket 296: 100%
  Sorting block of length 1828766 for bucket 296
  (Using difference cover)
  Sorting block time: 00:00:04
Returning block of 2609356 for bucket 281
Getting block 358 of 526
  Reserving size (3362478) for bucket 358
  Calculating Z arrays for bucket 358
  Entering block accumulator loop for bucket 358:
  bucket 292: 90%
Getting block 359 of 526
  Reserving size (3362478) for bucket 359
  Calculating Z arrays for bucket 359
  Entering block accumulator loop for bucket 359:
  Sorting block time: 00:00:05
Returning block of 2627755 for bucket 278
  Sorting block time: 00:00:03
Returning block of 1839116 for bucket 276
Getting block 360 of 526
  Reserving size (3362478) for bucket 360
  Calculating Z arrays for bucket 360
  Entering block accumulator loop for bucket 360:
Getting block 361 of 526
  Reserving size (3362478) for bucket 361
  Calculating Z arrays for bucket 361
  Entering block accumulator loop for bucket 361:
  Sorting block time: 00:00:06
Returning block of 3314109 for bucket 279
  bucket 331: 40%
Getting block 362 of 526
  Reserving size (3362478) for bucket 362
  Calculating Z arrays for bucket 362
  Entering block accumulator loop for bucket 362:
  bucket 309: 70%
  Sorting block time: 00:00:02
Returning block of 1168324 for bucket 288
Getting block 363 of 526
  Reserving size (3362478) for bucket 363
  Calculating Z arrays for bucket 363
  Entering block accumulator loop for bucket 363:
  bucket 297: 100%
  Sorting block of length 3224061 for bucket 297
  (Using difference cover)
  bucket 338: 30%
  Sorting block time: 00:00:04
Returning block of 1828767 for bucket 296
Getting block 364 of 526
  Reserving size (3362478) for bucket 364
  Calculating Z arrays for bucket 364
  Entering block accumulator loop for bucket 364:
  bucket 344: 20%
  bucket 305: 70%
  bucket 314: 70%
  bucket 325: 50%
  bucket 324: 50%
  bucket 326: 40%
  bucket 321: 50%
  bucket 315: 50%
  Sorting block time: 00:00:05
Returning block of 3224062 for bucket 297
Getting block 365 of 526
  Reserving size (3362478) for bucket 365
  Calculating Z arrays for bucket 365
  Entering block accumulator loop for bucket 365:
  bucket 352: 10%
  bucket 345: 20%
  bucket 303: 70%
  bucket 351: 10%
  bucket 317: 50%
  bucket 313: 60%
  bucket 337: 40%
  bucket 299: 100%
  Sorting block of length 2978739 for bucket 299
  (Using difference cover)
  bucket 302: 80%
  bucket 339: 30%
  bucket 294: 100%
  Sorting block of length 3236577 for bucket 294
  (Using difference cover)
  bucket 311: 70%
  bucket 298: 100%
  Sorting block of length 691298 for bucket 298
  (Using difference cover)
  bucket 322: 50%
  bucket 335: 40%
  bucket 341: 40%
  bucket 323: 50%
  Sorting block time: 00:00:01
Returning block of 691299 for bucket 298
Getting block 366 of 526
  Reserving size (3362478) for bucket 366
  Calculating Z arrays for bucket 366
  Entering block accumulator loop for bucket 366:
  bucket 310: 70%
  bucket 301: 80%
  bucket 320: 50%
  Sorting block time: 00:00:05
Returning block of 2978740 for bucket 299
Getting block 367 of 526
  Reserving size (3362478) for bucket 367
  Calculating Z arrays for bucket 367
  Entering block accumulator loop for bucket 367:
  bucket 308: 70%
  Sorting block time: 00:00:05
Returning block of 3236578 for bucket 294
Getting block 368 of 526
  Reserving size (3362478) for bucket 368
  Calculating Z arrays for bucket 368
  Entering block accumulator loop for bucket 368:
  bucket 332: 50%
  bucket 331: 50%
  bucket 316: 60%
  bucket 295: 100%
  Sorting block of length 3123346 for bucket 295
  (Using difference cover)
  bucket 307: 80%
  bucket 314: 80%
  bucket 328: 40%
  bucket 327: 40%
  bucket 342: 30%
  bucket 318: 50%
  bucket 304: 80%
  bucket 319: 50%
  bucket 330: 40%
  bucket 350: 20%
  bucket 356: 10%
  bucket 312: 70%
  bucket 336: 40%
  Sorting block time: 00:00:06
Returning block of 3123347 for bucket 295
Getting block 369 of 526
  Reserving size (3362478) for bucket 369
  Calculating Z arrays for bucket 369
  Entering block accumulator loop for bucket 369:
  bucket 300: 80%
  bucket 343: 30%
  bucket 347: 20%
  bucket 340: 30%
  bucket 348: 20%
  bucket 333: 40%
  bucket 309: 80%
  bucket 306: 80%
  bucket 364: 10%
  bucket 334: 40%
  bucket 329: 40%
  bucket 353: 10%
  bucket 346: 30%
  bucket 341: 50%
  bucket 349: 20%
  bucket 363: 10%
  bucket 365: 10%
  bucket 355: 10%
  bucket 354: 10%
  bucket 358: 10%
  bucket 359: 10%
  bucket 361: 10%
  bucket 292: 100%
  Sorting block of length 3150652 for bucket 292
  (Using difference cover)
  bucket 305: 80%
  bucket 335: 50%
  bucket 360: 10%
  bucket 317: 60%
  bucket 362: 10%
  bucket 352: 20%
  bucket 324: 60%
  bucket 357: 10%
  bucket 301: 90%
  bucket 345: 30%
  bucket 325: 60%
  bucket 338: 40%
  bucket 311: 80%
  bucket 303: 80%
  bucket 315: 60%
  bucket 322: 60%
  bucket 339: 40%
  bucket 344: 30%
  bucket 316: 70%
  bucket 321: 60%
  bucket 313: 70%
  bucket 326: 50%
  bucket 323: 60%
  bucket 302: 90%
  bucket 366: 10%
  bucket 331: 60%
  bucket 314: 90%
  bucket 368: 10%
  bucket 320: 60%
  bucket 351: 20%
  bucket 367: 10%
  bucket 356: 20%
  bucket 310: 80%
  bucket 337: 50%
  bucket 308: 80%
  bucket 332: 60%
  bucket 364: 20%
  bucket 307: 90%
  bucket 328: 50%
  bucket 353: 20%
  bucket 327: 50%
  bucket 304: 90%
  bucket 318: 60%
  bucket 300: 90%
  Sorting block time: 00:00:06
Returning block of 3150653 for bucket 292
  bucket 319: 60%
  bucket 365: 20%
  bucket 312: 80%
  bucket 330: 50%
  bucket 342: 40%
Getting block 370 of 526
  Reserving size (3362478) for bucket 370
  Calculating Z arrays for bucket 370
  Entering block accumulator loop for bucket 370:
  bucket 350: 30%
  bucket 336: 50%
  bucket 345: 40%
  bucket 369: 10%
  bucket 343: 40%
  bucket 309: 90%
  bucket 347: 30%
  bucket 341: 60%
  bucket 340: 40%
  bucket 306: 90%
  bucket 358: 20%
  bucket 333: 50%
  bucket 348: 30%
  bucket 334: 50%
  bucket 363: 20%
  bucket 316: 80%
  bucket 314: 100%
  Sorting block of length 1855093 for bucket 314
  (Using difference cover)
  bucket 335: 60%
  bucket 346: 40%
  bucket 329: 50%
  bucket 352: 30%
  bucket 349: 30%
  bucket 359: 20%
  bucket 305: 90%
  bucket 361: 20%
  Sorting block time: 00:00:03
Returning block of 1855094 for bucket 314
  bucket 317: 70%
  bucket 331: 70%
Getting block 371 of 526
  Reserving size (3362478) for bucket 371
  Calculating Z arrays for bucket 371
  Entering block accumulator loop for bucket 371:
  bucket 311: 90%
  bucket 324: 70%
  bucket 355: 20%
  bucket 360: 20%
  bucket 362: 20%
  bucket 301: 100%
  Sorting block of length 3211622 for bucket 301
  (Using difference cover)
  bucket 322: 70%
  bucket 323: 70%
  bucket 356: 30%
  bucket 366: 20%
  bucket 354: 20%
  bucket 303: 90%
  bucket 315: 70%
  bucket 321: 70%
  bucket 313: 80%
  bucket 325: 70%
  bucket 357: 20%
  bucket 339: 50%
  bucket 320: 70%
  bucket 367: 20%
  bucket 302: 100%
  Sorting block of length 2580581 for bucket 302
  (Using difference cover)
  bucket 365: 30%
  bucket 338: 50%
  bucket 368: 20%
  bucket 326: 60%
  bucket 337: 60%
  bucket 344: 40%
  bucket 351: 30%
  bucket 310: 90%
  bucket 364: 30%
  bucket 319: 70%
  bucket 308: 90%
  bucket 358: 30%
  bucket 300: 100%
  Sorting block of length 3064520 for bucket 300
  (Using difference cover)
  bucket 328: 60%
  bucket 334: 60%
  bucket 312: 90%
  bucket 332: 70%
  bucket 353: 30%
  bucket 304: 100%
  Sorting block of length 2570358 for bucket 304
  (Using difference cover)
  bucket 307: 100%
  Sorting block of length 1627311 for bucket 307
  (Using difference cover)
  bucket 371: 10%
  bucket 318: 70%
  bucket 350: 40%
  bucket 327: 60%
  bucket 346: 50%
  bucket 342: 50%
  bucket 309: 100%
  Sorting block of length 1847471 for bucket 309
  (Using difference cover)
  bucket 369: 20%
  bucket 345: 50%
  bucket 336: 60%
  bucket 341: 70%
  Sorting block time: 00:00:07
Returning block of 3211623 for bucket 301
  bucket 330: 60%
  bucket 370: 10%
Getting block 372 of 526
  Reserving size (3362478) for bucket 372
  Calculating Z arrays for bucket 372
  Entering block accumulator loop for bucket 372:
  bucket 316: 90%
  bucket 306: 100%
  Sorting block of length 2141422 for bucket 306
  (Using difference cover)
  bucket 363: 30%
  Sorting block time: 00:00:05
Returning block of 2580582 for bucket 302
  bucket 365: 40%
  bucket 352: 40%
  bucket 343: 50%
  bucket 335: 70%
  bucket 347: 40%
Getting block 373 of 526
  Reserving size (3362478) for bucket 373
  Calculating Z arrays for bucket 373
  Entering block accumulator loop for bucket 373:
  bucket 340: 50%
  bucket 333: 60%
  bucket 348: 40%
  bucket 311: 100%
  Sorting block of length 1171468 for bucket 311
  (Using difference cover)
  bucket 329: 60%
  bucket 359: 30%
  bucket 351: 40%
  bucket 361: 30%
  bucket 305: 100%
  Sorting block of length 2643261 for bucket 305
  (Using difference cover)
  Sorting block time: 00:00:03
Returning block of 1627312 for bucket 307
  bucket 323: 80%
  bucket 303: 100%
  Sorting block of length 849309 for bucket 303
  (Using difference cover)
  bucket 349: 40%
Getting block 374 of 526
  Reserving size (3362478) for bucket 374
  Calculating Z arrays for bucket 374
  Entering block accumulator loop for bucket 374:
  bucket 317: 80%
  bucket 368: 30%
  bucket 331: 80%
  bucket 324: 80%
  bucket 319: 80%
  bucket 360: 30%
  bucket 362: 30%
  bucket 322: 80%
  bucket 321: 80%
  Sorting block time: 00:00:03
Returning block of 1847472 for bucket 309
  bucket 355: 30%
  bucket 366: 30%
  bucket 356: 40%
  bucket 308: 100%
  Sorting block of length 2593337 for bucket 308
  (Using difference cover)
Getting block 375 of 526
  Reserving size (3362478) for bucket 375
  Calculating Z arrays for bucket 375
  Entering block accumulator loop for bucket 375:
  Sorting block time: 00:00:06
Returning block of 3064521 for bucket 300
  bucket 315: 80%
  Sorting block time: 00:00:05
Returning block of 2570359 for bucket 304
Getting block 376 of 526
  Reserving size (3362478) for bucket 376
  Calculating Z arrays for bucket 376
  Entering block accumulator loop for bucket 376:
  bucket 325: 80%
  bucket 320: 80%
  bucket 326: 70%
  bucket 364: 40%
  bucket 313: 90%
Getting block 377 of 526
  Reserving size (3362478) for bucket 377
  Calculating Z arrays for bucket 377
  Entering block accumulator loop for bucket 377:
  Sorting block time: 00:00:01
Returning block of 849310 for bucket 303
  bucket 354: 30%
Getting block 378 of 526
  Reserving size (3362478) for bucket 378
  Calculating Z arrays for bucket 378
  Entering block accumulator loop for bucket 378:
  Sorting block time: 00:00:03
Returning block of 1171469 for bucket 311
Getting block 379 of 526
  Reserving size (3362478) for bucket 379
  Calculating Z arrays for bucket 379
  Entering block accumulator loop for bucket 379:
  bucket 338: 60%
  bucket 367: 30%
  Sorting block time: 00:00:05
Returning block of 2141423 for bucket 306
Getting block 380 of 526
  Reserving size (3362478) for bucket 380
  Calculating Z arrays for bucket 380
  Entering block accumulator loop for bucket 380:
  bucket 334: 70%
  bucket 339: 60%
  bucket 357: 30%
  Sorting block time: 00:00:06
Returning block of 2643262 for bucket 305
Getting block 381 of 526
  Reserving size (3362478) for bucket 381
  Calculating Z arrays for bucket 381
  Entering block accumulator loop for bucket 381:
  bucket 310: 100%
  Sorting block of length 2580490 for bucket 310
  (Using difference cover)
  bucket 337: 70%
  Sorting block time: 00:00:05
Returning block of 2593338 for bucket 308
Getting block 382 of 526
  Reserving size (3362478) for bucket 382
  Calculating Z arrays for bucket 382
  Entering block accumulator loop for bucket 382:
  bucket 358: 40%
  Sorting block time: 00:00:05
Returning block of 2580491 for bucket 310
Getting block 383 of 526
  Reserving size (3362478) for bucket 383
  Calculating Z arrays for bucket 383
  Entering block accumulator loop for bucket 383:
  bucket 328: 70%
  bucket 344: 50%
  bucket 312: 100%
  Sorting block of length 3061538 for bucket 312
  (Using difference cover)
  bucket 371: 20%
  bucket 346: 60%
  bucket 342: 60%
  bucket 341: 80%
  Sorting block time: 00:00:06
Returning block of 3061539 for bucket 312
  bucket 368: 40%
Getting block 384 of 526
  Reserving size (3362478) for bucket 384
  Calculating Z arrays for bucket 384
  Entering block accumulator loop for bucket 384:
  bucket 365: 50%
  bucket 318: 80%
  bucket 369: 30%
  bucket 350: 50%
  bucket 327: 70%
  bucket 332: 80%
  bucket 316: 100%
  Sorting block of length 3183305 for bucket 316
  (Using difference cover)
  bucket 353: 40%
  bucket 345: 60%
  bucket 323: 90%
  bucket 348: 50%
  bucket 329: 70%
  bucket 363: 40%
  bucket 336: 70%
  bucket 330: 70%
  bucket 373: 10%
  bucket 372: 10%
  bucket 370: 20%
  bucket 317: 90%
  bucket 335: 80%
  bucket 351: 50%
  bucket 375: 10%
  bucket 366: 40%
  bucket 382: 10%
  bucket 343: 60%
  bucket 347: 50%
  bucket 340: 60%
  bucket 352: 50%
  bucket 359: 40%
  bucket 324: 90%
  bucket 349: 50%
  bucket 361: 40%
  bucket 333: 70%
  bucket 379: 10%
  bucket 313: 100%
  Sorting block of length 1910333 for bucket 313
  (Using difference cover)
  bucket 320: 90%
  bucket 338: 70%
  bucket 367: 40%
  bucket 322: 90%
  bucket 321: 90%
  bucket 377: 10%
  bucket 331: 90%
  bucket 328: 80%
  bucket 374: 10%
  bucket 360: 40%
  bucket 362: 40%
  bucket 319: 90%
  bucket 376: 10%
  bucket 325: 90%
  bucket 346: 70%
  bucket 341: 90%
  bucket 358: 50%
  bucket 378: 10%
  bucket 380: 10%
  bucket 356: 50%
  bucket 355: 40%
  bucket 334: 80%
  bucket 315: 90%
  bucket 381: 10%
  bucket 364: 50%
  bucket 326: 80%
  bucket 365: 60%
  bucket 371: 30%
  bucket 339: 70%
  bucket 337: 80%
  bucket 357: 40%
  bucket 354: 40%
  bucket 383: 10%
  bucket 327: 80%
  bucket 323: 100%
  Sorting block of length 2988625 for bucket 323
  (Using difference cover)
  Sorting block time: 00:00:07
Returning block of 3183306 for bucket 316
  bucket 344: 60%
  bucket 342: 70%
  bucket 372: 20%
  Sorting block time: 00:00:04
Returning block of 1910334 for bucket 313
Getting block 385 of 526
  Reserving size (3362478) for bucket 385
  Calculating Z arrays for bucket 385
  Entering block accumulator loop for bucket 385:
  bucket 348: 60%
  bucket 368: 50%
  bucket 384: 10%
Getting block 386 of 526
  Reserving size (3362478) for bucket 386
  Calculating Z arrays for bucket 386
  Entering block accumulator loop for bucket 386:
  bucket 382: 20%
  bucket 318: 90%
  bucket 369: 40%
  bucket 350: 60%
  bucket 332: 90%
  bucket 321: 100%
  Sorting block of length 1893828 for bucket 321
  (Using difference cover)
  bucket 366: 50%
  bucket 353: 50%
  bucket 329: 80%
  bucket 345: 70%
  bucket 363: 50%
  Sorting block time: 00:00:05
Returning block of 2988626 for bucket 323
  bucket 349: 60%
  bucket 373: 20%
Getting block 387 of 526
  Reserving size (3362478) for bucket 387
  Calculating Z arrays for bucket 387
  Entering block accumulator loop for bucket 387:
  bucket 330: 80%
  bucket 320: 100%
  Sorting block of length 2835054 for bucket 320
  (Using difference cover)
  bucket 336: 80%
  bucket 334: 90%
  bucket 370: 30%
  bucket 375: 20%
  bucket 317: 100%
  Sorting block of length 2947452 for bucket 317
  (Using difference cover)
  bucket 328: 90%
  bucket 335: 90%
  bucket 351: 60%
  bucket 359: 50%
  bucket 371: 40%
  bucket 361: 50%
  bucket 343: 70%
  bucket 352: 60%
  bucket 324: 100%
  Sorting block of length 1653597 for bucket 324
  (Using difference cover)
  bucket 340: 70%
  bucket 347: 60%
  bucket 379: 20%
  bucket 377: 20%
  bucket 367: 50%
  bucket 333: 80%
  bucket 358: 60%
  bucket 322: 100%
  Sorting block of length 1651987 for bucket 322
  (Using difference cover)
  bucket 338: 80%
  bucket 325: 100%
  Sorting block of length 3281981 for bucket 325
  (Using difference cover)
  bucket 360: 50%
  bucket 362: 50%
  bucket 331: 100%
  Sorting block of length 1964288 for bucket 331
  (Using difference cover)
  bucket 374: 20%
  bucket 319: 100%
  Sorting block of length 2663538 for bucket 319
  (Using difference cover)
  bucket 376: 20%
  bucket 327: 90%
  bucket 341: 100%
  Sorting block of length 3255917 for bucket 341
  (Using difference cover)
  bucket 346: 80%
  bucket 378: 20%
  bucket 382: 30%
  Sorting block time: 00:00:04
Returning block of 1893829 for bucket 321
Getting block 388 of 526
  Reserving size (3362478) for bucket 388
  Calculating Z arrays for bucket 388
  Entering block accumulator loop for bucket 388:
  bucket 365: 70%
  bucket 364: 60%
  bucket 380: 20%
  bucket 356: 60%
  bucket 381: 20%
  bucket 355: 50%
  bucket 315: 100%
  Sorting block of length 1870592 for bucket 315
  (Using difference cover)
  bucket 326: 90%
  Sorting block time: 00:00:03
Returning block of 1653598 for bucket 324
  bucket 337: 90%
  bucket 366: 60%
Getting block 389 of 526
  Reserving size (3362478) for bucket 389
  Calculating Z arrays for bucket 389
  Entering block accumulator loop for bucket 389:
  bucket 383: 20%
  bucket 339: 80%
  Sorting block time: 00:00:05
Returning block of 2835055 for bucket 320
  bucket 357: 50%
  Sorting block time: 00:00:03
Returning block of 1651988 for bucket 322
Getting block 390 of 526
  Reserving size (3362478) for bucket 390
  Calculating Z arrays for bucket 390
  Entering block accumulator loop for bucket 390:
Getting block 391 of 526
  Reserving size (3362478) for bucket 391
  Calculating Z arrays for bucket 391
  Entering block accumulator loop for bucket 391:
  bucket 354: 50%
  bucket 386: 10%
  bucket 385: 10%
  bucket 372: 30%
  bucket 334: 100%
  Sorting block of length 3095213 for bucket 334
  (Using difference cover)
  bucket 350: 70%
  bucket 384: 20%
  bucket 371: 50%
  Sorting block time: 00:00:04
Returning block of 1964289 for bucket 331
  bucket 368: 60%
  bucket 344: 70%
  bucket 328: 100%
  Sorting block of length 1671889 for bucket 328
  (Using difference cover)
  bucket 342: 80%
Getting block 392 of 526
  Reserving size (3362478) for bucket 392
  Calculating Z arrays for bucket 392
  Entering block accumulator loop for bucket 392:
  bucket 369: 50%
  Sorting block time: 00:00:06
Returning block of 2947453 for bucket 317
  bucket 348: 70%
  bucket 318: 100%
  Sorting block of length 2382555 for bucket 318
  (Using difference cover)
Getting block 393 of 526
  Reserving size (3362478) for bucket 393
  Calculating Z arrays for bucket 393
  Entering block accumulator loop for bucket 393:
  bucket 349: 70%
  bucket 352: 70%
  bucket 329: 90%
  bucket 332: 100%
  Sorting block of length 3267272 for bucket 332
  (Using difference cover)
  Sorting block time: 00:00:05
Returning block of 2663539 for bucket 319
  Sorting block time: 00:00:04
Returning block of 1870593 for bucket 315
Getting block 394 of 526
  Reserving size (3362478) for bucket 394
  Calculating Z arrays for bucket 394
  Entering block accumulator loop for bucket 394:
  bucket 363: 60%
Getting block 395 of 526
  Reserving size (3362478) for bucket 395
  Calculating Z arrays for bucket 395
  Entering block accumulator loop for bucket 395:
  bucket 330: 90%
  bucket 353: 60%
  Sorting block time: 00:00:06
Returning block of 3255918 for bucket 341
  bucket 345: 80%
  bucket 388: 10%
  bucket 387: 10%
  bucket 327: 100%
  Sorting block of length 3206369 for bucket 327
  (Using difference cover)
Getting block 396 of 526
  Reserving size (3362478) for bucket 396
  Calculating Z arrays for bucket 396
  Entering block accumulator loop for bucket 396:
  bucket 370: 40%
  bucket 373: 30%
  Sorting block time: 00:00:04
Returning block of 1671890 for bucket 328
Getting block 397 of 526
  Reserving size (3362478) for bucket 397
  Calculating Z arrays for bucket 397
  Entering block accumulator loop for bucket 397:
  bucket 375: 30%
  Sorting block time: 00:00:09
Returning block of 3281982 for bucket 325
  bucket 336: 90%
  bucket 367: 60%
  Sorting block time: 00:00:05
Returning block of 2382556 for bucket 318
Getting block 398 of 526
  Reserving size (3362478) for bucket 398
  Calculating Z arrays for bucket 398
  Entering block accumulator loop for bucket 398:
Getting block 399 of 526
  Reserving size (3362478) for bucket 399
  Calculating Z arrays for bucket 399
  Entering block accumulator loop for bucket 399:
  Sorting block time: 00:00:07
Returning block of 3095214 for bucket 334
Getting block 400 of 526
  Reserving size (3362478) for bucket 400
  Calculating Z arrays for bucket 400
  Entering block accumulator loop for bucket 400:
  bucket 382: 40%
  bucket 359: 60%
  bucket 361: 60%
  bucket 335: 100%
  Sorting block of length 2497671 for bucket 335
  (Using difference cover)
  bucket 379: 30%
  bucket 358: 70%
  bucket 351: 70%
  bucket 377: 30%
  bucket 338: 90%
  bucket 343: 80%
  Sorting block time: 00:00:08
Returning block of 3206370 for bucket 327
Getting block 401 of 526
  Reserving size (3362478) for bucket 401
  Calculating Z arrays for bucket 401
  Entering block accumulator loop for bucket 401:
  Sorting block time: 00:00:11
Returning block of 3267273 for bucket 332
  bucket 340: 80%
  bucket 333: 90%
Getting block 402 of 526
  Reserving size (3362478) for bucket 402
  Calculating Z arrays for bucket 402
  Entering block accumulator loop for bucket 402:
  bucket 347: 70%
  bucket 391: 10%
  Sorting block time: 00:00:05
Returning block of 2497672 for bucket 335
  bucket 366: 70%
  bucket 365: 80%
Getting block 403 of 526
  Reserving size (3362478) for bucket 403
  Calculating Z arrays for bucket 403
  Entering block accumulator loop for bucket 403:
  bucket 376: 30%
  bucket 378: 30%
  bucket 350: 80%
  bucket 360: 60%
  bucket 362: 60%
  bucket 346: 90%
  bucket 381: 30%
  bucket 374: 30%
  bucket 380: 30%
  bucket 364: 70%
  bucket 371: 60%
  bucket 356: 70%
  bucket 386: 20%
  bucket 383: 30%
  bucket 389: 10%
  bucket 355: 60%
  bucket 390: 10%
  bucket 368: 70%
  bucket 385: 20%
  bucket 326: 100%
  Sorting block of length 2964604 for bucket 326
  (Using difference cover)
  bucket 372: 40%
  bucket 388: 20%
  bucket 393: 10%
  bucket 397: 10%
  bucket 337: 100%
  Sorting block of length 2326018 for bucket 337
  (Using difference cover)
  bucket 329: 100%
  Sorting block of length 1890611 for bucket 329
  (Using difference cover)
  bucket 384: 30%
  bucket 400: 10%
  bucket 349: 80%
  bucket 339: 90%
  bucket 369: 60%
  bucket 357: 60%
  bucket 382: 50%
  bucket 387: 20%
  bucket 392: 10%
  bucket 391: 20%
  bucket 354: 60%
  bucket 396: 10%
  bucket 363: 70%
  bucket 338: 100%
  Sorting block of length 3067968 for bucket 338
  (Using difference cover)
  bucket 352: 80%
  bucket 344: 80%
  bucket 375: 40%
  bucket 367: 70%
  bucket 342: 90%
  bucket 348: 80%
  bucket 330: 100%
  Sorting block of length 3158754 for bucket 330
  (Using difference cover)
  bucket 399: 10%
  bucket 350: 90%
  bucket 373: 40%
  bucket 394: 10%
  bucket 395: 10%
  bucket 358: 80%
  bucket 345: 90%
  bucket 379: 40%
  bucket 398: 10%
  bucket 370: 50%
  bucket 353: 70%
  bucket 359: 70%
  bucket 361: 70%
  bucket 401: 10%
  bucket 377: 40%
  bucket 366: 80%
  bucket 336: 100%
  Sorting block of length 1303747 for bucket 336
  (Using difference cover)
  bucket 364: 80%
  bucket 333: 100%
  Sorting block of length 2966183 for bucket 333
  (Using difference cover)
  bucket 402: 10%
  Sorting block time: 00:00:04
Returning block of 1890612 for bucket 329
  bucket 365: 90%
Getting block 404 of 526
  Reserving size (3362478) for bucket 404
  Calculating Z arrays for bucket 404
  Entering block accumulator loop for bucket 404:
  bucket 351: 80%
  bucket 388: 30%
  bucket 356: 80%
  bucket 343: 90%
  bucket 378: 40%
  bucket 376: 40%
  bucket 397: 20%
  bucket 340: 90%
  Sorting block time: 00:00:05
Returning block of 2326019 for bucket 337
  bucket 347: 80%
Getting block 405 of 526
  Reserving size (3362478) for bucket 405
  Calculating Z arrays for bucket 405
  Entering block accumulator loop for bucket 405:
  bucket 360: 70%
  bucket 362: 70%
  bucket 403: 10%
  bucket 381: 40%
  Sorting block time: 00:00:06
Returning block of 2964605 for bucket 326
  bucket 374: 40%
  bucket 391: 30%
  bucket 380: 40%
Getting block 406 of 526
  Reserving size (3362478) for bucket 406
  Calculating Z arrays for bucket 406
  Entering block accumulator loop for bucket 406:
  bucket 382: 60%
  bucket 346: 100%
  Sorting block of length 2419486 for bucket 346
  (Using difference cover)
  bucket 386: 30%
  bucket 371: 70%
  Sorting block time: 00:00:03
Returning block of 1303748 for bucket 336
Getting block 407 of 526
  Reserving size (3362478) for bucket 407
  Calculating Z arrays for bucket 407
  Entering block accumulator loop for bucket 407:
  Sorting block time: 00:00:06
Returning block of 3067969 for bucket 338
Getting block 408 of 526
  Reserving size (3362478) for bucket 408
  Calculating Z arrays for bucket 408
  Entering block accumulator loop for bucket 408:
  Sorting block time: 00:00:06
Returning block of 3158755 for bucket 330
  bucket 389: 20%
Getting block 409 of 526
  Reserving size (3362478) for bucket 409
  Calculating Z arrays for bucket 409
  Entering block accumulator loop for bucket 409:
  bucket 383: 40%
  bucket 368: 80%
  bucket 390: 20%
  bucket 393: 20%
  bucket 385: 30%
  Sorting block time: 00:00:10
Returning block of 2966184 for bucket 333
  bucket 372: 50%
  Sorting block time: 00:00:07
Returning block of 2419487 for bucket 346
Getting block 410 of 526
  Reserving size (3362478) for bucket 410
  Calculating Z arrays for bucket 410
  Entering block accumulator loop for bucket 410:
Getting block 411 of 526
  Reserving size (3362478) for bucket 411
  Calculating Z arrays for bucket 411
  Entering block accumulator loop for bucket 411:
  bucket 355: 70%
  bucket 348: 90%
  bucket 387: 30%
  bucket 400: 20%
  bucket 352: 90%
  bucket 349: 90%
  bucket 396: 20%
  bucket 384: 40%
  bucket 369: 70%
  bucket 350: 100%
  Sorting block of length 1259425 for bucket 350
  (Using difference cover)
  bucket 366: 90%
  bucket 375: 50%
  bucket 367: 80%
  bucket 364: 90%
  Sorting block time: 00:00:04
Returning block of 1259426 for bucket 350
Getting block 412 of 526
  Reserving size (3362478) for bucket 412
  Calculating Z arrays for bucket 412
  Entering block accumulator loop for bucket 412:
  bucket 358: 90%
  bucket 363: 80%
  bucket 339: 100%
  Sorting block of length 3274914 for bucket 339
  (Using difference cover)
  bucket 392: 20%
  bucket 379: 50%
  bucket 357: 70%
  bucket 345: 100%
  Sorting block of length 3278401 for bucket 345
  (Using difference cover)
  bucket 397: 30%
  bucket 365: 100%
  Sorting block of length 2025817 for bucket 365
  (Using difference cover)
  bucket 373: 50%
  bucket 391: 40%
  bucket 354: 70%
  bucket 342: 100%
  Sorting block of length 2480942 for bucket 342
  (Using difference cover)
  bucket 344: 90%
  bucket 398: 20%
  bucket 399: 20%
  bucket 394: 20%
  bucket 376: 50%
  bucket 395: 20%
  bucket 377: 50%
  bucket 356: 90%
  bucket 403: 20%
  bucket 404: 10%
  bucket 359: 80%
  bucket 401: 20%
  bucket 370: 60%
  bucket 361: 80%
  bucket 409: 10%
  bucket 353: 80%
  bucket 386: 40%
  bucket 402: 20%
  bucket 371: 80%
  bucket 378: 50%
  bucket 374: 50%
  Sorting block time: 00:00:08
Returning block of 3274915 for bucket 339
  bucket 388: 40%
  bucket 405: 10%
  bucket 400: 30%
Getting block 413 of 526
  Reserving size (3362478) for bucket 413
  Calculating Z arrays for bucket 413
  Entering block accumulator loop for bucket 413:
  bucket 360: 80%
  Sorting block time: 00:00:03
Returning block of 2025818 for bucket 365
  bucket 351: 90%
Getting block 414 of 526
  Reserving size (3362478) for bucket 414
  Calculating Z arrays for bucket 414
  Entering block accumulator loop for bucket 414:
  bucket 381: 50%
  bucket 343: 100%
  Sorting block of length 1826960 for bucket 343
  (Using difference cover)
  bucket 382: 70%
  bucket 340: 100%
  Sorting block of length 275029 for bucket 340
  (Using difference cover)
  bucket 348: 100%
  Sorting block of length 1579425 for bucket 348
  (Using difference cover)
  bucket 362: 80%
  bucket 347: 90%
  bucket 387: 40%
  bucket 393: 30%
  bucket 380: 50%
  Sorting block time: 00:00:00
Returning block of 275030 for bucket 340
Getting block 415 of 526
  Reserving size (3362478) for bucket 415
  Calculating Z arrays for bucket 415
  Entering block accumulator loop for bucket 415:
  bucket 389: 30%
  Sorting block time: 00:00:06
Returning block of 2480943 for bucket 342
Getting block 416 of 526
  Reserving size (3362478) for bucket 416
  Calculating Z arrays for bucket 416
  Entering block accumulator loop for bucket 416:
  Sorting block time: 00:00:10
Returning block of 3278402 for bucket 345
  bucket 383: 50%
Getting block 417 of 526
  Reserving size (3362478) for bucket 417
  Calculating Z arrays for bucket 417
  Entering block accumulator loop for bucket 417:
  bucket 390: 30%
  Sorting block time: 00:00:05
Returning block of 1826961 for bucket 343
  bucket 385: 40%
Getting block 418 of 526
  Reserving size (3362478) for bucket 418
  Calculating Z arrays for bucket 418
  Entering block accumulator loop for bucket 418:
  Sorting block time: 00:00:04
Returning block of 1579426 for bucket 348
Getting block 419 of 526
  Reserving size (3362478) for bucket 419
  Calculating Z arrays for bucket 419
  Entering block accumulator loop for bucket 419:
  bucket 407: 10%
  bucket 411: 10%
  bucket 396: 30%
  bucket 406: 10%
  bucket 366: 100%
  Sorting block of length 1976861 for bucket 366
  (Using difference cover)
  bucket 349: 100%
  Sorting block of length 2841572 for bucket 349
  (Using difference cover)
  bucket 375: 60%
  bucket 408: 10%
  bucket 367: 90%
  bucket 368: 90%
  bucket 358: 100%
  Sorting block of length 2838780 for bucket 358
  (Using difference cover)
  bucket 364: 100%
  Sorting block of length 3052471 for bucket 364
  (Using difference cover)
  bucket 352: 100%
  Sorting block of length 3098131 for bucket 352
  (Using difference cover)
  bucket 404: 20%
  bucket 384: 50%
  bucket 369: 80%
  bucket 403: 30%
  bucket 372: 60%
  bucket 376: 60%
  bucket 379: 60%
  bucket 397: 40%
  bucket 355: 80%
  bucket 391: 50%
  bucket 410: 10%
  bucket 363: 90%
  bucket 412: 10%
  bucket 400: 40%
  bucket 392: 30%
  bucket 402: 30%
  bucket 401: 30%
  Sorting block time: 00:00:04
Returning block of 1976862 for bucket 366
  bucket 373: 60%
Getting block 420 of 526
  Reserving size (3362478) for bucket 420
  Calculating Z arrays for bucket 420
  Entering block accumulator loop for bucket 420:
  bucket 357: 80%
  bucket 386: 50%
  bucket 398: 30%
  bucket 409: 20%
  bucket 377: 60%
  bucket 399: 30%
  bucket 394: 30%
  bucket 359: 90%
  bucket 356: 100%
  Sorting block of length 2012632 for bucket 356
  (Using difference cover)
  bucket 395: 30%
  bucket 344: 100%
  Sorting block of length 2677679 for bucket 344
  (Using difference cover)
  bucket 354: 80%
  bucket 361: 90%
  bucket 374: 60%
  bucket 371: 90%
  bucket 370: 70%
  bucket 378: 60%
  Sorting block time: 00:00:06
Returning block of 2841573 for bucket 349
  Sorting block time: 00:00:05
Returning block of 2838781 for bucket 358
  bucket 353: 90%
Getting block 421 of 526
  Reserving size (3362478) for bucket 421
  Calculating Z arrays for bucket 421
  Entering block accumulator loop for bucket 421:
  bucket 388: 50%
Getting block 422 of 526
  Reserving size (3362478) for bucket 422
  Calculating Z arrays for bucket 422
  Entering block accumulator loop for bucket 422:
  bucket 419: 10%
  bucket 408: 20%
  bucket 360: 90%
  bucket 404: 30%
  bucket 417: 10%
  bucket 362: 90%
  bucket 381: 60%
  bucket 387: 50%
  bucket 382: 80%
  bucket 393: 40%
  bucket 414: 10%
  bucket 403: 40%
  bucket 405: 20%
  bucket 351: 100%
  Sorting block of length 2225742 for bucket 351
  (Using difference cover)
  Sorting block time: 00:00:07
Returning block of 3052472 for bucket 364
  bucket 413: 10%
  bucket 397: 50%
  bucket 389: 40%
  bucket 380: 60%
Getting block 423 of 526
  Reserving size (3362478) for bucket 423
  Calculating Z arrays for bucket 423
  Entering block accumulator loop for bucket 423:
  bucket 347: 100%
  Sorting block of length 3261888 for bucket 347
  (Using difference cover)
  bucket 396: 40%
  bucket 390: 40%
  bucket 383: 60%
  bucket 400: 50%
  Sorting block time: 00:00:07
Returning block of 3098132 for bucket 352
  bucket 375: 70%
  bucket 368: 100%
  Sorting block of length 2998614 for bucket 368
  (Using difference cover)
  bucket 385: 50%
Getting block 424 of 526
  Reserving size (3362478) for bucket 424
  Calculating Z arrays for bucket 424
  Entering block accumulator loop for bucket 424:
  bucket 415: 10%
  bucket 416: 10%
  Sorting block time: 00:00:04
Returning block of 2012633 for bucket 356
  bucket 407: 20%
  bucket 406: 20%
  bucket 367: 100%
  Sorting block of length 3327846 for bucket 367
  (Using difference cover)
  bucket 418: 10%
Getting block 425 of 526
  Reserving size (3362478) for bucket 425
  Calculating Z arrays for bucket 425
  Entering block accumulator loop for bucket 425:
  bucket 411: 20%
  bucket 379: 70%
  Sorting block time: 00:00:05
Returning block of 2677680 for bucket 344
  bucket 384: 60%
  bucket 369: 90%
  bucket 376: 70%
  bucket 372: 70%
  bucket 373: 70%
Getting block 426 of 526
  Reserving size (3362478) for bucket 426
  Calculating Z arrays for bucket 426
  Entering block accumulator loop for bucket 426:
  bucket 402: 40%
  bucket 391: 60%
  bucket 363: 100%
  Sorting block of length 3290091 for bucket 363
  (Using difference cover)
  bucket 410: 20%
  Sorting block time: 00:00:05
Returning block of 2225743 for bucket 351
Getting block 427 of 526
  Reserving size (3362478) for bucket 427
  Calculating Z arrays for bucket 427
  Entering block accumulator loop for bucket 427:
  bucket 355: 90%
  Sorting block time: 00:00:05
Returning block of 2998615 for bucket 368
Getting block 428 of 526
  Reserving size (3362478) for bucket 428
  Calculating Z arrays for bucket 428
  Entering block accumulator loop for bucket 428:
  bucket 409: 30%
  bucket 399: 40%
  Sorting block time: 00:00:07
Returning block of 3261889 for bucket 347
  Sorting block time: 00:00:06
Returning block of 3327847 for bucket 367
Getting block 429 of 526
  Reserving size (3362478) for bucket 429
  Calculating Z arrays for bucket 429
  Entering block accumulator loop for bucket 429:
Getting block 430 of 526
  Reserving size (3362478) for bucket 430
  Calculating Z arrays for bucket 430
  Entering block accumulator loop for bucket 430:
  bucket 412: 20%
  Sorting block time: 00:00:06
Returning block of 3290092 for bucket 363
Getting block 431 of 526
  Reserving size (3362478) for bucket 431
  Calculating Z arrays for bucket 431
  Entering block accumulator loop for bucket 431:
  bucket 386: 60%
  bucket 392: 40%
  bucket 408: 30%
  bucket 420: 10%
  bucket 401: 40%
  bucket 403: 50%
  bucket 377: 70%
  bucket 397: 60%
  bucket 398: 40%
  bucket 371: 100%
  Sorting block of length 912029 for bucket 371
  (Using difference cover)
  bucket 359: 100%
  Sorting block of length 2596664 for bucket 359
  (Using difference cover)
  bucket 404: 40%
  bucket 357: 90%
  Sorting block time: 00:00:02
Returning block of 912030 for bucket 371
Getting block 432 of 526
  Reserving size (3362478) for bucket 432
  Calculating Z arrays for bucket 432
  Entering block accumulator loop for bucket 432:
  bucket 361: 100%
  Sorting block of length 3336686 for bucket 361
  (Using difference cover)
  bucket 394: 40%
  bucket 374: 70%
  bucket 395: 40%
  bucket 378: 70%
  bucket 393: 50%
  bucket 387: 60%
  bucket 353: 100%
  Sorting block of length 2850215 for bucket 353
  (Using difference cover)
  bucket 422: 10%
  bucket 370: 80%
  bucket 421: 10%
  bucket 417: 20%
  bucket 419: 20%
  bucket 423: 10%
  bucket 388: 60%
  bucket 354: 90%
  bucket 400: 60%
  bucket 362: 100%
  Sorting block of length 88005 for bucket 362
  (Using difference cover)
  Sorting block time: 00:00:00
Returning block of 88006 for bucket 362
Getting block 433 of 526
  Reserving size (3362478) for bucket 433
  Calculating Z arrays for bucket 433
  Entering block accumulator loop for bucket 433:
  bucket 414: 20%
  bucket 382: 90%
  bucket 381: 70%
  bucket 396: 50%
  bucket 360: 100%
  Sorting block of length 1191731 for bucket 360
  (Using difference cover)
  bucket 409: 40%
  bucket 391: 70%
  bucket 389: 50%
  bucket 424: 10%
  bucket 411: 30%
  bucket 380: 70%
  bucket 390: 50%
  bucket 405: 30%
  bucket 375: 80%
  Sorting block time: 00:00:05
Returning block of 2596665 for bucket 359
  bucket 383: 70%
  bucket 428: 10%
  bucket 385: 60%
  bucket 413: 20%
Getting block 434 of 526
  Reserving size (3362478) for bucket 434
  Calculating Z arrays for bucket 434
  Entering block accumulator loop for bucket 434:
  bucket 399: 50%
  bucket 425: 10%
  bucket 379: 80%
  Sorting block time: 00:00:01
Returning block of 1191732 for bucket 360
Getting block 435 of 526
  Reserving size (3362478) for bucket 435
  Calculating Z arrays for bucket 435
  Entering block accumulator loop for bucket 435:
  bucket 407: 30%
  bucket 369: 100%
  Sorting block of length 3255677 for bucket 369
  (Using difference cover)
  bucket 416: 20%
  bucket 406: 30%
  bucket 418: 20%
  bucket 415: 20%
  bucket 384: 70%
  bucket 372: 80%
  bucket 373: 80%
  bucket 376: 80%
  bucket 404: 50%
  bucket 408: 40%
  bucket 402: 50%
  Sorting block time: 00:00:05
Returning block of 3336687 for bucket 361
  bucket 420: 20%
  bucket 427: 10%
  bucket 386: 70%
  bucket 410: 30%
Getting block 436 of 526
  Reserving size (3362478) for bucket 436
  Calculating Z arrays for bucket 436
  Entering block accumulator loop for bucket 436:
  bucket 429: 10%
  bucket 412: 30%
  bucket 426: 10%
  bucket 400: 70%
  Sorting block time: 00:00:06
Returning block of 2850216 for bucket 353
  bucket 419: 30%
  bucket 355: 100%
  Sorting block of length 2070563 for bucket 355
  (Using difference cover)
  bucket 397: 70%
  bucket 417: 30%
  bucket 392: 50%
  bucket 430: 10%
Getting block 437 of 526
  Reserving size (3362478) for bucket 437
  Calculating Z arrays for bucket 437
  Entering block accumulator loop for bucket 437:
  bucket 431: 10%
  bucket 377: 80%
  bucket 398: 50%
  bucket 391: 80%
  bucket 411: 40%
  bucket 401: 50%
  bucket 403: 60%
  bucket 394: 50%
  Sorting block time: 00:00:06
Returning block of 3255678 for bucket 369
  bucket 374: 80%
  bucket 378: 80%
  bucket 409: 50%
  bucket 432: 10%
  bucket 357: 100%
  Sorting block of length 2868545 for bucket 357
  (Using difference cover)
  bucket 395: 50%
  bucket 387: 70%
  bucket 393: 60%
Getting block 438 of 526
  Reserving size (3362478) for bucket 438
  Calculating Z arrays for bucket 438
  Entering block accumulator loop for bucket 438:
  bucket 428: 20%
  bucket 370: 90%
  bucket 399: 60%
  bucket 388: 70%
  Sorting block time: 00:00:05
Returning block of 2070564 for bucket 355
  bucket 422: 20%
Getting block 439 of 526
  Reserving size (3362478) for bucket 439
  Calculating Z arrays for bucket 439
  Entering block accumulator loop for bucket 439:
  bucket 421: 20%
  bucket 423: 20%
  bucket 354: 100%
  Sorting block of length 3280223 for bucket 354
  (Using difference cover)
  bucket 381: 80%
  bucket 396: 60%
  bucket 382: 100%
  Sorting block of length 1639048 for bucket 382
  (Using difference cover)
  bucket 373: 90%
  bucket 389: 60%
  bucket 414: 30%
  bucket 434: 10%
  bucket 390: 60%
  bucket 375: 90%
  bucket 424: 20%
  bucket 380: 80%
  bucket 433: 10%
  bucket 385: 70%
  bucket 383: 80%
  bucket 420: 30%
  bucket 400: 80%
  bucket 405: 40%
  bucket 379: 90%
  bucket 435: 10%
  bucket 413: 30%
  bucket 417: 40%
  bucket 425: 20%
  bucket 419: 40%
  bucket 408: 50%
  bucket 391: 90%
  bucket 407: 40%
  bucket 404: 60%
  bucket 406: 40%
  bucket 416: 30%
  bucket 415: 30%
  bucket 376: 90%
  bucket 418: 30%
  bucket 384: 80%
  bucket 411: 50%
  bucket 372: 90%
  Sorting block time: 00:00:03
Returning block of 1639049 for bucket 382
  Sorting block time: 00:00:05
Returning block of 2868546 for bucket 357
  bucket 409: 60%
  bucket 436: 10%
Getting block 440 of 526
  Reserving size (3362478) for bucket 440
  Calculating Z arrays for bucket 440
  Entering block accumulator loop for bucket 440:
  bucket 386: 80%
Getting block 441 of 526
  Reserving size (3362478) for bucket 441
  Calculating Z arrays for bucket 441
  Entering block accumulator loop for bucket 441:
  bucket 402: 60%
  bucket 428: 30%
  bucket 427: 20%
  bucket 410: 40%
  bucket 397: 80%
  bucket 412: 40%
  bucket 429: 20%
  bucket 437: 10%
  bucket 392: 60%
  bucket 431: 20%
  bucket 377: 90%
  bucket 426: 20%
  bucket 373: 100%
  Sorting block of length 3182426 for bucket 373
  (Using difference cover)
  bucket 430: 20%
  Sorting block time: 00:00:06
Returning block of 3280224 for bucket 354
  bucket 398: 60%
Getting block 442 of 526
  Reserving size (3362478) for bucket 442
  Calculating Z arrays for bucket 442
  Entering block accumulator loop for bucket 442:
  bucket 420: 40%
  bucket 394: 60%
  bucket 378: 90%
  bucket 438: 10%
  bucket 374: 90%
  bucket 387: 80%
  bucket 375: 100%
  Sorting block of length 2368386 for bucket 375
  (Using difference cover)
  bucket 403: 70%
  bucket 401: 60%
  bucket 393: 70%
  bucket 395: 60%
  bucket 432: 20%
  bucket 391: 100%
  Sorting block of length 2767678 for bucket 391
  (Using difference cover)
  Sorting block time: 00:00:06
Returning block of 3182427 for bucket 373
Getting block 443 of 526
  Reserving size (3362478) for bucket 443
  Calculating Z arrays for bucket 443
  Entering block accumulator loop for bucket 443:
  bucket 370: 100%
  Sorting block of length 2740515 for bucket 370
  (Using difference cover)
  bucket 417: 50%
  bucket 388: 80%
  bucket 422: 30%
  Sorting block time: 00:00:06
Returning block of 2368387 for bucket 375
  bucket 439: 10%
Getting block 444 of 526
  Reserving size (3362478) for bucket 444
  Calculating Z arrays for bucket 444
  Entering block accumulator loop for bucket 444:
  bucket 396: 70%
  bucket 399: 70%
  bucket 421: 30%
  Sorting block time: 00:00:05
Returning block of 2767679 for bucket 391
Getting block 445 of 526
  Reserving size (3362478) for bucket 445
  Calculating Z arrays for bucket 445
  Entering block accumulator loop for bucket 445:
  bucket 389: 70%
  bucket 381: 90%
  bucket 434: 20%
  bucket 414: 40%
  bucket 408: 60%
  bucket 390: 70%
  bucket 411: 60%
  bucket 385: 80%
  bucket 379: 100%
  Sorting block of length 1090251 for bucket 379
  (Using difference cover)
  Sorting block time: 00:00:08
Returning block of 2740516 for bucket 370
  bucket 423: 30%
Getting block 446 of 526
  Reserving size (3362478) for bucket 446
  Calculating Z arrays for bucket 446
  Entering block accumulator loop for bucket 446:
  bucket 424: 30%
  bucket 400: 90%
  bucket 383: 90%
  bucket 380: 90%
  Sorting block time: 00:00:03
Returning block of 1090252 for bucket 379
  bucket 428: 40%
  bucket 397: 90%
Getting block 447 of 526
  Reserving size (3362478) for bucket 447
  Calculating Z arrays for bucket 447
  Entering block accumulator loop for bucket 447:
  bucket 425: 30%
  bucket 435: 20%
  bucket 409: 70%
  bucket 376: 100%
  Sorting block of length 2759272 for bucket 376
  (Using difference cover)
  bucket 420: 50%
  bucket 386: 90%
  bucket 405: 50%
  bucket 419: 50%
  bucket 404: 70%
  bucket 440: 10%
  bucket 402: 70%
  bucket 384: 90%
  bucket 413: 40%
  bucket 433: 20%
  bucket 431: 30%
  bucket 407: 50%
  bucket 412: 50%
  bucket 372: 100%
  Sorting block of length 2615532 for bucket 372
  (Using difference cover)
  bucket 406: 50%
  bucket 436: 20%
  bucket 441: 10%
  bucket 416: 40%
  bucket 429: 30%
  bucket 395: 70%
  bucket 418: 40%
  bucket 415: 40%
  bucket 438: 20%
  Sorting block time: 00:00:10
Returning block of 2759273 for bucket 376
Getting block 448 of 526
  Reserving size (3362478) for bucket 448
  Calculating Z arrays for bucket 448
  Entering block accumulator loop for bucket 448:
  bucket 387: 90%
  bucket 377: 100%
  Sorting block of length 1425675 for bucket 377
  (Using difference cover)
  bucket 393: 80%
  bucket 437: 20%
  bucket 410: 50%
  bucket 445: 10%
  bucket 398: 70%
  bucket 401: 70%
  bucket 392: 70%
  bucket 427: 30%
  bucket 432: 30%
  bucket 428: 50%
  bucket 403: 80%
  bucket 378: 100%
  Sorting block of length 3194853 for bucket 378
  (Using difference cover)
  bucket 442: 10%
  bucket 397: 100%
  Sorting block of length 2822754 for bucket 397
  (Using difference cover)
  bucket 396: 80%
  bucket 430: 30%
  bucket 383: 100%
  Sorting block of length 2532382 for bucket 383
  (Using difference cover)
  bucket 422: 40%
  bucket 420: 60%
  bucket 399: 80%
  bucket 424: 40%
  bucket 426: 30%
  bucket 443: 10%
  bucket 394: 70%
  bucket 444: 10%
  bucket 374: 100%
  Sorting block of length 2531155 for bucket 374
  (Using difference cover)
  bucket 421: 40%
  bucket 417: 60%
  Sorting block time: 00:00:08
Returning block of 2615533 for bucket 372
Getting block 449 of 526
  Reserving size (3362478) for bucket 449
  Calculating Z arrays for bucket 449
  Entering block accumulator loop for bucket 449:
  bucket 389: 80%
  bucket 408: 70%
  bucket 388: 90%
  bucket 390: 80%
  Sorting block time: 00:00:04
Returning block of 1425676 for bucket 377
Getting block 450 of 526
  Reserving size (3362478) for bucket 450
  Calculating Z arrays for bucket 450
  Entering block accumulator loop for bucket 450:
  bucket 381: 100%
  Sorting block of length 2961686 for bucket 381
  (Using difference cover)
  bucket 385: 90%
  bucket 439: 20%
  bucket 414: 50%
  bucket 434: 30%
  bucket 419: 60%
  bucket 447: 10%
  Sorting block time: 00:00:06
Returning block of 2532383 for bucket 383
  bucket 380: 100%
  Sorting block of length 3358162 for bucket 380
  (Using difference cover)
  bucket 400: 100%
  Sorting block of length 2881387 for bucket 400
  (Using difference cover)
Getting block 451 of 526
  Reserving size (3362478) for bucket 451
  Calculating Z arrays for bucket 451
  Entering block accumulator loop for bucket 451:
  bucket 411: 70%
  bucket 446: 10%
  bucket 425: 40%
  bucket 423: 40%
  Sorting block time: 00:00:06
Returning block of 2822755 for bucket 397
  bucket 395: 80%
  bucket 386: 100%
  Sorting block of length 2935156 for bucket 386
  (Using difference cover)
Getting block 452 of 526
  Reserving size (3362478) for bucket 452
  Calculating Z arrays for bucket 452
  Entering block accumulator loop for bucket 452:
  bucket 440: 20%
  Sorting block time: 00:00:06
Returning block of 2531156 for bucket 374
  bucket 435: 30%
  Sorting block time: 00:00:07
Returning block of 3194854 for bucket 378
  bucket 431: 40%
Getting block 453 of 526
  Reserving size (3362478) for bucket 453
  Calculating Z arrays for bucket 453
  Entering block accumulator loop for bucket 453:
  bucket 384: 100%
  Sorting block of length 2331562 for bucket 384
  (Using difference cover)
  bucket 402: 80%
Getting block 454 of 526
  Reserving size (3362478) for bucket 454
  Calculating Z arrays for bucket 454
  Entering block accumulator loop for bucket 454:
  Sorting block time: 00:00:07
Returning block of 2961687 for bucket 381
Getting block 455 of 526
  Reserving size (3362478) for bucket 455
  Calculating Z arrays for bucket 455
  Entering block accumulator loop for bucket 455:
  bucket 401: 80%
  bucket 409: 80%
  bucket 438: 30%
  bucket 412: 60%
  bucket 437: 30%
  Sorting block time: 00:00:06
Returning block of 2881388 for bucket 400
  Sorting block time: 00:00:06
Returning block of 2935157 for bucket 386
  Sorting block time: 00:00:05
Returning block of 2331563 for bucket 384
Getting block 456 of 526
  Reserving size (3362478) for bucket 456
  Calculating Z arrays for bucket 456
  Entering block accumulator loop for bucket 456:
Getting block 457 of 526
  Reserving size (3362478) for bucket 457
  Calculating Z arrays for bucket 457
  Entering block accumulator loop for bucket 457:
Getting block 458 of 526
  Reserving size (3362478) for bucket 458
  Calculating Z arrays for bucket 458
  Entering block accumulator loop for bucket 458:
  bucket 404: 80%
  Sorting block time: 00:00:07
Returning block of 3358163 for bucket 380
  bucket 436: 30%
Getting block 459 of 526
  Reserving size (3362478) for bucket 459
  Calculating Z arrays for bucket 459
  Entering block accumulator loop for bucket 459:
  bucket 445: 20%
  bucket 441: 20%
  bucket 405: 60%
  bucket 427: 40%
  bucket 429: 40%
  bucket 387: 100%
  Sorting block of length 2002850 for bucket 387
  (Using difference cover)
  bucket 428: 60%
  bucket 413: 50%
  bucket 406: 60%
  bucket 407: 60%
  bucket 393: 90%
  Sorting block time: 00:00:04
Returning block of 2002851 for bucket 387
Getting block 460 of 526
  Reserving size (3362478) for bucket 460
  Calculating Z arrays for bucket 460
  Entering block accumulator loop for bucket 460:
  bucket 399: 90%
  bucket 403: 90%
  bucket 433: 30%
  bucket 448: 10%
  bucket 420: 70%
  bucket 416: 50%
  bucket 418: 50%
  bucket 398: 80%
  bucket 432: 40%
  bucket 415: 50%
  bucket 421: 50%
  bucket 396: 90%
  bucket 424: 50%
  bucket 443: 20%
  bucket 410: 60%
  bucket 451: 10%
  bucket 392: 80%
  bucket 422: 50%
  bucket 442: 20%
  bucket 444: 20%
  bucket 419: 70%
  bucket 389: 90%
  bucket 390: 90%
  bucket 414: 60%
  bucket 447: 20%
  bucket 450: 10%
  bucket 385: 100%
  Sorting block of length 3244984 for bucket 385
  (Using difference cover)
  bucket 430: 40%
  bucket 417: 70%
  bucket 394: 80%
  bucket 431: 50%
  bucket 425: 50%
  bucket 434: 40%
  bucket 449: 10%
  bucket 439: 30%
  bucket 452: 10%
  bucket 426: 40%
  bucket 388: 100%
  Sorting block of length 1840391 for bucket 388
  (Using difference cover)
  bucket 408: 80%
  bucket 438: 40%
  bucket 445: 30%
  bucket 404: 90%
  bucket 440: 30%
  bucket 402: 90%
  bucket 399: 100%
  Sorting block of length 1720926 for bucket 399
  (Using difference cover)
  bucket 446: 20%
  bucket 411: 80%
  bucket 420: 80%
  bucket 395: 90%
  bucket 435: 40%
  bucket 454: 10%
  bucket 458: 10%
  bucket 423: 50%
  bucket 412: 70%
  bucket 455: 10%
  bucket 398: 90%
  bucket 453: 10%
  bucket 401: 90%
  bucket 428: 70%
  bucket 456: 10%
  bucket 457: 10%
  bucket 421: 60%
  bucket 459: 10%
  bucket 436: 40%
  bucket 437: 40%
  bucket 441: 30%
  bucket 396: 100%
  Sorting block of length 3045357 for bucket 396
  (Using difference cover)
  bucket 409: 90%
  bucket 429: 50%
  bucket 405: 70%
  bucket 427: 50%
  bucket 393: 100%
  Sorting block of length 2382546 for bucket 393
  (Using difference cover)
  bucket 451: 20%
  Sorting block time: 00:00:04
Returning block of 1840392 for bucket 388
  bucket 460: 10%
Getting block 461 of 526
  Reserving size (3362478) for bucket 461
  Calculating Z arrays for bucket 461
  Entering block accumulator loop for bucket 461:
  bucket 419: 80%
  bucket 407: 70%
  bucket 406: 70%
  bucket 413: 60%
  Sorting block time: 00:00:06
Returning block of 3244985 for bucket 385
  bucket 448: 20%
  bucket 403: 100%
  Sorting block of length 3326421 for bucket 403
  (Using difference cover)
  Sorting block time: 00:00:03
Returning block of 1720927 for bucket 399
Getting block 462 of 526
  Reserving size (3362478) for bucket 462
  Calculating Z arrays for bucket 462
  Entering block accumulator loop for bucket 462:
  bucket 432: 50%
Getting block 463 of 526
  Reserving size (3362478) for bucket 463
  Calculating Z arrays for bucket 463
  Entering block accumulator loop for bucket 463:
  bucket 445: 40%
  bucket 408: 90%
  bucket 443: 30%
  bucket 416: 60%
  bucket 418: 60%
  bucket 450: 20%
  bucket 444: 30%
  bucket 425: 60%
  bucket 415: 60%
  bucket 392: 90%
  bucket 389: 100%
  Sorting block of length 2207153 for bucket 389
  (Using difference cover)
  bucket 442: 30%
  bucket 424: 60%
  bucket 390: 100%
  Sorting block of length 2690391 for bucket 390
  (Using difference cover)
  bucket 452: 20%
  bucket 433: 40%
  bucket 422: 60%
  Sorting block time: 00:00:06
Returning block of 3326422 for bucket 403
Getting block 464 of 526
  Reserving size (3362478) for bucket 464
  Calculating Z arrays for bucket 464
  Entering block accumulator loop for bucket 464:
  Sorting block time: 00:00:07
Returning block of 2382547 for bucket 393
Getting block 465 of 526
  Reserving size (3362478) for bucket 465
  Calculating Z arrays for bucket 465
  Entering block accumulator loop for bucket 465:
  bucket 410: 70%
  bucket 447: 30%
  bucket 438: 50%
  Sorting block time: 00:00:09
Returning block of 3045358 for bucket 396
  bucket 417: 80%
  bucket 434: 50%
  Sorting block time: 00:00:04
Returning block of 2207154 for bucket 389
  bucket 398: 100%
  Sorting block of length 2448645 for bucket 398
  (Using difference cover)
  bucket 394: 90%
  bucket 431: 60%
Getting block 466 of 526
  Reserving size (3362478) for bucket 466
  Calculating Z arrays for bucket 466
  Entering block accumulator loop for bucket 466:
Getting block 467 of 526
  Reserving size (3362478) for bucket 467
  Calculating Z arrays for bucket 467
  Entering block accumulator loop for bucket 467:
  bucket 404: 100%
  Sorting block of length 2048503 for bucket 404
  (Using difference cover)
  bucket 414: 70%
  bucket 430: 50%
  bucket 439: 40%
  Sorting block time: 00:00:04
Returning block of 2690392 for bucket 390
  bucket 440: 40%
Getting block 468 of 526
  Reserving size (3362478) for bucket 468
  Calculating Z arrays for bucket 468
  Entering block accumulator loop for bucket 468:
  bucket 457: 20%
  bucket 449: 20%
  Sorting block time: 00:00:04
Returning block of 2048504 for bucket 404
  bucket 395: 100%
  Sorting block of length 2004889 for bucket 395
  (Using difference cover)
  bucket 459: 20%
Getting block 469 of 526
  Reserving size (3362478) for bucket 469
  Calculating Z arrays for bucket 469
  Entering block accumulator loop for bucket 469:
  Sorting block time: 00:00:05
Returning block of 2448646 for bucket 398
Getting block 470 of 526
  Reserving size (3362478) for bucket 470
  Calculating Z arrays for bucket 470
  Entering block accumulator loop for bucket 470:
  bucket 454: 20%
  bucket 455: 20%
  bucket 426: 50%
  bucket 458: 20%
  bucket 456: 20%
  bucket 446: 30%
  bucket 435: 50%
  bucket 402: 100%
  Sorting block of length 1436121 for bucket 402
  (Using difference cover)
  bucket 420: 90%
  bucket 436: 50%
  bucket 451: 30%
  bucket 421: 70%
  Sorting block time: 00:00:04
Returning block of 2004890 for bucket 395
Getting block 471 of 526
  Reserving size (3362478) for bucket 471
  Calculating Z arrays for bucket 471
  Entering block accumulator loop for bucket 471:
  bucket 453: 20%
  bucket 408: 100%
  Sorting block of length 2613580 for bucket 408
  (Using difference cover)
  bucket 441: 40%
  bucket 464: 10%
  bucket 411: 90%
  bucket 463: 10%
  bucket 452: 30%
  bucket 423: 60%
  bucket 419: 90%
  bucket 401: 100%
  Sorting block of length 2937540 for bucket 401
  (Using difference cover)
  bucket 412: 80%
  bucket 447: 40%
  bucket 428: 80%
  bucket 437: 50%
  bucket 450: 30%
  bucket 462: 10%
  bucket 443: 40%
  Sorting block time: 00:00:02
Returning block of 1436122 for bucket 402
  bucket 409: 100%
  Sorting block of length 1970837 for bucket 409
  (Using difference cover)
  bucket 429: 60%
Getting block 472 of 526
  Reserving size (3362478) for bucket 472
  Calculating Z arrays for bucket 472
  Entering block accumulator loop for bucket 472:
  bucket 444: 40%
  bucket 466: 10%
  bucket 461: 10%
  bucket 405: 80%
  bucket 445: 50%
  bucket 460: 20%
  bucket 427: 60%
  bucket 448: 30%
  bucket 413: 70%
  bucket 407: 80%
  bucket 406: 80%
  bucket 442: 40%
  bucket 425: 70%
  bucket 418: 70%
  bucket 392: 100%
  Sorting block of length 3184475 for bucket 392
  (Using difference cover)
  bucket 438: 60%
  bucket 458: 30%
  bucket 432: 60%
  bucket 416: 70%
  bucket 415: 70%
  bucket 417: 90%
  bucket 434: 60%
  bucket 424: 70%
  bucket 465: 10%
  bucket 422: 70%
  bucket 394: 100%
  Sorting block of length 3162686 for bucket 394
  (Using difference cover)
  bucket 467: 10%
  Sorting block time: 00:00:04
Returning block of 2613581 for bucket 408
  bucket 440: 50%
  bucket 410: 80%
Getting block 473 of 526
  Reserving size (3362478) for bucket 473
  Calculating Z arrays for bucket 473
  Entering block accumulator loop for bucket 473:
  bucket 457: 30%
  bucket 433: 50%
  Sorting block time: 00:00:04
Returning block of 1970838 for bucket 409
  bucket 439: 50%
  bucket 452: 40%
  bucket 431: 70%
  bucket 468: 10%
  Sorting block time: 00:00:05
Returning block of 2937541 for bucket 401
Getting block 474 of 526
  Reserving size (3362478) for bucket 474
  Calculating Z arrays for bucket 474
  Entering block accumulator loop for bucket 474:
  bucket 464: 20%
Getting block 475 of 526
  Reserving size (3362478) for bucket 475
  Calculating Z arrays for bucket 475
  Entering block accumulator loop for bucket 475:
  bucket 470: 10%
  bucket 430: 60%
  bucket 449: 30%
  bucket 469: 10%
  bucket 459: 30%
  bucket 463: 20%
  bucket 446: 40%
  bucket 414: 80%
  bucket 455: 30%
  bucket 454: 30%
  bucket 471: 10%
  bucket 419: 100%
  Sorting block of length 2402773 for bucket 419
  (Using difference cover)
  bucket 456: 30%
  bucket 435: 60%
  bucket 426: 60%
  bucket 436: 60%
  bucket 447: 50%
  bucket 466: 20%
  bucket 451: 40%
  bucket 441: 50%
  bucket 438: 70%
  bucket 453: 30%
  bucket 420: 100%
  Sorting block of length 2780857 for bucket 420
  (Using difference cover)
  Sorting block time: 00:00:05
Returning block of 3184476 for bucket 392
  bucket 423: 70%
Getting block 476 of 526
  Reserving size (3362478) for bucket 476
  Calculating Z arrays for bucket 476
  Entering block accumulator loop for bucket 476:
  bucket 421: 80%
  bucket 450: 40%
  bucket 411: 100%
  Sorting block of length 3328366 for bucket 411
  (Using difference cover)
  bucket 443: 50%
  Sorting block time: 00:00:06
Returning block of 3162687 for bucket 394
Getting block 477 of 526
  Reserving size (3362478) for bucket 477
  Calculating Z arrays for bucket 477
  Entering block accumulator loop for bucket 477:
  bucket 462: 20%
  bucket 437: 60%
  Sorting block time: 00:00:04
Returning block of 2402774 for bucket 419
  bucket 412: 90%
  bucket 445: 60%
Getting block 478 of 526
  Reserving size (3362478) for bucket 478
  Calculating Z arrays for bucket 478
  Entering block accumulator loop for bucket 478:
  bucket 444: 50%
  bucket 425: 80%
  bucket 472: 10%
  bucket 428: 90%
  Sorting block time: 00:00:07
Returning block of 2780858 for bucket 420
  bucket 461: 20%
  bucket 470: 20%
  bucket 460: 30%
Getting block 479 of 526
  Reserving size (3362478) for bucket 479
  Calculating Z arrays for bucket 479
  Entering block accumulator loop for bucket 479:
  bucket 452: 50%
  bucket 429: 70%
  bucket 458: 40%
  bucket 417: 100%
  Sorting block of length 1625205 for bucket 417
  (Using difference cover)
  bucket 448: 40%
  bucket 405: 90%
  Sorting block time: 00:00:09
Returning block of 3328367 for bucket 411
  bucket 442: 50%
  bucket 463: 30%
  bucket 457: 40%
Getting block 480 of 526
  Reserving size (3362478) for bucket 480
  Calculating Z arrays for bucket 480
  Entering block accumulator loop for bucket 480:
  bucket 407: 90%
  bucket 427: 70%
  bucket 413: 80%
  Sorting block time: 00:00:05
Returning block of 1625206 for bucket 417
Getting block 481 of 526
  Reserving size (3362478) for bucket 481
  Calculating Z arrays for bucket 481
  Entering block accumulator loop for bucket 481:
  bucket 432: 70%
  bucket 466: 30%
  bucket 464: 30%
  bucket 440: 60%
  bucket 465: 20%
  bucket 434: 70%
  bucket 467: 20%
  bucket 418: 80%
  bucket 406: 90%
  bucket 422: 80%
  bucket 468: 20%
  bucket 473: 10%
  bucket 415: 80%
  bucket 416: 80%
  bucket 431: 80%
  bucket 425: 90%
  bucket 414: 90%
  bucket 459: 40%
  bucket 471: 20%
  bucket 424: 80%
  bucket 439: 60%
  bucket 455: 40%
  bucket 438: 80%
  bucket 454: 40%
  bucket 450: 50%
  bucket 447: 60%
  bucket 474: 10%
  bucket 456: 40%
  bucket 475: 10%
  bucket 410: 90%
  bucket 446: 50%
  bucket 469: 20%
  bucket 430: 70%
  bucket 449: 40%
  bucket 478: 10%
  bucket 433: 60%
  bucket 423: 80%
  bucket 445: 70%
  bucket 451: 50%
  bucket 466: 40%
  bucket 441: 60%
  bucket 435: 70%
  bucket 458: 50%
  bucket 436: 70%
  bucket 412: 100%
  Sorting block of length 2419030 for bucket 412
  (Using difference cover)
  bucket 452: 60%
  bucket 470: 30%
  bucket 443: 60%
  bucket 479: 10%
  bucket 460: 40%
  bucket 444: 60%
  bucket 462: 30%
  bucket 428: 100%
  Sorting block of length 3327854 for bucket 428
  (Using difference cover)
  bucket 421: 90%
  bucket 426: 70%
  bucket 453: 40%
  bucket 457: 50%
  bucket 476: 10%
  bucket 472: 20%
  bucket 429: 80%
  bucket 477: 10%
  bucket 442: 60%
  bucket 437: 70%
  bucket 481: 10%
  bucket 425: 100%
  Sorting block of length 1142375 for bucket 425
  (Using difference cover)
  bucket 463: 40%
  bucket 448: 50%
  bucket 465: 30%
  bucket 432: 80%
  bucket 461: 30%
  bucket 440: 70%
  bucket 478: 20%
  bucket 464: 40%
  bucket 422: 90%
  bucket 434: 80%
  bucket 405: 100%
  Sorting block of length 1983354 for bucket 405
  (Using difference cover)
  bucket 467: 30%
  Sorting block time: 00:00:02
Returning block of 1142376 for bucket 425
  bucket 480: 10%
Getting block 482 of 526
  Reserving size (3362478) for bucket 482
  Calculating Z arrays for bucket 482
  Entering block accumulator loop for bucket 482:
  bucket 450: 60%
  bucket 407: 100%
  Sorting block of length 2374389 for bucket 407
  (Using difference cover)
  bucket 438: 90%
  bucket 466: 50%
  bucket 413: 90%
  bucket 452: 70%
  Sorting block time: 00:00:05
Returning block of 2419031 for bucket 412
  bucket 427: 80%
Getting block 483 of 526
  Reserving size (3362478) for bucket 483
  Calculating Z arrays for bucket 483
  Entering block accumulator loop for bucket 483:
  bucket 468: 30%
  bucket 418: 90%
  bucket 447: 70%
  bucket 459: 50%
  bucket 406: 100%
  Sorting block of length 3131232 for bucket 406
  (Using difference cover)
  bucket 455: 50%
  bucket 473: 20%
  bucket 471: 30%
  bucket 439: 70%
  bucket 416: 90%
  bucket 454: 50%
  bucket 414: 100%
  Sorting block of length 2262905 for bucket 414
  (Using difference cover)
  bucket 431: 90%
  bucket 469: 30%
  bucket 457: 60%
  bucket 415: 90%
  bucket 456: 50%
  bucket 474: 20%
  bucket 421: 100%
  Sorting block of length 2193682 for bucket 421
  (Using difference cover)
  bucket 475: 20%
  bucket 424: 90%
  bucket 446: 60%
  bucket 449: 50%
  bucket 445: 80%
  bucket 481: 20%
  bucket 410: 100%
  Sorting block of length 1084613 for bucket 410
  (Using difference cover)
  Sorting block time: 00:00:06
Returning block of 3327855 for bucket 428
  bucket 458: 60%
  bucket 430: 80%
Getting block 484 of 526
  Reserving size (3362478) for bucket 484
  Calculating Z arrays for bucket 484
  Entering block accumulator loop for bucket 484:
  bucket 441: 70%
  bucket 436: 80%
  bucket 435: 80%
  bucket 451: 60%
  bucket 423: 90%
  Sorting block time: 00:00:04
Returning block of 1983355 for bucket 405
Getting block 485 of 526
  Reserving size (3362478) for bucket 485
  Calculating Z arrays for bucket 485
  Entering block accumulator loop for bucket 485:
  bucket 479: 20%
  bucket 460: 50%
  Sorting block time: 00:00:05
Returning block of 2374390 for bucket 407
  bucket 443: 70%
  Sorting block time: 00:00:02
Returning block of 1084614 for bucket 410
  bucket 470: 40%
  bucket 444: 70%
Getting block 486 of 526
  Reserving size (3362478) for bucket 486
  Calculating Z arrays for bucket 486
  Entering block accumulator loop for bucket 486:
Getting block 487 of 526
  Reserving size (3362478) for bucket 487
  Calculating Z arrays for bucket 487
  Entering block accumulator loop for bucket 487:
  bucket 433: 70%
  bucket 463: 50%
  bucket 462: 40%
  Sorting block time: 00:00:04
Returning block of 2193683 for bucket 421
  bucket 453: 50%
  Sorting block time: 00:00:04
Returning block of 2262906 for bucket 414
Getting block 488 of 526
  Reserving size (3362478) for bucket 488
  Calculating Z arrays for bucket 488
  Entering block accumulator loop for bucket 488:
Getting block 489 of 526
  Reserving size (3362478) for bucket 489
  Calculating Z arrays for bucket 489
  Entering block accumulator loop for bucket 489:
  bucket 478: 30%
  bucket 482: 10%
  bucket 476: 20%
  bucket 472: 30%
  bucket 442: 70%
  bucket 477: 20%
  bucket 437: 80%
  bucket 426: 80%
  bucket 432: 90%
  bucket 452: 80%
  bucket 438: 100%
  Sorting block of length 2713162 for bucket 438
  (Using difference cover)
  Sorting block time: 00:00:07
Returning block of 3131233 for bucket 406
  bucket 450: 70%
  bucket 461: 40%
  bucket 429: 90%
Getting block 490 of 526
  Reserving size (3362478) for bucket 490
  Calculating Z arrays for bucket 490
  Entering block accumulator loop for bucket 490:
  bucket 447: 80%
  bucket 448: 60%
  bucket 465: 40%
  bucket 440: 80%
  bucket 434: 90%
  bucket 464: 50%
  Sorting block time: 00:00:06
Returning block of 2713163 for bucket 438
Getting block 491 of 526
  Reserving size (3362478) for bucket 491
  Calculating Z arrays for bucket 491
  Entering block accumulator loop for bucket 491:
  bucket 484: 10%
  bucket 422: 100%
  Sorting block of length 2503322 for bucket 422
  (Using difference cover)
  bucket 467: 40%
  bucket 466: 60%
  bucket 483: 10%
  bucket 445: 90%
  bucket 457: 70%
  bucket 471: 40%
  bucket 444: 80%
  Sorting block time: 00:00:04
Returning block of 2503323 for bucket 422
Getting block 492 of 526
  Reserving size (3362478) for bucket 492
  Calculating Z arrays for bucket 492
  Entering block accumulator loop for bucket 492:
  bucket 458: 70%
  bucket 468: 40%
  bucket 459: 60%
  bucket 480: 20%
  bucket 455: 60%
  bucket 431: 100%
  Sorting block of length 3334024 for bucket 431
  (Using difference cover)
  bucket 481: 30%
  bucket 413: 100%
  Sorting block of length 1520424 for bucket 413
  (Using difference cover)
  bucket 454: 60%
  bucket 469: 40%
  bucket 439: 80%
  bucket 456: 60%
  bucket 418: 100%
  Sorting block of length 2065619 for bucket 418
  (Using difference cover)
  bucket 427: 90%
  bucket 473: 30%
  bucket 470: 50%
  bucket 446: 70%
  bucket 416: 100%
  Sorting block of length 3072433 for bucket 416
  (Using difference cover)
  bucket 449: 60%
  bucket 475: 30%
  bucket 474: 30%
  bucket 478: 40%
  bucket 462: 50%
  bucket 486: 10%
  bucket 451: 70%
  bucket 460: 60%
  bucket 415: 100%
  Sorting block of length 3301742 for bucket 415
  (Using difference cover)
  bucket 479: 30%
  bucket 435: 90%
  bucket 436: 90%
  bucket 441: 80%
  bucket 424: 100%
  Sorting block of length 2575626 for bucket 424
  (Using difference cover)
  bucket 430: 90%
  bucket 443: 80%
  bucket 463: 60%
  bucket 447: 90%
  Sorting block time: 00:00:03
Returning block of 1520425 for bucket 413
  bucket 489: 10%
  bucket 464: 60%
Getting block 493 of 526
  Reserving size (3362478) for bucket 493
  Calculating Z arrays for bucket 493
  Entering block accumulator loop for bucket 493:
  bucket 487: 10%
  bucket 485: 10%
  bucket 432: 100%
  Sorting block of length 2865281 for bucket 432
  (Using difference cover)
  bucket 423: 100%
  Sorting block of length 2188873 for bucket 423
  (Using difference cover)
  bucket 472: 40%
  Sorting block time: 00:00:04
Returning block of 2065620 for bucket 418
Getting block 494 of 526
  Reserving size (3362478) for bucket 494
  Calculating Z arrays for bucket 494
  Entering block accumulator loop for bucket 494:
  bucket 453: 60%
  bucket 488: 10%
  bucket 482: 20%
  bucket 450: 80%
  Sorting block time: 00:00:06
Returning block of 3334025 for bucket 431
  bucket 442: 80%
  bucket 452: 90%
  bucket 484: 20%
Getting block 495 of 526
  Reserving size (3362478) for bucket 495
  Calculating Z arrays for bucket 495
  Entering block accumulator loop for bucket 495:
  bucket 476: 30%
  bucket 433: 80%
  bucket 458: 80%
  bucket 477: 30%
  bucket 448: 70%
  bucket 437: 90%
  bucket 429: 100%
  Sorting block of length 3057039 for bucket 429
  (Using difference cover)
  bucket 465: 50%
  bucket 469: 50%
  bucket 440: 90%
  bucket 490: 10%
  bucket 461: 50%
  bucket 445: 100%
  Sorting block of length 2938485 for bucket 445
  (Using difference cover)
  Sorting block time: 00:00:06
Returning block of 2575627 for bucket 424
  Sorting block time: 00:00:06
Returning block of 3301743 for bucket 415
  Sorting block time: 00:00:07
Returning block of 3072434 for bucket 416
  bucket 434: 100%
  Sorting block of length 3258378 for bucket 434
  (Using difference cover)
  bucket 486: 20%
  bucket 426: 90%
Getting block 496 of 526
  Reserving size (3362478) for bucket 496
  Calculating Z arrays for bucket 496
  Entering block accumulator loop for bucket 496:
  bucket 478: 50%
Getting block 497 of 526
  Reserving size (3362478) for bucket 497
  Calculating Z arrays for bucket 497
  Entering block accumulator loop for bucket 497:
Getting block 498 of 526
  Reserving size (3362478) for bucket 498
  Calculating Z arrays for bucket 498
  Entering block accumulator loop for bucket 498:
  bucket 462: 60%
  Sorting block time: 00:00:04
Returning block of 2188874 for bucket 423
  bucket 491: 10%
Getting block 499 of 526
  Reserving size (3362478) for bucket 499
  Calculating Z arrays for bucket 499
  Entering block accumulator loop for bucket 499:
  bucket 446: 80%
  Sorting block time: 00:00:07
Returning block of 2865282 for bucket 432
  bucket 466: 70%
Getting block 500 of 526
  Reserving size (3362478) for bucket 500
  Calculating Z arrays for bucket 500
  Entering block accumulator loop for bucket 500:
  Sorting block time: 00:00:04
Returning block of 3258379 for bucket 434
Getting block 501 of 526
  Reserving size (3362478) for bucket 501
  Calculating Z arrays for bucket 501
  Entering block accumulator loop for bucket 501:
  bucket 439: 90%
  bucket 483: 20%
  bucket 467: 50%
  bucket 480: 30%
  Sorting block time: 00:00:08
Returning block of 3057040 for bucket 429
  bucket 470: 60%
Getting block 502 of 526
  Reserving size (3362478) for bucket 502
  Calculating Z arrays for bucket 502
  Entering block accumulator loop for bucket 502:
  bucket 457: 80%
  bucket 471: 50%
  bucket 444: 90%
  Sorting block time: 00:00:09
Returning block of 2938486 for bucket 445
Getting block 503 of 526
  Reserving size (3362478) for bucket 503
  Calculating Z arrays for bucket 503
  Entering block accumulator loop for bucket 503:
  bucket 492: 10%
  bucket 481: 40%
  bucket 459: 70%
  bucket 455: 70%
  bucket 435: 100%
  Sorting block of length 3339031 for bucket 435
  (Using difference cover)
  bucket 475: 40%
  bucket 436: 100%
  Sorting block of length 3269053 for bucket 436
  (Using difference cover)
  bucket 468: 50%
  bucket 441: 90%
  bucket 473: 40%
  bucket 449: 70%
  bucket 464: 70%
  Sorting block time: 00:00:04
Returning block of 3339032 for bucket 435
  Sorting block time: 00:00:04
Returning block of 3269054 for bucket 436
Getting block 504 of 526
  Reserving size (3362478) for bucket 504
  Calculating Z arrays for bucket 504
  Entering block accumulator loop for bucket 504:
Getting block 505 of 526
  Reserving size (3362478) for bucket 505
  Calculating Z arrays for bucket 505
  Entering block accumulator loop for bucket 505:
  bucket 454: 70%
  bucket 456: 70%
  bucket 474: 40%
  bucket 430: 100%
  Sorting block of length 398848 for bucket 430
  (Using difference cover)
  bucket 427: 100%
  Sorting block of length 3361724 for bucket 427
  (Using difference cover)
  bucket 493: 10%
  bucket 460: 70%
  bucket 447: 100%
  Sorting block of length 1670936 for bucket 447
  (Using difference cover)
  Sorting block time: 00:00:01
Returning block of 398849 for bucket 430
  bucket 484: 30%
Getting block 506 of 526
  Reserving size (3362478) for bucket 506
  Calculating Z arrays for bucket 506
  Entering block accumulator loop for bucket 506:
  bucket 451: 80%
  bucket 472: 50%
  bucket 494: 10%
  bucket 479: 40%
  bucket 463: 70%
  bucket 442: 90%
  bucket 458: 90%
  bucket 487: 20%
  bucket 488: 20%
  bucket 443: 90%
  bucket 495: 10%
  bucket 453: 70%
  bucket 476: 40%
  bucket 437: 100%
  Sorting block of length 3291932 for bucket 437
  (Using difference cover)
  bucket 485: 20%
  bucket 477: 40%
  bucket 489: 20%
  bucket 482: 30%
  bucket 478: 60%
  bucket 491: 20%
  bucket 450: 90%
  bucket 499: 10%
  bucket 433: 90%
  Sorting block time: 00:00:03
Returning block of 1670937 for bucket 447
  bucket 452: 100%
  Sorting block of length 3251639 for bucket 452
  (Using difference cover)
  bucket 498: 10%
  bucket 470: 70%
Getting block 507 of 526
  Reserving size (3362478) for bucket 507
  Calculating Z arrays for bucket 507
  Entering block accumulator loop for bucket 507:
  bucket 486: 30%
  bucket 446: 90%
  bucket 490: 20%
  bucket 503: 10%
  bucket 465: 60%
  bucket 469: 60%
  bucket 461: 60%
  bucket 448: 80%
  bucket 426: 100%
  Sorting block of length 2490957 for bucket 426
  (Using difference cover)
  bucket 492: 20%
  bucket 439: 100%
  Sorting block of length 1729831 for bucket 439
  (Using difference cover)
  bucket 440: 100%
  Sorting block of length 2658665 for bucket 440
  (Using difference cover)
  bucket 462: 70%
  bucket 501: 10%
  bucket 496: 10%
  bucket 497: 10%
  bucket 484: 40%
  bucket 460: 80%
  bucket 466: 80%
  bucket 457: 90%
  bucket 483: 30%
  bucket 467: 60%
  bucket 480: 40%
  bucket 500: 10%
  Sorting block time: 00:00:06
Returning block of 3361725 for bucket 427
  bucket 464: 80%
  bucket 444: 100%
  Sorting block of length 2777193 for bucket 444
  (Using difference cover)
  bucket 495: 20%
  bucket 475: 50%
  bucket 441: 100%
  Sorting block of length 3000490 for bucket 441
  (Using difference cover)
Getting block 508 of 526
  Reserving size (3362478) for bucket 508
  Calculating Z arrays for bucket 508
  Entering block accumulator loop for bucket 508:
  bucket 471: 60%
  bucket 502: 10%
  bucket 481: 50%
  bucket 459: 80%
  bucket 449: 80%
  bucket 455: 80%
  Sorting block time: 00:00:05
Returning block of 3291933 for bucket 437
  Sorting block time: 00:00:03
Returning block of 1729832 for bucket 439
  bucket 473: 50%
  bucket 468: 60%
Getting block 509 of 526
  Reserving size (3362478) for bucket 509
  Calculating Z arrays for bucket 509
  Entering block accumulator loop for bucket 509:
Getting block 510 of 526
  Reserving size (3362478) for bucket 510
  Calculating Z arrays for bucket 510
  Entering block accumulator loop for bucket 510:
  bucket 456: 80%
  bucket 454: 80%
  bucket 451: 90%
  bucket 504: 10%
  bucket 505: 10%
  bucket 474: 50%
  bucket 458: 100%
  Sorting block of length 2203393 for bucket 458
  (Using difference cover)
  bucket 493: 20%
  Sorting block time: 00:00:05
Returning block of 3251640 for bucket 452
  bucket 461: 70%
  bucket 442: 100%
  Sorting block of length 3067842 for bucket 442
  (Using difference cover)
  bucket 506: 10%
  bucket 491: 30%
  Sorting block time: 00:00:05
Returning block of 2490958 for bucket 426
Getting block 511 of 526
  Reserving size (3362478) for bucket 511
  Calculating Z arrays for bucket 511
  Entering block accumulator loop for bucket 511:
  bucket 472: 60%
Getting block 512 of 526
  Reserving size (3362478) for bucket 512
  Calculating Z arrays for bucket 512
  Entering block accumulator loop for bucket 512:
  bucket 462: 80%
  bucket 479: 50%
  bucket 463: 80%
  bucket 494: 20%
  bucket 492: 30%
  Sorting block time: 00:00:06
Returning block of 2658666 for bucket 440
Getting block 513 of 526
  Reserving size (3362478) for bucket 513
  Calculating Z arrays for bucket 513
  Entering block accumulator loop for bucket 513:
  bucket 443: 100%
  Sorting block of length 2901617 for bucket 443
  (Using difference cover)
  bucket 453: 80%
  bucket 487: 30%
  bucket 488: 30%
  bucket 484: 50%
  Sorting block time: 00:00:05
Returning block of 3000491 for bucket 441
Getting block 514 of 526
  Reserving size (3362478) for bucket 514
  Calculating Z arrays for bucket 514
  Entering block accumulator loop for bucket 514:
  Sorting block time: 00:00:07
Returning block of 2777194 for bucket 444
  bucket 482: 40%
Getting block 515 of 526
  Reserving size (3362478) for bucket 515
  Calculating Z arrays for bucket 515
  Entering block accumulator loop for bucket 515:
  bucket 476: 50%
  bucket 450: 100%
  Sorting block of length 2461058 for bucket 450
  (Using difference cover)
  bucket 485: 30%
  bucket 477: 50%
  Sorting block time: 00:00:05
Returning block of 2203394 for bucket 458
  Sorting block time: 00:00:04
Returning block of 3067843 for bucket 442
Getting block 516 of 526
  Reserving size (3362478) for bucket 516
  Calculating Z arrays for bucket 516
  Entering block accumulator loop for bucket 516:
Getting block 517 of 526
  Reserving size (3362478) for bucket 517
  Calculating Z arrays for bucket 517
  Entering block accumulator loop for bucket 517:
  bucket 489: 30%
  bucket 470: 80%
  bucket 457: 100%
  Sorting block of length 3053529 for bucket 457
  (Using difference cover)
  Sorting block time: 00:00:06
Returning block of 2901618 for bucket 443
Getting block 518 of 526
  Reserving size (3362478) for bucket 518
  Calculating Z arrays for bucket 518
  Entering block accumulator loop for bucket 518:
  bucket 478: 70%
  bucket 446: 100%
  Sorting block of length 2871623 for bucket 446
  (Using difference cover)
  bucket 498: 20%
  bucket 448: 90%
  Sorting block time: 00:00:06
Returning block of 2461059 for bucket 450
Getting block 519 of 526
  Reserving size (3362478) for bucket 519
  Calculating Z arrays for bucket 519
  Entering block accumulator loop for bucket 519:
  bucket 433: 100%
  Sorting block of length 3241035 for bucket 433
  (Using difference cover)
  bucket 507: 10%
  bucket 464: 90%
  Sorting block time: 00:00:05
Returning block of 3053530 for bucket 457
Getting block 520 of 526
  Reserving size (3362478) for bucket 520
  Calculating Z arrays for bucket 520
  Entering block accumulator loop for bucket 520:
  bucket 503: 20%
  bucket 499: 20%
  bucket 469: 70%
  bucket 465: 70%
  bucket 486: 40%
  bucket 490: 30%
  bucket 466: 90%
  bucket 500: 20%
  bucket 501: 20%
  bucket 496: 20%
  bucket 460: 90%
  bucket 497: 20%
  bucket 471: 70%
  Sorting block time: 00:00:07
Returning block of 2871624 for bucket 446
  bucket 483: 40%
  bucket 456: 90%
Getting block 521 of 526
  Reserving size (3362478) for bucket 521
  Calculating Z arrays for bucket 521
  Entering block accumulator loop for bucket 521:
  bucket 491: 40%
  bucket 467: 70%
  bucket 502: 20%
  bucket 475: 60%
  bucket 495: 30%
  bucket 480: 50%
  bucket 461: 80%
  bucket 482: 50%
  bucket 510: 10%
  bucket 455: 90%
  Sorting block time: 00:00:05
Returning block of 3241036 for bucket 433
  bucket 459: 90%
  bucket 449: 90%
  bucket 451: 100%
  Sorting block of length 1375467 for bucket 451
  (Using difference cover)
  bucket 481: 60%
  bucket 508: 10%
Getting block 522 of 526
  Reserving size (3362478) for bucket 522
  Calculating Z arrays for bucket 522
  Entering block accumulator loop for bucket 522:
  bucket 473: 60%
  bucket 515: 10%
  bucket 509: 10%
  bucket 462: 90%
  bucket 468: 70%
  bucket 513: 10%
  bucket 474: 60%
  Sorting block time: 00:00:03
Returning block of 1375468 for bucket 451
  bucket 454: 90%
Getting block 523 of 526
  Reserving size (3362478) for bucket 523
  Calculating Z arrays for bucket 523
  Entering block accumulator loop for bucket 523:
  bucket 504: 20%
  bucket 516: 10%
  bucket 505: 20%
  bucket 484: 60%
  bucket 487: 40%
  bucket 479: 60%
  bucket 492: 40%
  bucket 511: 10%
  bucket 493: 30%
  bucket 512: 10%
  bucket 469: 80%
  bucket 488: 40%
  bucket 506: 20%
  bucket 466: 100%
  Sorting block of length 2113589 for bucket 466
  (Using difference cover)
  bucket 489: 40%
  bucket 472: 70%
  bucket 453: 90%
  bucket 494: 30%
  bucket 448: 100%
  Sorting block of length 2278826 for bucket 448
  (Using difference cover)
  Sorting block time: 00:00:04
Returning block of 2113590 for bucket 466
Getting block 524 of 526
  Reserving size (3362478) for bucket 524
  Calculating Z arrays for bucket 524
  Entering block accumulator loop for bucket 524:
  bucket 463: 90%
  bucket 470: 90%
  bucket 514: 10%
  bucket 507: 20%
  bucket 456: 100%
  Sorting block of length 2676549 for bucket 456
  (Using difference cover)
  bucket 518: 10%
  Sorting block time: 00:00:04
Returning block of 2278827 for bucket 448
Getting block 525 of 526
  Reserving size (3362478) for bucket 525
  Calculating Z arrays for bucket 525
  Entering block accumulator loop for bucket 525:
  bucket 471: 80%
  bucket 464: 100%
  Sorting block of length 2861321 for bucket 464
  (Using difference cover)
  bucket 503: 30%
  bucket 476: 60%
  bucket 477: 60%
  bucket 491: 50%
  bucket 517: 10%
  bucket 519: 10%
  bucket 521: 10%
  bucket 482: 60%
  bucket 500: 30%
  Sorting block time: 00:00:05
Returning block of 2676550 for bucket 456
Getting block 526 of 526
  Reserving size (3362478) for bucket 526
  Calculating Z arrays for bucket 526
  Entering block accumulator loop for bucket 526:
  bucket 460: 100%
  Sorting block of length 2360285 for bucket 460
  (Using difference cover)
  bucket 520: 10%
  bucket 465: 80%
  bucket 478: 80%
  bucket 485: 40%
  bucket 483: 50%
  Sorting block time: 00:00:06
Returning block of 2861322 for bucket 464
  bucket 498: 30%
  Sorting block time: 00:00:04
Returning block of 2360286 for bucket 460
  bucket 499: 30%
  bucket 502: 30%
  bucket 490: 40%
  bucket 488: 50%
  bucket 516: 20%
  bucket 462: 100%
  Sorting block of length 2504372 for bucket 462
  (Using difference cover)
  bucket 486: 50%
  bucket 455: 100%
  Sorting block of length 3288149 for bucket 455
  (Using difference cover)
  bucket 492: 50%
  bucket 467: 80%
  bucket 513: 20%
  bucket 474: 70%
  bucket 501: 30%
  bucket 515: 20%
  bucket 484: 70%
  bucket 526: 10%
  bucket 496: 30%
  bucket 495: 40%
  bucket 479: 70%
  bucket 524: 10%
  bucket 459: 100%
  Sorting block of length 1279544 for bucket 459
  (Using difference cover)
  bucket 510: 20%
  bucket 497: 30%
  bucket 480: 60%
  bucket 489: 50%
  bucket 481: 70%
  bucket 454: 100%
  Sorting block of length 1848932 for bucket 454
  (Using difference cover)
  bucket 475: 70%
  bucket 523: 10%
  bucket 468: 80%
  bucket 461: 90%
  bucket 469: 90%
  bucket 449: 100%
  Sorting block of length 2551806 for bucket 449
  (Using difference cover)
  bucket 522: 10%
  bucket 511: 20%
  bucket 521: 20%
  bucket 509: 20%
  bucket 473: 70%
  bucket 465: 90%
  bucket 472: 80%
  bucket 508: 20%
  Sorting block time: 00:00:06
Returning block of 2504373 for bucket 462
  bucket 482: 70%
  bucket 526: 20%
  bucket 504: 30%
  Sorting block time: 00:00:03
Returning block of 1279545 for bucket 459
  bucket 505: 30%
  bucket 507: 30%
  bucket 512: 20%
  bucket 502: 40%
  bucket 516: 30%
  bucket 493: 40%
  Sorting block time: 00:00:05
Returning block of 3288150 for bucket 455
  bucket 487: 50%
  bucket 506: 30%
  bucket 503: 40%
  bucket 525: 10%
  bucket 470: 100%
  Sorting block of length 1820445 for bucket 470
  (Using difference cover)
  bucket 471: 90%
  Sorting block time: 00:00:03
Returning block of 1848933 for bucket 454
  bucket 491: 60%
  bucket 453: 100%
  Sorting block of length 3156432 for bucket 453
  (Using difference cover)
  bucket 518: 20%
  bucket 463: 100%
  Sorting block of length 2552931 for bucket 463
  (Using difference cover)
  bucket 494: 40%
  bucket 514: 20%
  bucket 519: 20%
  bucket 500: 40%
  bucket 474: 80%
  bucket 483: 60%
  bucket 513: 30%
  bucket 520: 20%
  bucket 517: 20%
  bucket 478: 90%
  bucket 477: 70%
  bucket 476: 70%
  bucket 492: 60%
  bucket 495: 50%
  bucket 510: 30%
  bucket 526: 30%
  bucket 499: 40%
  Sorting block time: 00:00:04
Returning block of 2551807 for bucket 449
  bucket 496: 40%
  bucket 488: 60%
  bucket 485: 50%
  bucket 486: 60%
  bucket 469: 100%
  Sorting block of length 1563598 for bucket 469
  (Using difference cover)
  bucket 523: 20%
  bucket 498: 40%
  bucket 497: 40%
  bucket 521: 30%
  Sorting block time: 00:00:03
Returning block of 1820446 for bucket 470
  bucket 490: 50%
  Sorting block time: 00:00:03
Returning block of 1563599 for bucket 469
  Sorting block time: 00:00:05
Returning block of 3156433 for bucket 453
  Sorting block time: 00:00:06
Returning block of 2552932 for bucket 463
  bucket 465: 100%
  Sorting block of length 1333449 for bucket 465
  (Using difference cover)
  bucket 515: 30%
  Sorting block time: 00:00:02
Returning block of 1333450 for bucket 465
  bucket 475: 80%
  bucket 516: 40%
  bucket 467: 90%
  bucket 524: 20%
  bucket 461: 100%
  Sorting block of length 1466599 for bucket 461
  (Using difference cover)
  bucket 502: 50%
  bucket 501: 40%
  bucket 480: 70%
  bucket 481: 80%
  bucket 508: 30%
  bucket 484: 80%
  bucket 479: 80%
  bucket 468: 90%
  Sorting block time: 00:00:03
Returning block of 1466600 for bucket 461
  bucket 487: 60%
  bucket 472: 90%
  bucket 489: 60%
  bucket 473: 80%
  bucket 471: 100%
  Sorting block of length 2369333 for bucket 471
  (Using difference cover)
  bucket 526: 40%
  bucket 482: 80%
  bucket 486: 70%
  bucket 474: 90%
  bucket 505: 40%
  bucket 511: 30%
  bucket 522: 20%
  bucket 492: 70%
  bucket 478: 100%
  Sorting block of length 2024125 for bucket 478
  (Using difference cover)
  Sorting block time: 00:00:05
Returning block of 2369334 for bucket 471
  bucket 514: 30%
  bucket 496: 50%
  bucket 509: 30%
  bucket 500: 50%
  bucket 507: 40%
  Sorting block time: 00:00:04
Returning block of 2024126 for bucket 478
  bucket 485: 60%
  bucket 510: 40%
  bucket 523: 30%
  bucket 525: 20%
  bucket 521: 40%
  bucket 491: 70%
  bucket 504: 40%
  bucket 503: 50%
  bucket 512: 30%
  bucket 518: 30%
  bucket 508: 40%
  bucket 517: 30%
  bucket 493: 50%
  bucket 490: 60%
  bucket 483: 70%
  bucket 516: 50%
  bucket 488: 70%
  bucket 495: 60%
  bucket 487: 70%
  bucket 513: 40%
  bucket 497: 50%
  bucket 526: 50%
  bucket 506: 40%
  bucket 475: 90%
  bucket 477: 80%
  bucket 476: 80%
  bucket 501: 50%
  bucket 472: 100%
  Sorting block of length 1527325 for bucket 472
  (Using difference cover)
  bucket 502: 60%
  bucket 519: 30%
  bucket 494: 50%
  bucket 520: 30%
  bucket 515: 40%
  bucket 484: 90%
  bucket 479: 90%
  Sorting block time: 00:00:04
Returning block of 1527326 for bucket 472
  bucket 474: 100%
  Sorting block of length 3314156 for bucket 474
  (Using difference cover)
  bucket 482: 90%
  bucket 496: 60%
  bucket 481: 90%
  bucket 480: 80%
  bucket 492: 80%
  bucket 468: 100%
  Sorting block of length 2076571 for bucket 468
  (Using difference cover)
  bucket 510: 50%
  bucket 486: 80%
  bucket 524: 30%
  bucket 499: 50%
  bucket 514: 40%
  bucket 526: 60%
  bucket 498: 50%
  bucket 473: 90%
  bucket 508: 50%
  bucket 467: 100%
  Sorting block of length 1365935 for bucket 467
  (Using difference cover)
  bucket 521: 50%
  bucket 491: 80%
  bucket 518: 40%
  bucket 516: 60%
  bucket 487: 80%
  bucket 483: 80%
  bucket 505: 50%
  bucket 513: 50%
  bucket 489: 70%
  bucket 490: 70%
  bucket 495: 70%
  bucket 475: 100%
  Sorting block of length 1199939 for bucket 475
  (Using difference cover)
  bucket 485: 70%
  bucket 477: 90%
  bucket 476: 90%
  bucket 501: 60%
  bucket 515: 50%
  bucket 526: 70%
  bucket 523: 40%
  bucket 479: 100%
  Sorting block of length 2843013 for bucket 479
  (Using difference cover)
  Sorting block time: 00:00:02
Returning block of 1365936 for bucket 467
  bucket 511: 40%
  Sorting block time: 00:00:03
Returning block of 2076572 for bucket 468
  bucket 522: 30%
  bucket 496: 70%
  bucket 484: 100%
  Sorting block of length 2086753 for bucket 484
  (Using difference cover)
  bucket 500: 60%
  Sorting block time: 00:00:06
Returning block of 3314157 for bucket 474
  bucket 507: 50%
  Sorting block time: 00:00:03
Returning block of 1199940 for bucket 475
  bucket 486: 90%
  bucket 492: 90%
  bucket 509: 40%
  bucket 525: 30%
  bucket 482: 100%
  Sorting block of length 2119348 for bucket 482
  (Using difference cover)
  bucket 488: 80%
  bucket 503: 60%
  bucket 517: 40%
  Sorting block time: 00:00:04
Returning block of 2086754 for bucket 484
  bucket 514: 50%
  Sorting block time: 00:00:07
Returning block of 2843014 for bucket 479
  bucket 497: 60%
  bucket 520: 40%
  bucket 510: 60%
  bucket 512: 40%
  bucket 504: 50%
  Sorting block time: 00:00:04
Returning block of 2119349 for bucket 482
  bucket 506: 50%
  bucket 493: 60%
  bucket 502: 70%
  bucket 521: 60%
  bucket 494: 60%
  bucket 526: 80%
  bucket 487: 90%
  bucket 491: 90%
  bucket 508: 60%
  bucket 483: 90%
  bucket 499: 60%
  bucket 516: 70%
  bucket 519: 40%
  bucket 513: 60%
  bucket 490: 80%
  bucket 495: 80%
  bucket 481: 100%
  Sorting block of length 3217731 for bucket 481
  (Using difference cover)
  bucket 473: 100%
  Sorting block of length 2024263 for bucket 473
  (Using difference cover)
  bucket 485: 80%
  bucket 480: 90%
  bucket 524: 40%
  bucket 515: 60%
  bucket 477: 100%
  Sorting block of length 2482008 for bucket 477
  (Using difference cover)
  bucket 476: 100%
  Sorting block of length 2921983 for bucket 476
  (Using difference cover)
  bucket 501: 70%
  bucket 489: 80%
  bucket 523: 50%
  bucket 486: 100%
  Sorting block of length 3292365 for bucket 486
  (Using difference cover)
  bucket 500: 70%
  bucket 518: 50%
  bucket 492: 100%
  Sorting block of length 1592059 for bucket 492
  (Using difference cover)
  bucket 525: 40%
  bucket 507: 60%
  bucket 517: 50%
  bucket 526: 90%
  bucket 498: 60%
  bucket 514: 60%
  bucket 510: 70%
  bucket 488: 90%
  bucket 503: 70%
  bucket 505: 60%
  bucket 520: 50%
  bucket 521: 70%
  bucket 496: 80%
  bucket 502: 80%
  bucket 494: 70%
  bucket 487: 100%
  Sorting block of length 3106297 for bucket 487
  (Using difference cover)
  bucket 483: 100%
  Sorting block of length 2928776 for bucket 483
  (Using difference cover)
  bucket 499: 70%
  bucket 513: 70%
  bucket 491: 100%
  Sorting block of length 2325107 for bucket 491
  (Using difference cover)
  bucket 490: 90%
  bucket 504: 60%
  bucket 497: 70%
  bucket 511: 50%
  bucket 493: 70%
  Sorting block time: 00:00:04
Returning block of 2024264 for bucket 473
  bucket 516: 80%
  bucket 522: 40%
  Sorting block time: 00:00:05
Returning block of 2482009 for bucket 477
  bucket 495: 90%
  bucket 524: 50%
  Sorting block time: 00:00:03
Returning block of 1592060 for bucket 492
  bucket 515: 70%
  Sorting block time: 00:00:06
Returning block of 3217732 for bucket 481
  bucket 523: 60%
  Sorting block time: 00:00:06
Returning block of 2921984 for bucket 476
  Sorting block time: 00:00:07
Returning block of 3292366 for bucket 486
  Sorting block time: 00:00:04
Returning block of 2325108 for bucket 491
  bucket 501: 80%
  Sorting block time: 00:00:05
Returning block of 2928777 for bucket 483
  bucket 509: 50%
  bucket 480: 100%
  Sorting block of length 2173167 for bucket 480
  (Using difference cover)
  bucket 512: 50%
  bucket 525: 50%
  bucket 506: 60%
  bucket 508: 70%
  bucket 526: 100%
  Sorting block of length 1225875 for bucket 526
  (Using difference cover)
  Sorting block time: 00:00:08
Returning block of 3106298 for bucket 487
  bucket 518: 60%
  bucket 500: 80%
  bucket 489: 90%
  Sorting block time: 00:00:02
Returning block of 1225876 for bucket 526
  bucket 519: 50%
  bucket 485: 90%
  Sorting block time: 00:00:06
Returning block of 2173168 for bucket 480
  bucket 507: 70%
  bucket 517: 60%
  bucket 505: 70%
  bucket 514: 70%
  bucket 502: 90%
  bucket 503: 80%
  bucket 488: 100%
  Sorting block of length 3074830 for bucket 488
  (Using difference cover)
  bucket 520: 60%
  bucket 510: 80%
  bucket 496: 90%
  Sorting block time: 00:00:05
Returning block of 3074831 for bucket 488
  bucket 516: 90%
  bucket 524: 60%
  bucket 499: 80%
  bucket 513: 80%
  bucket 490: 100%
  Sorting block of length 2618207 for bucket 490
  (Using difference cover)
  bucket 494: 80%
  bucket 521: 80%
  bucket 498: 70%
  bucket 497: 80%
  bucket 511: 60%
  bucket 523: 70%
  bucket 495: 100%
  Sorting block of length 1440310 for bucket 495
  (Using difference cover)
  bucket 515: 80%
  bucket 525: 60%
  bucket 504: 70%
  bucket 522: 50%
  bucket 493: 80%
  bucket 508: 80%
  bucket 506: 70%
  bucket 500: 90%
  bucket 489: 100%
  Sorting block of length 2406302 for bucket 489
  (Using difference cover)
  bucket 501: 90%
  bucket 512: 60%
  bucket 509: 60%
  bucket 485: 100%
  Sorting block of length 2747565 for bucket 485
  (Using difference cover)
  bucket 518: 70%
  bucket 519: 60%
  bucket 517: 70%
  bucket 507: 80%
  bucket 505: 80%
  bucket 502: 100%
  Sorting block of length 1429578 for bucket 502
  (Using difference cover)
  bucket 514: 80%
  bucket 503: 90%
  bucket 510: 90%
  Sorting block time: 00:00:02
Returning block of 1440311 for bucket 495
  bucket 520: 70%
  bucket 496: 100%
  Sorting block of length 3264690 for bucket 496
  (Using difference cover)
  bucket 524: 70%
  bucket 516: 100%
  Sorting block of length 1315225 for bucket 516
  (Using difference cover)
  bucket 513: 90%
  bucket 499: 90%
  bucket 521: 90%
  bucket 494: 90%
  bucket 498: 80%
  bucket 511: 70%
  Sorting block time: 00:00:05
Returning block of 2618208 for bucket 490
  bucket 523: 80%
  bucket 525: 70%
  bucket 497: 90%
  bucket 515: 90%
  bucket 522: 60%
  Sorting block time: 00:00:03
Returning block of 1429579 for bucket 502
  bucket 504: 80%
  bucket 493: 90%
  Sorting block time: 00:00:04
Returning block of 2406303 for bucket 489
  Sorting block time: 00:00:02
Returning block of 1315226 for bucket 516
  bucket 508: 90%
  bucket 509: 70%
  Sorting block time: 00:00:04
Returning block of 2747566 for bucket 485
  bucket 506: 80%
  bucket 500: 100%
  Sorting block of length 2406625 for bucket 500
  (Using difference cover)
  bucket 518: 80%
  bucket 501: 100%
  Sorting block of length 3209368 for bucket 501
  (Using difference cover)
  bucket 512: 70%
  bucket 519: 70%
  bucket 517: 80%
  bucket 507: 90%
  Sorting block time: 00:00:05
Returning block of 3264691 for bucket 496
  bucket 505: 90%
  bucket 510: 100%
  Sorting block of length 1378493 for bucket 510
  (Using difference cover)
  Sorting block time: 00:00:05
Returning block of 2406626 for bucket 500
  bucket 514: 90%
  bucket 503: 100%
  Sorting block of length 3061790 for bucket 503
  (Using difference cover)
  Sorting block time: 00:00:02
Returning block of 1378494 for bucket 510
  bucket 524: 80%
  bucket 499: 100%
  Sorting block of length 3029707 for bucket 499
  (Using difference cover)
  bucket 520: 80%
  Sorting block time: 00:00:09
Returning block of 3209369 for bucket 501
  Sorting block time: 00:00:05
Returning block of 3061791 for bucket 503
  bucket 497: 100%
  Sorting block of length 1105771 for bucket 497
  (Using difference cover)
  bucket 513: 100%
  Sorting block of length 2889757 for bucket 513
  (Using difference cover)
  bucket 494: 100%
  Sorting block of length 2399348 for bucket 494
  (Using difference cover)
  bucket 525: 80%
  bucket 508: 100%
  Sorting block of length 3356883 for bucket 508
  (Using difference cover)
  bucket 521: 100%
  Sorting block of length 2259052 for bucket 521
  (Using difference cover)
  bucket 512: 80%
  bucket 511: 80%
  bucket 523: 90%
  Sorting block time: 00:00:02
Returning block of 1105772 for bucket 497
  Sorting block time: 00:00:05
Returning block of 3029708 for bucket 499
  bucket 498: 90%
  bucket 515: 100%
  Sorting block of length 2954405 for bucket 515
  (Using difference cover)
  bucket 522: 70%
  bucket 504: 90%
  bucket 505: 100%
  Sorting block of length 2942401 for bucket 505
  (Using difference cover)
  bucket 493: 100%
  Sorting block of length 1792018 for bucket 493
  (Using difference cover)
  bucket 506: 90%
  bucket 517: 90%
  bucket 509: 80%
  bucket 507: 100%
  Sorting block of length 1691654 for bucket 507
  (Using difference cover)
  bucket 518: 90%
  bucket 519: 80%
  bucket 524: 90%
  bucket 514: 100%
  Sorting block of length 2037786 for bucket 514
  (Using difference cover)
  bucket 520: 90%
  Sorting block time: 00:00:03
Returning block of 2259053 for bucket 521
  bucket 525: 90%
  Sorting block time: 00:00:04
Returning block of 2399349 for bucket 494
  Sorting block time: 00:00:04
Returning block of 2889758 for bucket 513
  bucket 512: 90%
  bucket 511: 90%
  bucket 523: 100%
  Sorting block of length 1284293 for bucket 523
  (Using difference cover)
  Sorting block time: 00:00:03
Returning block of 1691655 for bucket 507
  bucket 522: 80%
  bucket 498: 100%
  Sorting block of length 3061837 for bucket 498
  (Using difference cover)
  Sorting block time: 00:00:04
Returning block of 1792019 for bucket 493
  Sorting block time: 00:00:05
Returning block of 3356884 for bucket 508
  Sorting block time: 00:00:05
Returning block of 2942402 for bucket 505
  Sorting block time: 00:00:05
Returning block of 2954406 for bucket 515
  Sorting block time: 00:00:03
Returning block of 2037787 for bucket 514
  Sorting block time: 00:00:02
Returning block of 1284294 for bucket 523
  bucket 504: 100%
  Sorting block of length 2622804 for bucket 504
  (Using difference cover)
  bucket 506: 100%
  Sorting block of length 2926626 for bucket 506
  (Using difference cover)
  bucket 517: 100%
  Sorting block of length 2676385 for bucket 517
  (Using difference cover)
  bucket 509: 90%
  Sorting block time: 00:00:05
Returning block of 3061838 for bucket 498
  bucket 524: 100%
  Sorting block of length 246412 for bucket 524
  (Using difference cover)
  Sorting block time: 00:00:00
Returning block of 246413 for bucket 524
  bucket 518: 100%
  Sorting block of length 3305286 for bucket 518
  (Using difference cover)
  Sorting block time: 00:00:04
Returning block of 2622805 for bucket 504
  Sorting block time: 00:00:04
Returning block of 2676386 for bucket 517
  bucket 519: 90%
  Sorting block time: 00:00:04
Returning block of 2926627 for bucket 506
  bucket 525: 100%
  Sorting block of length 3487822 for bucket 525
  (Using difference cover)
  Sorting block time: 00:00:06
Returning block of 3305287 for bucket 518
  bucket 511: 100%
  Sorting block of length 4715598 for bucket 511
  (Using difference cover)
  bucket 512: 100%
  Sorting block of length 3063670 for bucket 512
  (Using difference cover)
  bucket 520: 100%
  Sorting block of length 2995992 for bucket 520
  (Using difference cover)
  Sorting block time: 00:00:05
Returning block of 3487823 for bucket 525
  bucket 522: 90%
  Sorting block time: 00:00:04
Returning block of 3063671 for bucket 512
  Sorting block time: 00:00:05
Returning block of 4715599 for bucket 511
  Sorting block time: 00:00:05
Returning block of 2995993 for bucket 520
  bucket 509: 100%
  Sorting block of length 3169373 for bucket 509
  (Using difference cover)
  bucket 519: 100%
  Sorting block of length 2640679 for bucket 519
  (Using difference cover)
  bucket 522: 100%
  Sorting block of length 2557136 for bucket 522
  (Using difference cover)
  Sorting block time: 00:00:04
Returning block of 3169374 for bucket 509
  Sorting block time: 00:00:03
Returning block of 2557137 for bucket 522
  Sorting block time: 00:00:05
Returning block of 2640680 for bucket 519
Exited Ebwt loop
fchr[A]: 0
fchr[C]: 238340035
fchr[G]: 650247203
fchr[T]: 1060040422
fchr[$]: 1291191804
Exiting Ebwt::buildToDisk()
Returning from initFromVector
Wrote 737723781 bytes to primary EBWT file: /workdir/bowtie_update/uniq.rev.1.bt2.tmp
Wrote 322797956 bytes to secondary EBWT file: /workdir/bowtie_update/uniq.rev.2.bt2.tmp
Re-opening _in1 and _in2 as input streams
Returning from Ebwt constructor
Headers:
    len: 1291191804
    bwtLen: 1291191805
    sz: 322797951
    bwtSz: 322797952
    lineRate: 6
    offRate: 4
    offMask: 0xfffffff0
    ftabChars: 10
    eftabLen: 20
    eftabSz: 80
    ftabLen: 1048577
    ftabSz: 4194308
    offsLen: 80699488
    offsSz: 322797952
    lineSz: 64
    sideSz: 64
    sideBwtSz: 48
    sideBwtLen: 192
    numSides: 6724958
    numLines: 6724958
    ebwtTotLen: 430397312
    ebwtTotSz: 430397312
    color: 0
    reverse: 1
Total time for backward call to driver() for mirror index: 00:22:50
Renaming /workdir/bowtie_update/uniq.3.bt2.tmp to /workdir/bowtie_update/uniq.3.bt2
Renaming /workdir/bowtie_update/uniq.4.bt2.tmp to /workdir/bowtie_update/uniq.4.bt2
Renaming /workdir/bowtie_update/uniq.1.bt2.tmp to /workdir/bowtie_update/uniq.1.bt2
Renaming /workdir/bowtie_update/uniq.2.bt2.tmp to /workdir/bowtie_update/uniq.2.bt2
Renaming /workdir/bowtie_update/uniq.rev.1.bt2.tmp to /workdir/bowtie_update/uniq.rev.1.bt2
Renaming /workdir/bowtie_update/uniq.rev.2.bt2.tmp to /workdir/bowtie_update/uniq.rev.2.bt2
[2026-06-24 10:06:44] bowtie2-build 完成
[2026-06-24 10:06:44] 开始 bowtie2 比对...
Academic tradition requires you to cite works you base your article on.
If you use programs that use GNU Parallel to process data for an article in a
scientific publication, please cite:

  Tange, O. (2023, August 22). GNU Parallel 20230822 ('Chandrayaan').
  Zenodo. https://doi.org/10.5281/zenodo.8278274

This helps funding further development; AND IT WON'T COST YOU A CENT.
If you pay 10000 EUR you should feel free to use GNU Parallel without citing.

More about funding GNU Parallel and the citation notice:
https://www.gnu.org/software/parallel/parallel_design.html#citation-notice

To silence this citation notice: run 'parallel --citation' once.

22372942 reads; of these:
  22372942 (100.00%) were paired; of these:
    15012859 (67.10%) aligned concordantly 0 times
    3638712 (16.26%) aligned concordantly exactly 1 time
    3721371 (16.63%) aligned concordantly >1 times
    ----
    15012859 pairs aligned concordantly 0 times; of these:
      336282 (2.24%) aligned discordantly 1 time
    ----
    14676577 pairs aligned 0 times concordantly or discordantly; of these:
      29353154 mates make up the pairs; of these:
        25233063 (85.96%) aligned 0 times
        2720289 (9.27%) aligned exactly 1 time
        1399802 (4.77%) aligned >1 times
43.61% overall alignment rate
[bam_sort_core] merging from 1 files and 12 in-memory blocks...
^[[B^[[B^[[B^[[B^[[B^[[A^[[A^[[A^[[A^[[A                                        ^[[A^[[A^[[A^[[B^[[B^[[B                        26307670 reads; of these:
  26307670 (100.00%) were paired; of these:
    17777420 (67.58%) aligned concordantly 0 times
    4755486 (18.08%) aligned concordantly exactly 1 time
    3774764 (14.35%) aligned concordantly >1 times
    ----
    17777420 pairs aligned concordantly 0 times; of these:
      521550 (2.93%) aligned discordantly 1 time
    ----
    17255870 pairs aligned 0 times concordantly or discordantly; of these:
      34511740 mates make up the pairs; of these:
        29493405 (85.46%) aligned 0 times
        3549172 (10.28%) aligned exactly 1 time
        1469163 (4.26%) aligned >1 times
43.95% overall alignment rate
[bam_sort_core] merging from 1 files and 12 in-memory blocks...
24232027 reads; of these:
  24232027 (100.00%) were paired; of these:
    16192028 (66.82%) aligned concordantly 0 times
    3991143 (16.47%) aligned concordantly exactly 1 time
    4048856 (16.71%) aligned concordantly >1 times
    ----
    16192028 pairs aligned concordantly 0 times; of these:
      343234 (2.12%) aligned discordantly 1 time
    ----
    15848794 pairs aligned 0 times concordantly or discordantly; of these:
      31697588 mates make up the pairs; of these:
        27341344 (86.26%) aligned 0 times
        2895136 (9.13%) aligned exactly 1 time
        1461108 (4.61%) aligned >1 times
43.58% overall alignment rate
[bam_sort_core] merging from 1 files and 12 in-memory blocks...
28269831 reads; of these:
  28269831 (100.00%) were paired; of these:
    18791794 (66.47%) aligned concordantly 0 times
    4737989 (16.76%) aligned concordantly exactly 1 time
    4740048 (16.77%) aligned concordantly >1 times
    ----
    18791794 pairs aligned concordantly 0 times; of these:
      394943 (2.10%) aligned discordantly 1 time
    ----
    18396851 pairs aligned 0 times concordantly or discordantly; of these:
      36793702 mates make up the pairs; of these:
        31745653 (86.28%) aligned 0 times
        3364079 (9.14%) aligned exactly 1 time
        1683970 (4.58%) aligned >1 times
43.85% overall alignment rate
[bam_sort_core] merging from 2 files and 12 in-memory blocks...
28344005 reads; of these:
  28344005 (100.00%) were paired; of these:
    18906917 (66.71%) aligned concordantly 0 times
    5306778 (18.72%) aligned concordantly exactly 1 time
    4130310 (14.57%) aligned concordantly >1 times
    ----
    18906917 pairs aligned concordantly 0 times; of these:
      473428 (2.50%) aligned discordantly 1 time
    ----
    18433489 pairs aligned 0 times concordantly or discordantly; of these:
      36866978 mates make up the pairs; of these:
        31736214 (86.08%) aligned 0 times
        3680750 (9.98%) aligned exactly 1 time
        1450014 (3.93%) aligned >1 times
44.02% overall alignment rate
[bam_sort_core] merging from 2 files and 12 in-memory blocks...
35681325 reads; of these:
  35681325 (100.00%) were paired; of these:
    23672918 (66.35%) aligned concordantly 0 times
    6829568 (19.14%) aligned concordantly exactly 1 time
    5178839 (14.51%) aligned concordantly >1 times
    ----
    23672918 pairs aligned concordantly 0 times; of these:
      616649 (2.60%) aligned discordantly 1 time
    ----
    23056269 pairs aligned 0 times concordantly or discordantly; of these:
      46112538 mates make up the pairs; of these:
        39603871 (85.89%) aligned 0 times
        4672928 (10.13%) aligned exactly 1 time
        1835739 (3.98%) aligned >1 times
44.50% overall alignment rate
[bam_sort_core] merging from 2 files and 12 in-memory blocks...
[2026-06-24 11:33:31] bowtie2 比对完成
[2026-06-24 11:34:27] 生成 /workdir/bowtie_update/gene_count.csv 和 /workdir/bowtie_update/gene_tpm.csv

real	133m30.293s
user	7144m5.974s
sys	67m48.527s
==========================================
结束时间: 
2026-06-24 11:34:29
==========================================
