xydeng==========================================
开始时间: 
2026-06-26 09:34:53
==========================================
1 === 检查输入文件 ===
-rw-r--r-- 1 1008 1009 1563333158 6月  26 09:31 /prodigal/unique_gene.fasta
total 49747148
drwxr-xr-x  2 root root        4096 6月  16 15:23 .
drwxr-xr-x 21 root root        4096 6月  17 04:15 ..
-rwxr-xr-x  1 root root 41370988544 6月  16 15:18 eggnog.db
-rwxr-xr-x  1 root root  9285439161 6月  16 15:23 eggnog_proteins.dmnd
-rwxr-xr-x  1 root root   278003712 6月  16 15:18 eggnog.taxa.db
-rwxr-xr-x  1 root root     6628719 6月  16 15:23 eggnog.taxa.db.traverse.pkl
-rwxrwxr-x 1 1001 1001 41475 5月   8  2023 /app/eggnog-mapper/emapper.py
=== 开始运行 func_anno 原代码 ===
File is smaller than 15GB, performing mid-sensitive operation...
#  emapper-2.1.10
# emapper.py  --cpu 50 -i /prodigal/unique_gene.fasta --itype CDS -m diamond --evalue 1e-5 --sensmode mid-sensitive --data_dir /metagenome-DB/database/eggNOG -o func --output_dir /prodigal
[1;33m  /root/anaconda3/envs/biobakery/bin/diamond blastx -d '/metagenome-DB/database/eggNOG/eggnog_proteins.dmnd' -q '/prodigal/unique_gene.fasta' --threads 50 -o '/prodigal/func.emapper.hits' --tmpdir '/emappertmp_dmdn_815510sf' --mid-sensitive --iterate -e 1e-05 --top 3  --outfmt 6 qseqid sseqid pident length mismatch gapopen qstart qend sstart send evalue bitscore qcovhsp scovhsp[0m
[1;32mFunctional annotation of hits...[0m
500 1353.0075688362122 0.37 q/s (% mem usage: 5.50, % mem avail: 94.46)
1000 1353.0592062473297 0.74 q/s (% mem usage: 5.50, % mem avail: 94.46)
1500 1445.7386798858643 1.04 q/s (% mem usage: 7.00, % mem avail: 92.98)
2000 1621.0823829174042 1.23 q/s (% mem usage: 7.00, % mem avail: 93.04)
2500 1841.5145802497864 1.36 q/s (% mem usage: 6.60, % mem avail: 93.42)
3000 1892.042177438736 1.59 q/s (% mem usage: 6.60, % mem avail: 93.41)
3500 1892.1027636528015 1.85 q/s (% mem usage: 6.60, % mem avail: 93.41)
4000 1892.167040348053 2.11 q/s (% mem usage: 6.60, % mem avail: 93.41)
4500 1892.2086062431335 2.38 q/s (% mem usage: 6.60, % mem avail: 93.41)
5000 2021.2650547027588 2.47 q/s (% mem usage: 6.60, % mem avail: 93.39)
5500 2021.3235363960266 2.72 q/s (% mem usage: 6.60, % mem avail: 93.39)
6000 2256.3555958271027 2.66 q/s (% mem usage: 6.70, % mem avail: 93.31)
6500 2256.441570043564 2.88 q/s (% mem usage: 6.70, % mem avail: 93.31)
7000 2256.50834441185 3.10 q/s (% mem usage: 6.70, % mem avail: 93.31)
7500 2256.5700685977936 3.32 q/s (% mem usage: 6.70, % mem avail: 93.31)
8000 2256.6001608371735 3.55 q/s (% mem usage: 6.70, % mem avail: 93.31)
8500 2256.632924079895 3.77 q/s (% mem usage: 6.70, % mem avail: 93.30)
9000 2256.663084745407 3.99 q/s (% mem usage: 6.70, % mem avail: 93.30)
9500 2256.694658756256 4.21 q/s (% mem usage: 6.70, % mem avail: 93.31)
10000 2256.726231098175 4.43 q/s (% mem usage: 6.70, % mem avail: 93.31)
10500 2256.7588489055634 4.65 q/s (% mem usage: 6.70, % mem avail: 93.31)
11000 2377.198292016983 4.63 q/s (% mem usage: 6.70, % mem avail: 93.30)
11500 2422.9848668575287 4.75 q/s (% mem usage: 6.70, % mem avail: 93.29)
12000 2423.050106048584 4.95 q/s (% mem usage: 6.70, % mem avail: 93.29)
12500 2423.1244683265686 5.16 q/s (% mem usage: 6.70, % mem avail: 93.29)
13000 2471.9435279369354 5.26 q/s (% mem usage: 6.70, % mem avail: 93.29)
13500 2472.017201423645 5.46 q/s (% mem usage: 6.70, % mem avail: 93.29)
14000 2472.081147670746 5.66 q/s (% mem usage: 6.70, % mem avail: 93.30)
14500 2472.1156544685364 5.87 q/s (% mem usage: 6.70, % mem avail: 93.30)
15000 2472.149864435196 6.07 q/s (% mem usage: 6.70, % mem avail: 93.29)
15500 2737.639567375183 5.66 q/s (% mem usage: 6.90, % mem avail: 93.12)
16000 2737.6982085704803 5.84 q/s (% mem usage: 6.90, % mem avail: 93.12)
16500 2737.740359544754 6.03 q/s (% mem usage: 6.90, % mem avail: 93.12)
17000 2737.771385908127 6.21 q/s (% mem usage: 6.90, % mem avail: 93.12)
17500 2737.801609992981 6.39 q/s (% mem usage: 6.90, % mem avail: 93.12)
18000 2737.8316349983215 6.57 q/s (% mem usage: 6.90, % mem avail: 93.12)
18500 2737.8701605796814 6.76 q/s (% mem usage: 6.90, % mem avail: 93.12)
19000 2737.913712501526 6.94 q/s (% mem usage: 6.90, % mem avail: 93.12)
19500 2737.962695837021 7.12 q/s (% mem usage: 6.90, % mem avail: 93.12)
20000 2737.995711326599 7.30 q/s (% mem usage: 6.90, % mem avail: 93.12)
20500 2977.266477584839 6.89 q/s (% mem usage: 6.60, % mem avail: 93.39)
21000 2977.3659772872925 7.05 q/s (% mem usage: 6.60, % mem avail: 93.39)
21500 2977.4307935237885 7.22 q/s (% mem usage: 6.60, % mem avail: 93.39)
22000 2977.516731739044 7.39 q/s (% mem usage: 6.60, % mem avail: 93.39)
22500 2977.5790708065033 7.56 q/s (% mem usage: 6.60, % mem avail: 93.39)
23000 2977.643433570862 7.72 q/s (% mem usage: 6.60, % mem avail: 93.39)
23500 2977.715916633606 7.89 q/s (% mem usage: 6.60, % mem avail: 93.39)
24000 2977.7787442207336 8.06 q/s (% mem usage: 6.60, % mem avail: 93.39)
24500 2977.841385602951 8.23 q/s (% mem usage: 6.60, % mem avail: 93.39)
25000 2977.8827891349792 8.40 q/s (% mem usage: 6.60, % mem avail: 93.39)
25500 2977.9156935214996 8.56 q/s (% mem usage: 6.60, % mem avail: 93.39)
26000 2977.9508888721466 8.73 q/s (% mem usage: 6.60, % mem avail: 93.39)
26500 2977.9845492839813 8.90 q/s (% mem usage: 6.60, % mem avail: 93.39)
27000 2978.017158269882 9.07 q/s (% mem usage: 6.60, % mem avail: 93.39)
27500 2978.054836988449 9.23 q/s (% mem usage: 6.60, % mem avail: 93.40)
28000 2978.088698387146 9.40 q/s (% mem usage: 6.60, % mem avail: 93.40)
28500 2978.1196632385254 9.57 q/s (% mem usage: 6.60, % mem avail: 93.40)
29000 2978.1510150432587 9.74 q/s (% mem usage: 6.60, % mem avail: 93.40)
29500 2978.2088170051575 9.91 q/s (% mem usage: 6.60, % mem avail: 93.40)
30000 2978.2783439159393 10.07 q/s (% mem usage: 6.60, % mem avail: 93.40)
30500 2978.341062784195 10.24 q/s (% mem usage: 6.60, % mem avail: 93.40)
31000 2978.4032938480377 10.41 q/s (% mem usage: 6.60, % mem avail: 93.40)
31500 2978.4651482105255 10.58 q/s (% mem usage: 6.60, % mem avail: 93.40)
32000 2978.5064446926117 10.74 q/s (% mem usage: 6.60, % mem avail: 93.40)
32500 3211.96612906456 10.12 q/s (% mem usage: 6.80, % mem avail: 93.20)
33000 3212.021740913391 10.27 q/s (% mem usage: 6.80, % mem avail: 93.20)
33500 3212.0795578956604 10.43 q/s (% mem usage: 6.80, % mem avail: 93.20)
34000 3212.1387600898743 10.58 q/s (% mem usage: 6.80, % mem avail: 93.20)
34500 3212.191937685013 10.74 q/s (% mem usage: 6.80, % mem avail: 93.20)
35000 3212.241750717163 10.90 q/s (% mem usage: 6.80, % mem avail: 93.20)
35500 3212.2657132148743 11.05 q/s (% mem usage: 6.80, % mem avail: 93.20)
36000 3212.2930986881256 11.21 q/s (% mem usage: 6.80, % mem avail: 93.20)
36500 3212.318856239319 11.36 q/s (% mem usage: 6.80, % mem avail: 93.20)
37000 3212.3452603816986 11.52 q/s (% mem usage: 6.80, % mem avail: 93.20)
37500 3212.3729317188263 11.67 q/s (% mem usage: 6.80, % mem avail: 93.20)
38000 3212.399463891983 11.83 q/s (% mem usage: 6.80, % mem avail: 93.20)
38500 3212.4242131710052 11.98 q/s (% mem usage: 6.80, % mem avail: 93.20)
39000 3212.449422121048 12.14 q/s (% mem usage: 6.80, % mem avail: 93.20)
39500 3212.484050989151 12.30 q/s (% mem usage: 6.80, % mem avail: 93.20)
40000 3212.513262987137 12.45 q/s (% mem usage: 6.80, % mem avail: 93.21)
40500 3212.537351369858 12.61 q/s (% mem usage: 6.80, % mem avail: 93.21)
41000 3212.564064025879 12.76 q/s (% mem usage: 6.80, % mem avail: 93.21)
41500 3212.590307235718 12.92 q/s (% mem usage: 6.80, % mem avail: 93.21)
42000 3212.6145861148834 13.07 q/s (% mem usage: 6.80, % mem avail: 93.21)
42500 3212.641665697098 13.23 q/s (% mem usage: 6.80, % mem avail: 93.21)
43000 3212.6722106933594 13.38 q/s (% mem usage: 6.80, % mem avail: 93.21)
43500 3212.6976261138916 13.54 q/s (% mem usage: 6.80, % mem avail: 93.21)
44000 3212.727952480316 13.70 q/s (% mem usage: 6.80, % mem avail: 93.21)
44500 3212.7555899620056 13.85 q/s (% mem usage: 6.80, % mem avail: 93.21)
45000 3212.784074783325 14.01 q/s (% mem usage: 6.80, % mem avail: 93.21)
45500 3212.807121992111 14.16 q/s (% mem usage: 6.80, % mem avail: 93.21)
46000 3212.832931280136 14.32 q/s (% mem usage: 6.80, % mem avail: 93.21)
46500 3212.8573598861694 14.47 q/s (% mem usage: 6.80, % mem avail: 93.21)
47000 3212.886543750763 14.63 q/s (% mem usage: 6.80, % mem avail: 93.21)
47500 3212.9134809970856 14.78 q/s (% mem usage: 6.80, % mem avail: 93.21)
48000 3212.938631772995 14.94 q/s (% mem usage: 6.80, % mem avail: 93.21)
48500 3212.9621121883392 15.10 q/s (% mem usage: 6.80, % mem avail: 93.21)
49000 3212.9918859004974 15.25 q/s (% mem usage: 6.80, % mem avail: 93.21)
49500 3213.032492876053 15.41 q/s (% mem usage: 6.80, % mem avail: 93.21)
50000 3213.0713543891907 15.56 q/s (% mem usage: 6.80, % mem avail: 93.22)
50500 3213.1091718673706 15.72 q/s (% mem usage: 6.80, % mem avail: 93.22)
51000 3299.6303567886353 15.46 q/s (% mem usage: 6.80, % mem avail: 93.22)
51500 3299.6973814964294 15.61 q/s (% mem usage: 6.80, % mem avail: 93.22)
52000 3299.752053499222 15.76 q/s (% mem usage: 6.80, % mem avail: 93.22)
52500 3299.78062915802 15.91 q/s (% mem usage: 6.80, % mem avail: 93.22)
53000 3299.80997300148 16.06 q/s (% mem usage: 6.80, % mem avail: 93.22)
53500 3299.844366312027 16.21 q/s (% mem usage: 6.80, % mem avail: 93.22)
54000 3299.8775355815887 16.36 q/s (% mem usage: 6.80, % mem avail: 93.22)
54500 3423.6667714118958 15.92 q/s (% mem usage: 6.90, % mem avail: 93.13)
55000 3423.7350726127625 16.06 q/s (% mem usage: 6.90, % mem avail: 93.13)
55500 3423.8035271167755 16.21 q/s (% mem usage: 6.90, % mem avail: 93.13)
56000 3423.8774242401123 16.36 q/s (% mem usage: 6.90, % mem avail: 93.13)
56500 3423.932858467102 16.50 q/s (% mem usage: 6.90, % mem avail: 93.13)
57000 3423.9894387722015 16.65 q/s (% mem usage: 6.90, % mem avail: 93.13)
57500 3424.0458006858826 16.79 q/s (% mem usage: 6.90, % mem avail: 93.13)
58000 3424.1030099391937 16.94 q/s (% mem usage: 6.90, % mem avail: 93.13)
58500 3424.1603088378906 17.08 q/s (% mem usage: 6.90, % mem avail: 93.13)
59000 3424.2151436805725 17.23 q/s (% mem usage: 6.90, % mem avail: 93.13)
59500 3424.2747514247894 17.38 q/s (% mem usage: 6.90, % mem avail: 93.13)
60000 3424.3341035842896 17.52 q/s (% mem usage: 6.90, % mem avail: 93.13)
60500 3424.4000566005707 17.67 q/s (% mem usage: 6.90, % mem avail: 93.13)
61000 3484.8978967666626 17.50 q/s (% mem usage: 7.00, % mem avail: 93.04)
61500 3484.966527938843 17.65 q/s (% mem usage: 7.00, % mem avail: 93.04)
62000 3485.0349593162537 17.79 q/s (% mem usage: 7.00, % mem avail: 93.04)
62500 3485.1101870536804 17.93 q/s (% mem usage: 7.00, % mem avail: 93.04)
63000 3485.1751215457916 18.08 q/s (% mem usage: 7.00, % mem avail: 93.04)
63500 3485.243178129196 18.22 q/s (% mem usage: 7.00, % mem avail: 93.04)
64000 3485.283369064331 18.36 q/s (% mem usage: 7.00, % mem avail: 93.04)
64500 3485.324371814728 18.51 q/s (% mem usage: 7.00, % mem avail: 93.04)
65000 3485.3694546222687 18.65 q/s (% mem usage: 7.00, % mem avail: 93.04)
65500 3485.4061875343323 18.79 q/s (% mem usage: 7.00, % mem avail: 93.04)
66000 3485.447011947632 18.94 q/s (% mem usage: 7.00, % mem avail: 93.04)
66500 3485.4778163433075 19.08 q/s (% mem usage: 7.00, % mem avail: 93.04)
67000 3485.5207052230835 19.22 q/s (% mem usage: 7.00, % mem avail: 93.04)
67500 3485.5625002384186 19.37 q/s (% mem usage: 7.00, % mem avail: 93.04)
68000 3488.131953239441 19.49 q/s (% mem usage: 7.00, % mem avail: 93.04)
68500 3545.3378789424896 19.32 q/s (% mem usage: 7.10, % mem avail: 92.95)
69000 3545.4081888198853 19.46 q/s (% mem usage: 7.10, % mem avail: 92.95)
69500 3545.477219104767 19.60 q/s (% mem usage: 7.10, % mem avail: 92.95)
70000 3545.5332176685333 19.74 q/s (% mem usage: 7.10, % mem avail: 92.95)
70500 3545.6283037662506 19.88 q/s (% mem usage: 7.10, % mem avail: 92.95)
71000 3545.6881160736084 20.02 q/s (% mem usage: 7.10, % mem avail: 92.95)
71500 3545.7514684200287 20.16 q/s (% mem usage: 7.10, % mem avail: 92.95)
72000 3545.78590631485 20.31 q/s (% mem usage: 7.10, % mem avail: 92.95)
72500 3545.820208311081 20.45 q/s (% mem usage: 7.10, % mem avail: 92.95)
73000 3545.8678267002106 20.59 q/s (% mem usage: 7.10, % mem avail: 92.95)
73500 3545.9344029426575 20.73 q/s (% mem usage: 7.10, % mem avail: 92.95)
74000 3545.9741673469543 20.87 q/s (% mem usage: 7.10, % mem avail: 92.95)
74500 3546.0324351787567 21.01 q/s (% mem usage: 7.10, % mem avail: 92.95)
75000 3546.0777957439423 21.15 q/s (% mem usage: 7.10, % mem avail: 92.95)
75500 3546.121549844742 21.29 q/s (% mem usage: 7.10, % mem avail: 92.95)
76000 3546.1731975078583 21.43 q/s (% mem usage: 7.10, % mem avail: 92.95)
76500 3546.2197604179382 21.57 q/s (% mem usage: 7.10, % mem avail: 92.95)
77000 3546.264231443405 21.71 q/s (% mem usage: 7.10, % mem avail: 92.95)
77500 3546.307744026184 21.85 q/s (% mem usage: 7.10, % mem avail: 92.95)
78000 3546.3578491210938 21.99 q/s (% mem usage: 7.10, % mem avail: 92.95)
78500 3546.4053597450256 22.14 q/s (% mem usage: 7.10, % mem avail: 92.95)
79000 3546.4576342105865 22.28 q/s (% mem usage: 7.10, % mem avail: 92.95)
79500 3546.5121314525604 22.42 q/s (% mem usage: 7.10, % mem avail: 92.95)
80000 3546.5474610328674 22.56 q/s (% mem usage: 7.10, % mem avail: 92.95)
80500 3546.581208705902 22.70 q/s (% mem usage: 7.10, % mem avail: 92.95)
81000 3546.615019083023 22.84 q/s (% mem usage: 7.10, % mem avail: 92.95)
81500 3546.6510288715363 22.98 q/s (% mem usage: 7.10, % mem avail: 92.95)
82000 3546.6885645389557 23.12 q/s (% mem usage: 7.10, % mem avail: 92.95)
82500 3546.7198872566223 23.26 q/s (% mem usage: 7.10, % mem avail: 92.95)
83000 3546.758678674698 23.40 q/s (% mem usage: 7.10, % mem avail: 92.95)
83500 3558.7856640815735 23.46 q/s (% mem usage: 7.10, % mem avail: 92.95)
84000 3558.8186423778534 23.60 q/s (% mem usage: 7.10, % mem avail: 92.95)
84500 3558.8530848026276 23.74 q/s (% mem usage: 7.10, % mem avail: 92.95)
85000 3558.890491962433 23.88 q/s (% mem usage: 7.10, % mem avail: 92.95)
85500 3558.928641796112 24.02 q/s (% mem usage: 7.10, % mem avail: 92.95)
86000 3645.8668196201324 23.59 q/s (% mem usage: 7.20, % mem avail: 92.85)
86500 3645.926168203354 23.73 q/s (% mem usage: 7.20, % mem avail: 92.85)
87000 3645.9977209568024 23.86 q/s (% mem usage: 7.20, % mem avail: 92.85)
87500 3646.0681364536285 24.00 q/s (% mem usage: 7.20, % mem avail: 92.85)
88000 3646.134917974472 24.14 q/s (% mem usage: 7.20, % mem avail: 92.85)
88500 3646.1951882839203 24.27 q/s (% mem usage: 7.20, % mem avail: 92.85)
89000 3646.25750875473 24.41 q/s (% mem usage: 7.20, % mem avail: 92.85)
89500 3646.323009490967 24.55 q/s (% mem usage: 7.20, % mem avail: 92.85)
90000 3646.389975786209 24.68 q/s (% mem usage: 7.20, % mem avail: 92.85)
90500 3646.4251947402954 24.82 q/s (% mem usage: 7.20, % mem avail: 92.84)
91000 3646.515344619751 24.96 q/s (% mem usage: 7.20, % mem avail: 92.84)
91500 3646.6283462047577 25.09 q/s (% mem usage: 7.20, % mem avail: 92.84)
92000 3646.6774413585663 25.23 q/s (% mem usage: 7.20, % mem avail: 92.85)
92500 3646.7365934848785 25.37 q/s (% mem usage: 7.20, % mem avail: 92.84)
93000 3646.788389444351 25.50 q/s (% mem usage: 7.20, % mem avail: 92.84)
93500 3646.848031282425 25.64 q/s (% mem usage: 7.20, % mem avail: 92.84)
94000 3646.8980445861816 25.78 q/s (% mem usage: 7.20, % mem avail: 92.84)
94500 3646.952918767929 25.91 q/s (% mem usage: 7.20, % mem avail: 92.84)
95000 3647.0307443141937 26.05 q/s (% mem usage: 7.20, % mem avail: 92.84)
95500 3647.089774608612 26.19 q/s (% mem usage: 7.20, % mem avail: 92.84)
96000 3647.152071237564 26.32 q/s (% mem usage: 7.20, % mem avail: 92.84)
96500 3647.238095521927 26.46 q/s (% mem usage: 7.20, % mem avail: 92.84)
97000 3647.3229229450226 26.59 q/s (% mem usage: 7.20, % mem avail: 92.84)
97500 3647.4480369091034 26.73 q/s (% mem usage: 7.20, % mem avail: 92.84)
98000 3647.560744047165 26.87 q/s (% mem usage: 7.20, % mem avail: 92.84)
98500 3647.6534280776978 27.00 q/s (% mem usage: 7.20, % mem avail: 92.84)
99000 3647.7102196216583 27.14 q/s (% mem usage: 7.20, % mem avail: 92.84)
99500 3647.7595450878143 27.28 q/s (% mem usage: 7.20, % mem avail: 92.84)
100000 3647.8156192302704 27.41 q/s (% mem usage: 7.20, % mem avail: 92.84)
100500 3647.871675491333 27.55 q/s (% mem usage: 7.20, % mem avail: 92.84)
101000 3647.927351951599 27.69 q/s (% mem usage: 7.20, % mem avail: 92.84)
101500 3647.978011369705 27.82 q/s (% mem usage: 7.20, % mem avail: 92.84)
102000 3648.031144618988 27.96 q/s (% mem usage: 7.20, % mem avail: 92.84)
102500 3648.0853140354156 28.10 q/s (% mem usage: 7.20, % mem avail: 92.84)
103000 3648.129397392273 28.23 q/s (% mem usage: 7.20, % mem avail: 92.84)
103500 3648.203860282898 28.37 q/s (% mem usage: 7.20, % mem avail: 92.84)
104000 3648.27014875412 28.51 q/s (% mem usage: 7.20, % mem avail: 92.84)
104500 3648.31813454628 28.64 q/s (% mem usage: 7.20, % mem avail: 92.84)
105000 3648.368245601654 28.78 q/s (% mem usage: 7.20, % mem avail: 92.84)
105500 3648.4311816692352 28.92 q/s (% mem usage: 7.20, % mem avail: 92.84)
106000 3648.4951293468475 29.05 q/s (% mem usage: 7.20, % mem avail: 92.84)
106500 3823.088082075119 27.86 q/s (% mem usage: 7.10, % mem avail: 92.88)
107000 3823.182792186737 27.99 q/s (% mem usage: 7.10, % mem avail: 92.88)
107500 3823.2723736763 28.12 q/s (% mem usage: 7.10, % mem avail: 92.88)
108000 3823.3392136096954 28.25 q/s (% mem usage: 7.10, % mem avail: 92.88)
108500 3823.4046416282654 28.38 q/s (% mem usage: 7.10, % mem avail: 92.88)
109000 3823.4517900943756 28.51 q/s (% mem usage: 7.10, % mem avail: 92.88)
109500 3823.497419118881 28.64 q/s (% mem usage: 7.10, % mem avail: 92.88)
110000 3823.54940032959 28.77 q/s (% mem usage: 7.10, % mem avail: 92.88)
110500 3823.5928955078125 28.90 q/s (% mem usage: 7.10, % mem avail: 92.88)
111000 3823.6678564548492 29.03 q/s (% mem usage: 7.10, % mem avail: 92.88)
111500 3823.7299160957336 29.16 q/s (% mem usage: 7.10, % mem avail: 92.88)
112000 3823.782931804657 29.29 q/s (% mem usage: 7.10, % mem avail: 92.88)
112500 3823.8281033039093 29.42 q/s (% mem usage: 7.10, % mem avail: 92.88)
113000 3823.8723306655884 29.55 q/s (% mem usage: 7.10, % mem avail: 92.88)
113500 3823.9230422973633 29.68 q/s (% mem usage: 7.10, % mem avail: 92.88)
114000 3823.965262889862 29.81 q/s (% mem usage: 7.10, % mem avail: 92.88)
114500 3824.020154237747 29.94 q/s (% mem usage: 7.10, % mem avail: 92.88)
115000 3824.0550038814545 30.07 q/s (% mem usage: 7.10, % mem avail: 92.88)
115500 3824.0903911590576 30.20 q/s (% mem usage: 7.10, % mem avail: 92.88)
116000 3824.1363196372986 30.33 q/s (% mem usage: 7.10, % mem avail: 92.88)
116500 3824.1767251491547 30.46 q/s (% mem usage: 7.10, % mem avail: 92.88)
117000 3824.213066101074 30.59 q/s (% mem usage: 7.10, % mem avail: 92.88)
117500 3824.253753185272 30.72 q/s (% mem usage: 7.10, % mem avail: 92.88)
118000 3824.29158949852 30.86 q/s (% mem usage: 7.10, % mem avail: 92.88)
118500 3824.329229593277 30.99 q/s (% mem usage: 7.10, % mem avail: 92.88)
119000 3824.363610267639 31.12 q/s (% mem usage: 7.10, % mem avail: 92.88)
119500 3824.3993084430695 31.25 q/s (% mem usage: 7.10, % mem avail: 92.88)
120000 3824.4317619800568 31.38 q/s (% mem usage: 7.10, % mem avail: 92.88)
120500 3824.465730905533 31.51 q/s (% mem usage: 7.10, % mem avail: 92.88)
121000 3824.5005786418915 31.64 q/s (% mem usage: 7.10, % mem avail: 92.88)
121500 3824.5338571071625 31.77 q/s (% mem usage: 7.10, % mem avail: 92.88)
122000 3824.573287963867 31.90 q/s (% mem usage: 7.10, % mem avail: 92.88)
122500 3824.606563091278 32.03 q/s (% mem usage: 7.10, % mem avail: 92.88)
123000 3824.6539900302887 32.16 q/s (% mem usage: 7.10, % mem avail: 92.88)
123500 3824.7397377490997 32.29 q/s (% mem usage: 7.10, % mem avail: 92.88)
124000 3824.812942504883 32.42 q/s (% mem usage: 7.10, % mem avail: 92.88)
124500 3824.884100675583 32.55 q/s (% mem usage: 7.10, % mem avail: 92.88)
125000 3824.94122171402 32.68 q/s (% mem usage: 7.10, % mem avail: 92.88)
125500 3825.0147342681885 32.81 q/s (% mem usage: 7.10, % mem avail: 92.88)
126000 3825.0520718097687 32.94 q/s (% mem usage: 7.10, % mem avail: 92.88)
126500 3825.0882952213287 33.07 q/s (% mem usage: 7.10, % mem avail: 92.88)
127000 3825.1317341327667 33.20 q/s (% mem usage: 7.10, % mem avail: 92.88)
127500 3825.2079660892487 33.33 q/s (% mem usage: 7.10, % mem avail: 92.88)
128000 3825.3006649017334 33.46 q/s (% mem usage: 7.10, % mem avail: 92.88)
128500 3825.3433589935303 33.59 q/s (% mem usage: 7.10, % mem avail: 92.88)
129000 3825.3952071666718 33.72 q/s (% mem usage: 7.10, % mem avail: 92.88)
129500 3825.4581208229065 33.85 q/s (% mem usage: 7.10, % mem avail: 92.88)
130000 3825.50789642334 33.98 q/s (% mem usage: 7.10, % mem avail: 92.88)
130500 3825.5584795475006 34.11 q/s (% mem usage: 7.10, % mem avail: 92.88)
131000 3825.6250789165497 34.24 q/s (% mem usage: 7.10, % mem avail: 92.88)
131500 3825.6715071201324 34.37 q/s (% mem usage: 7.10, % mem avail: 92.88)
132000 3825.7483117580414 34.50 q/s (% mem usage: 7.10, % mem avail: 92.88)
132500 3825.8022763729095 34.63 q/s (% mem usage: 7.10, % mem avail: 92.88)
133000 3825.861037492752 34.76 q/s (% mem usage: 7.10, % mem avail: 92.88)
133500 3825.918306827545 34.89 q/s (% mem usage: 7.10, % mem avail: 92.88)
134000 3825.9716668128967 35.02 q/s (% mem usage: 7.10, % mem avail: 92.88)
134500 3826.030358314514 35.15 q/s (% mem usage: 7.10, % mem avail: 92.88)
135000 3826.081162214279 35.28 q/s (% mem usage: 7.10, % mem avail: 92.88)
135500 3826.1309082508087 35.41 q/s (% mem usage: 7.10, % mem avail: 92.88)
136000 3826.186887025833 35.54 q/s (% mem usage: 7.10, % mem avail: 92.88)
136500 3826.263242006302 35.67 q/s (% mem usage: 7.10, % mem avail: 92.88)
137000 3826.3303422927856 35.80 q/s (% mem usage: 7.10, % mem avail: 92.88)
137500 3826.3916113376617 35.93 q/s (% mem usage: 7.10, % mem avail: 92.88)
138000 3826.428189277649 36.06 q/s (% mem usage: 7.10, % mem avail: 92.88)
138500 3826.458842754364 36.20 q/s (% mem usage: 7.10, % mem avail: 92.88)
139000 3826.4959750175476 36.33 q/s (% mem usage: 7.10, % mem avail: 92.88)
139500 3826.5336713790894 36.46 q/s (% mem usage: 7.10, % mem avail: 92.88)
140000 3826.5769431591034 36.59 q/s (% mem usage: 7.10, % mem avail: 92.88)
140500 3826.609713077545 36.72 q/s (% mem usage: 7.10, % mem avail: 92.88)
141000 3826.6519541740417 36.85 q/s (% mem usage: 7.10, % mem avail: 92.88)
141500 3826.6967573165894 36.98 q/s (% mem usage: 7.10, % mem avail: 92.88)
142000 3826.734874725342 37.11 q/s (% mem usage: 7.10, % mem avail: 92.88)
142500 3826.768858194351 37.24 q/s (% mem usage: 7.10, % mem avail: 92.88)
143000 3826.8040549755096 37.37 q/s (% mem usage: 7.10, % mem avail: 92.88)
143500 3826.8396651744843 37.50 q/s (% mem usage: 7.10, % mem avail: 92.88)
144000 3826.9017112255096 37.63 q/s (% mem usage: 7.10, % mem avail: 92.88)
144500 3826.94042301178 37.76 q/s (% mem usage: 7.10, % mem avail: 92.88)
145000 3963.8412516117096 36.58 q/s (% mem usage: 7.50, % mem avail: 92.54)
145500 3963.877396583557 36.71 q/s (% mem usage: 7.50, % mem avail: 92.54)
146000 3963.918841123581 36.83 q/s (% mem usage: 7.50, % mem avail: 92.54)
146500 3963.9784100055695 36.96 q/s (% mem usage: 7.50, % mem avail: 92.54)
147000 3964.027751684189 37.08 q/s (% mem usage: 7.50, % mem avail: 92.54)
147500 3964.063583612442 37.21 q/s (% mem usage: 7.50, % mem avail: 92.54)
148000 3964.109039545059 37.33 q/s (% mem usage: 7.50, % mem avail: 92.54)
148500 3964.143017053604 37.46 q/s (% mem usage: 7.50, % mem avail: 92.54)
149000 3964.179968357086 37.59 q/s (% mem usage: 7.50, % mem avail: 92.54)
149500 3964.2204880714417 37.71 q/s (% mem usage: 7.50, % mem avail: 92.54)
150000 3964.2568452358246 37.84 q/s (% mem usage: 7.50, % mem avail: 92.54)
150500 3964.3106083869934 37.96 q/s (% mem usage: 7.50, % mem avail: 92.54)
151000 3964.369682788849 38.09 q/s (% mem usage: 7.50, % mem avail: 92.54)
151500 3964.424139022827 38.21 q/s (% mem usage: 7.50, % mem avail: 92.54)
152000 3964.5113298892975 38.34 q/s (% mem usage: 7.50, % mem avail: 92.54)
152500 3964.5667107105255 38.47 q/s (% mem usage: 7.50, % mem avail: 92.54)
153000 3964.6523628234863 38.59 q/s (% mem usage: 7.50, % mem avail: 92.54)
153500 3964.6855018138885 38.72 q/s (% mem usage: 7.50, % mem avail: 92.54)
154000 3964.7247676849365 38.84 q/s (% mem usage: 7.50, % mem avail: 92.54)
154500 3964.7626872062683 38.97 q/s (% mem usage: 7.50, % mem avail: 92.54)
155000 3964.799962282181 39.09 q/s (% mem usage: 7.50, % mem avail: 92.54)
155500 3964.836136341095 39.22 q/s (% mem usage: 7.50, % mem avail: 92.54)
156000 3964.872005224228 39.35 q/s (% mem usage: 7.50, % mem avail: 92.54)
156500 3964.9158279895782 39.47 q/s (% mem usage: 7.50, % mem avail: 92.54)
157000 3964.98113656044 39.60 q/s (% mem usage: 7.50, % mem avail: 92.54)
157500 3965.034871816635 39.72 q/s (% mem usage: 7.50, % mem avail: 92.54)
158000 3965.0982694625854 39.85 q/s (% mem usage: 7.50, % mem avail: 92.54)
158500 3965.143426656723 39.97 q/s (% mem usage: 7.50, % mem avail: 92.55)
159000 3965.1953461170197 40.10 q/s (% mem usage: 7.50, % mem avail: 92.55)
159500 3965.247480869293 40.22 q/s (% mem usage: 7.50, % mem avail: 92.55)
160000 3965.2928190231323 40.35 q/s (% mem usage: 7.50, % mem avail: 92.55)
160500 3965.327887058258 40.48 q/s (% mem usage: 7.50, % mem avail: 92.55)
161000 3965.36456489563 40.60 q/s (% mem usage: 7.50, % mem avail: 92.55)
161500 3965.3993554115295 40.73 q/s (% mem usage: 7.50, % mem avail: 92.55)
162000 3965.454514980316 40.85 q/s (% mem usage: 7.50, % mem avail: 92.55)
162500 3965.491985797882 40.98 q/s (% mem usage: 7.50, % mem avail: 92.55)
163000 3965.536064147949 41.10 q/s (% mem usage: 7.50, % mem avail: 92.55)
163500 3965.5772426128387 41.23 q/s (% mem usage: 7.50, % mem avail: 92.55)
164000 3965.627514600754 41.36 q/s (% mem usage: 7.50, % mem avail: 92.55)
164500 3965.665852546692 41.48 q/s (% mem usage: 7.50, % mem avail: 92.55)
165000 4007.447150707245 41.17 q/s (% mem usage: 7.50, % mem avail: 92.51)
165500 4007.543461561203 41.30 q/s (% mem usage: 7.50, % mem avail: 92.51)
166000 4007.6115958690643 41.42 q/s (% mem usage: 7.50, % mem avail: 92.51)
166500 4007.6635448932648 41.55 q/s (% mem usage: 7.50, % mem avail: 92.51)
167000 4007.7197563648224 41.67 q/s (% mem usage: 7.50, % mem avail: 92.51)
167500 4007.777574300766 41.79 q/s (% mem usage: 7.50, % mem avail: 92.51)
168000 4007.871973514557 41.92 q/s (% mem usage: 7.50, % mem avail: 92.51)
168500 4007.9544699192047 42.04 q/s (% mem usage: 7.50, % mem avail: 92.51)
169000 4008.0244431495667 42.17 q/s (% mem usage: 7.50, % mem avail: 92.51)
169500 4008.061072587967 42.29 q/s (% mem usage: 7.50, % mem avail: 92.51)
170000 4008.10187792778 42.41 q/s (% mem usage: 7.50, % mem avail: 92.51)
170500 4008.163538455963 42.54 q/s (% mem usage: 7.50, % mem avail: 92.51)
171000 4008.227765083313 42.66 q/s (% mem usage: 7.50, % mem avail: 92.51)
171500 4008.272943496704 42.79 q/s (% mem usage: 7.50, % mem avail: 92.51)
172000 4008.324922800064 42.91 q/s (% mem usage: 7.50, % mem avail: 92.51)
172500 4008.3775277137756 43.03 q/s (% mem usage: 7.50, % mem avail: 92.51)
173000 4008.4144728183746 43.16 q/s (% mem usage: 7.50, % mem avail: 92.51)
173500 4008.452211856842 43.28 q/s (% mem usage: 7.50, % mem avail: 92.51)
174000 4008.483235359192 43.41 q/s (% mem usage: 7.50, % mem avail: 92.51)
174500 4008.5179347991943 43.53 q/s (% mem usage: 7.50, % mem avail: 92.51)
175000 4008.553973197937 43.66 q/s (% mem usage: 7.50, % mem avail: 92.51)
175500 4008.590985774994 43.78 q/s (% mem usage: 7.50, % mem avail: 92.51)
176000 4008.622700691223 43.91 q/s (% mem usage: 7.50, % mem avail: 92.51)
176500 4008.6701498031616 44.03 q/s (% mem usage: 7.50, % mem avail: 92.51)
177000 4008.7057723999023 44.15 q/s (% mem usage: 7.50, % mem avail: 92.51)
177500 4008.7341368198395 44.28 q/s (% mem usage: 7.50, % mem avail: 92.51)
178000 4008.7886803150177 44.40 q/s (% mem usage: 7.50, % mem avail: 92.51)
178500 4008.8237862586975 44.53 q/s (% mem usage: 7.50, % mem avail: 92.51)
179000 4008.877018213272 44.65 q/s (% mem usage: 7.50, % mem avail: 92.51)
179500 4008.9187800884247 44.78 q/s (% mem usage: 7.50, % mem avail: 92.51)
180000 4008.96759390831 44.90 q/s (% mem usage: 7.50, % mem avail: 92.52)
180500 4009.017505645752 45.02 q/s (% mem usage: 7.50, % mem avail: 92.52)
181000 4009.1307878494263 45.15 q/s (% mem usage: 7.50, % mem avail: 92.52)
181500 4009.2112970352173 45.27 q/s (% mem usage: 7.50, % mem avail: 92.52)
182000 4009.332489967346 45.39 q/s (% mem usage: 7.50, % mem avail: 92.52)
182500 4009.428226709366 45.52 q/s (% mem usage: 7.50, % mem avail: 92.52)
183000 4009.4698026180267 45.64 q/s (% mem usage: 7.50, % mem avail: 92.52)
183500 4009.518413066864 45.77 q/s (% mem usage: 7.50, % mem avail: 92.52)
184000 4009.571722984314 45.89 q/s (% mem usage: 7.50, % mem avail: 92.52)
184500 4009.6115193367004 46.01 q/s (% mem usage: 7.50, % mem avail: 92.52)
185000 4009.6511092185974 46.14 q/s (% mem usage: 7.50, % mem avail: 92.52)
185500 4009.7010118961334 46.26 q/s (% mem usage: 7.50, % mem avail: 92.52)
186000 4009.7421560287476 46.39 q/s (% mem usage: 7.50, % mem avail: 92.52)
186500 4009.7871763706207 46.51 q/s (% mem usage: 7.50, % mem avail: 92.52)
187000 4009.863741874695 46.64 q/s (% mem usage: 7.50, % mem avail: 92.52)
187500 4009.9159338474274 46.76 q/s (% mem usage: 7.50, % mem avail: 92.52)
188000 4009.957748889923 46.88 q/s (% mem usage: 7.50, % mem avail: 92.52)
188500 4010.0169882774353 47.01 q/s (% mem usage: 7.50, % mem avail: 92.52)
189000 4010.0762054920197 47.13 q/s (% mem usage: 7.50, % mem avail: 92.52)
189500 4010.139449119568 47.26 q/s (% mem usage: 7.50, % mem avail: 92.52)
190000 4010.193419456482 47.38 q/s (% mem usage: 7.50, % mem avail: 92.52)
190500 4010.2522959709167 47.50 q/s (% mem usage: 7.50, % mem avail: 92.52)
191000 4010.3142309188843 47.63 q/s (% mem usage: 7.50, % mem avail: 92.52)
191500 4010.3686983585358 47.75 q/s (% mem usage: 7.50, % mem avail: 92.52)
192000 4010.416467666626 47.88 q/s (% mem usage: 7.50, % mem avail: 92.52)
192500 4010.450139760971 48.00 q/s (% mem usage: 7.50, % mem avail: 92.52)
193000 4010.483803987503 48.12 q/s (% mem usage: 7.50, % mem avail: 92.52)
193500 4010.5172612667084 48.25 q/s (% mem usage: 7.50, % mem avail: 92.52)
194000 4010.5953006744385 48.37 q/s (% mem usage: 7.50, % mem avail: 92.52)
194500 4010.656911611557 48.50 q/s (% mem usage: 7.50, % mem avail: 92.52)
195000 4010.700115919113 48.62 q/s (% mem usage: 7.50, % mem avail: 92.52)
195500 4010.7425031661987 48.74 q/s (% mem usage: 7.50, % mem avail: 92.52)
196000 4010.7899537086487 48.87 q/s (% mem usage: 7.50, % mem avail: 92.52)
196500 4010.8349661827087 48.99 q/s (% mem usage: 7.50, % mem avail: 92.52)
197000 4010.8845632076263 49.12 q/s (% mem usage: 7.50, % mem avail: 92.52)
197500 4010.9492959976196 49.24 q/s (% mem usage: 7.50, % mem avail: 92.52)
198000 4011.004604578018 49.36 q/s (% mem usage: 7.50, % mem avail: 92.52)
198500 4011.043569803238 49.49 q/s (% mem usage: 7.50, % mem avail: 92.52)
199000 4011.0844757556915 49.61 q/s (% mem usage: 7.50, % mem avail: 92.52)
199500 4011.1315412521362 49.74 q/s (% mem usage: 7.50, % mem avail: 92.52)
200000 4011.1723585128784 49.86 q/s (% mem usage: 7.50, % mem avail: 92.52)
200500 4011.216873884201 49.98 q/s (% mem usage: 7.50, % mem avail: 92.52)
201000 4011.261796236038 50.11 q/s (% mem usage: 7.50, % mem avail: 92.52)
201500 4011.3000988960266 50.23 q/s (% mem usage: 7.50, % mem avail: 92.52)
202000 4011.345426797867 50.36 q/s (% mem usage: 7.50, % mem avail: 92.52)
202500 4011.3881180286407 50.48 q/s (% mem usage: 7.50, % mem avail: 92.52)
203000 4011.4390251636505 50.61 q/s (% mem usage: 7.50, % mem avail: 92.52)
203500 4011.48349070549 50.73 q/s (% mem usage: 7.50, % mem avail: 92.52)
204000 4011.5252497196198 50.85 q/s (% mem usage: 7.50, % mem avail: 92.52)
204500 4011.5675613880157 50.98 q/s (% mem usage: 7.50, % mem avail: 92.52)
205000 4011.616751909256 51.10 q/s (% mem usage: 7.50, % mem avail: 92.52)
205500 4011.657895088196 51.23 q/s (% mem usage: 7.50, % mem avail: 92.52)
206000 4011.698442220688 51.35 q/s (% mem usage: 7.50, % mem avail: 92.52)
206500 4011.744544029236 51.47 q/s (% mem usage: 7.50, % mem avail: 92.52)
207000 4011.8037905693054 51.60 q/s (% mem usage: 7.50, % mem avail: 92.52)
207500 4011.843528985977 51.72 q/s (% mem usage: 7.50, % mem avail: 92.52)
208000 4011.903228998184 51.85 q/s (% mem usage: 7.50, % mem avail: 92.52)
208500 4011.940329551697 51.97 q/s (% mem usage: 7.50, % mem avail: 92.52)
209000 4011.9986684322357 52.09 q/s (% mem usage: 7.50, % mem avail: 92.52)
209500 4012.036367893219 52.22 q/s (% mem usage: 7.50, % mem avail: 92.52)
210000 4012.089843273163 52.34 q/s (% mem usage: 7.50, % mem avail: 92.52)
210500 4012.14328622818 52.47 q/s (% mem usage: 7.50, % mem avail: 92.52)
211000 4012.1861848831177 52.59 q/s (% mem usage: 7.50, % mem avail: 92.52)
211500 4012.229843378067 52.71 q/s (% mem usage: 7.50, % mem avail: 92.52)
212000 4012.2792460918427 52.84 q/s (% mem usage: 7.50, % mem avail: 92.52)
212500 4012.3273692131042 52.96 q/s (% mem usage: 7.50, % mem avail: 92.52)
213000 4012.3850433826447 53.09 q/s (% mem usage: 7.50, % mem avail: 92.52)
213500 4012.4268782138824 53.21 q/s (% mem usage: 7.50, % mem avail: 92.52)
214000 4012.471591234207 53.33 q/s (% mem usage: 7.50, % mem avail: 92.52)
214500 4012.5184049606323 53.46 q/s (% mem usage: 7.50, % mem avail: 92.52)
215000 4012.572772502899 53.58 q/s (% mem usage: 7.50, % mem avail: 92.52)
215500 4012.60959649086 53.71 q/s (% mem usage: 7.50, % mem avail: 92.52)
216000 4012.650672674179 53.83 q/s (% mem usage: 7.50, % mem avail: 92.52)
216500 4012.697680711746 53.95 q/s (% mem usage: 7.50, % mem avail: 92.52)
217000 4012.7383477687836 54.08 q/s (% mem usage: 7.50, % mem avail: 92.52)
217500 4012.7813172340393 54.20 q/s (% mem usage: 7.50, % mem avail: 92.52)
218000 4012.826635837555 54.33 q/s (% mem usage: 7.50, % mem avail: 92.52)
218500 4012.863746404648 54.45 q/s (% mem usage: 7.50, % mem avail: 92.52)
219000 4012.921774864197 54.57 q/s (% mem usage: 7.50, % mem avail: 92.52)
219500 4012.968894481659 54.70 q/s (% mem usage: 7.50, % mem avail: 92.52)
220000 4013.016078710556 54.82 q/s (% mem usage: 7.50, % mem avail: 92.52)
220500 4013.0806839466095 54.95 q/s (% mem usage: 7.50, % mem avail: 92.52)
221000 4013.1530408859253 55.07 q/s (% mem usage: 7.50, % mem avail: 92.52)
221500 4013.225652217865 55.19 q/s (% mem usage: 7.50, % mem avail: 92.52)
222000 4013.2959043979645 55.32 q/s (% mem usage: 7.50, % mem avail: 92.52)
222500 4013.349371910095 55.44 q/s (% mem usage: 7.50, % mem avail: 92.52)
223000 4013.3861179351807 55.56 q/s (% mem usage: 7.50, % mem avail: 92.52)
223500 4013.4303743839264 55.69 q/s (% mem usage: 7.50, % mem avail: 92.52)
224000 4013.4692525863647 55.81 q/s (% mem usage: 7.50, % mem avail: 92.53)
224500 4013.5029978752136 55.94 q/s (% mem usage: 7.50, % mem avail: 92.53)
225000 4013.5360069274902 56.06 q/s (% mem usage: 7.50, % mem avail: 92.53)
225500 4013.584654569626 56.18 q/s (% mem usage: 7.50, % mem avail: 92.53)
226000 4013.647055864334 56.31 q/s (% mem usage: 7.50, % mem avail: 92.53)
226500 4013.7142918109894 56.43 q/s (% mem usage: 7.50, % mem avail: 92.53)
227000 4013.8059751987457 56.55 q/s (% mem usage: 7.50, % mem avail: 92.53)
227500 4013.8926479816437 56.68 q/s (% mem usage: 7.50, % mem avail: 92.53)
228000 4013.9676303863525 56.80 q/s (% mem usage: 7.50, % mem avail: 92.53)
228500 4014.0302579402924 56.93 q/s (% mem usage: 7.50, % mem avail: 92.52)
229000 4014.0659580230713 57.05 q/s (% mem usage: 7.50, % mem avail: 92.52)
229500 4014.113292455673 57.17 q/s (% mem usage: 7.50, % mem avail: 92.53)
230000 4014.150801420212 57.30 q/s (% mem usage: 7.50, % mem avail: 92.53)
230500 4014.200663328171 57.42 q/s (% mem usage: 7.50, % mem avail: 92.53)
231000 4014.235602617264 57.55 q/s (% mem usage: 7.50, % mem avail: 92.53)
231500 4014.278473854065 57.67 q/s (% mem usage: 7.50, % mem avail: 92.53)
232000 4014.346081018448 57.79 q/s (% mem usage: 7.50, % mem avail: 92.53)
232500 4014.389009475708 57.92 q/s (% mem usage: 7.50, % mem avail: 92.53)
233000 4014.4628612995148 58.04 q/s (% mem usage: 7.50, % mem avail: 92.53)
233500 4014.533326148987 58.16 q/s (% mem usage: 7.50, % mem avail: 92.53)
234000 4014.5836391448975 58.29 q/s (% mem usage: 7.50, % mem avail: 92.53)
234500 4014.638880968094 58.41 q/s (% mem usage: 7.50, % mem avail: 92.53)
235000 4014.6984219551086 58.53 q/s (% mem usage: 7.50, % mem avail: 92.53)
235500 4014.769462823868 58.66 q/s (% mem usage: 7.50, % mem avail: 92.53)
236000 4014.824609518051 58.78 q/s (% mem usage: 7.50, % mem avail: 92.53)
236500 4014.893386363983 58.91 q/s (% mem usage: 7.50, % mem avail: 92.53)
237000 4014.9349308013916 59.03 q/s (% mem usage: 7.50, % mem avail: 92.53)
237500 4015.0112957954407 59.15 q/s (% mem usage: 7.50, % mem avail: 92.53)
238000 4017.5796563625336 59.24 q/s (% mem usage: 7.50, % mem avail: 92.53)
238500 4017.6400566101074 59.36 q/s (% mem usage: 7.50, % mem avail: 92.53)
239000 4017.697294473648 59.49 q/s (% mem usage: 7.50, % mem avail: 92.53)
239500 4017.7512142658234 59.61 q/s (% mem usage: 7.50, % mem avail: 92.53)
240000 4017.7912430763245 59.73 q/s (% mem usage: 7.50, % mem avail: 92.53)
240500 4017.83176612854 59.86 q/s (% mem usage: 7.50, % mem avail: 92.53)
241000 4017.866575717926 59.98 q/s (% mem usage: 7.50, % mem avail: 92.53)
241500 4017.8990247249603 60.11 q/s (% mem usage: 7.50, % mem avail: 92.53)
242000 4017.9391372203827 60.23 q/s (% mem usage: 7.50, % mem avail: 92.53)
242500 4017.9832108020782 60.35 q/s (% mem usage: 7.50, % mem avail: 92.53)
243000 4018.0245819091797 60.48 q/s (% mem usage: 7.50, % mem avail: 92.53)
243500 4018.0902535915375 60.60 q/s (% mem usage: 7.50, % mem avail: 92.53)
244000 4018.149615764618 60.72 q/s (% mem usage: 7.50, % mem avail: 92.53)
244500 4018.205781698227 60.85 q/s (% mem usage: 7.50, % mem avail: 92.53)
245000 4018.256687402725 60.97 q/s (% mem usage: 7.50, % mem avail: 92.53)
245500 4018.3013892173767 61.10 q/s (% mem usage: 7.50, % mem avail: 92.53)
246000 4018.3445982933044 61.22 q/s (% mem usage: 7.50, % mem avail: 92.53)
246500 4018.3923029899597 61.34 q/s (% mem usage: 7.50, % mem avail: 92.53)
247000 4018.4339463710785 61.47 q/s (% mem usage: 7.50, % mem avail: 92.53)
247500 4018.4755733013153 61.59 q/s (% mem usage: 7.50, % mem avail: 92.53)
248000 4018.5116078853607 61.71 q/s (% mem usage: 7.50, % mem avail: 92.53)
248500 4018.542875766754 61.84 q/s (% mem usage: 7.50, % mem avail: 92.53)
249000 4018.5775849819183 61.96 q/s (% mem usage: 7.50, % mem avail: 92.53)
249500 4018.619347333908 62.09 q/s (% mem usage: 7.50, % mem avail: 92.53)
250000 4018.6699459552765 62.21 q/s (% mem usage: 7.50, % mem avail: 92.53)
250500 4018.7193348407745 62.33 q/s (% mem usage: 7.50, % mem avail: 92.53)
251000 4018.769206762314 62.46 q/s (% mem usage: 7.50, % mem avail: 92.53)
251500 4018.807046175003 62.58 q/s (% mem usage: 7.50, % mem avail: 92.53)
252000 4020.091332912445 62.69 q/s (% mem usage: 7.50, % mem avail: 92.53)
252500 4020.1328649520874 62.81 q/s (% mem usage: 7.50, % mem avail: 92.53)
253000 4020.179094552994 62.93 q/s (% mem usage: 7.50, % mem avail: 92.53)
253500 4020.225409269333 63.06 q/s (% mem usage: 7.50, % mem avail: 92.53)
254000 4020.2815141677856 63.18 q/s (% mem usage: 7.50, % mem avail: 92.54)
254500 4020.3716192245483 63.30 q/s (% mem usage: 7.40, % mem avail: 92.61)
255000 4020.4492979049683 63.43 q/s (% mem usage: 7.40, % mem avail: 92.63)
255500 4020.5265469551086 63.55 q/s (% mem usage: 7.30, % mem avail: 92.70)
256000 4020.6276984214783 63.67 q/s (% mem usage: 7.20, % mem avail: 92.76)
256500 4020.7404158115387 63.79 q/s (% mem usage: 7.10, % mem avail: 92.86)
257000 4020.7879724502563 63.92 q/s (% mem usage: 7.10, % mem avail: 92.90)
257500 4020.8974990844727 64.04 q/s (% mem usage: 7.10, % mem avail: 92.91)
258000 4021.016751050949 64.16 q/s (% mem usage: 7.00, % mem avail: 92.96)
258500 4021.098659515381 64.29 q/s (% mem usage: 7.00, % mem avail: 92.96)
259000 4021.1632084846497 64.41 q/s (% mem usage: 7.00, % mem avail: 92.97)
259500 4021.3476271629333 64.53 q/s (% mem usage: 6.80, % mem avail: 93.23)
260000 4022.2415261268616 64.64 q/s (% mem usage: 6.60, % mem avail: 93.38)
260500 4023.765856742859 64.74 q/s (% mem usage: 6.60, % mem avail: 93.39)
261000 4024.105364561081 64.86 q/s (% mem usage: 6.60, % mem avail: 93.40)
261500 4026.5940215587616 64.94 q/s (% mem usage: 6.60, % mem avail: 93.40)
262000 4026.763790369034 65.06 q/s (% mem usage: 6.60, % mem avail: 93.40)
262500 4027.2477049827576 65.18 q/s (% mem usage: 6.60, % mem avail: 93.40)
263000 4028.0482087135315 65.29 q/s (% mem usage: 6.60, % mem avail: 93.41)
263500 4029.178650856018 65.40 q/s (% mem usage: 6.60, % mem avail: 93.41)
264000 4030.1633615493774 65.51 q/s (% mem usage: 6.60, % mem avail: 93.42)
264500 4030.8927850723267 65.62 q/s (% mem usage: 6.60, % mem avail: 93.42)
265000 4033.2169694900513 65.70 q/s (% mem usage: 6.60, % mem avail: 93.42)
265500 4033.2640640735626 65.83 q/s (% mem usage: 6.60, % mem avail: 93.42)
266000 4035.3293793201447 65.92 q/s (% mem usage: 6.60, % mem avail: 93.43)
266500 4036.0439591407776 66.03 q/s (% mem usage: 6.60, % mem avail: 93.44)
267000 4036.498507499695 66.15 q/s (% mem usage: 6.60, % mem avail: 93.44)
267500 4037.5252463817596 66.25 q/s (% mem usage: 6.50, % mem avail: 93.47)
268000 4037.7258565425873 66.37 q/s (% mem usage: 6.40, % mem avail: 93.60)
268500 4040.397118806839 66.45 q/s (% mem usage: 6.40, % mem avail: 93.60)
269000 4040.4392383098602 66.58 q/s (% mem usage: 6.40, % mem avail: 93.60)
269500 4048.4273188114166 66.57 q/s (% mem usage: 6.40, % mem avail: 93.61)
270000 4048.4807641506195 66.69 q/s (% mem usage: 6.40, % mem avail: 93.61)
270500 4048.526135444641 66.81 q/s (% mem usage: 6.40, % mem avail: 93.61)
271000 4051.508758544922 66.89 q/s (% mem usage: 6.40, % mem avail: 93.61)
271500 4051.5603382587433 67.01 q/s (% mem usage: 6.40, % mem avail: 93.61)
272000 4054.87181019783 67.08 q/s (% mem usage: 6.40, % mem avail: 93.61)
272500 4054.9228053092957 67.20 q/s (% mem usage: 6.40, % mem avail: 93.61)
273000 4054.964781522751 67.32 q/s (% mem usage: 6.40, % mem avail: 93.61)
273500 4056.1985087394714 67.43 q/s (% mem usage: 6.40, % mem avail: 93.60)
274000 4056.2555367946625 67.55 q/s (% mem usage: 6.40, % mem avail: 93.60)
274500 4056.2988164424896 67.67 q/s (% mem usage: 6.40, % mem avail: 93.60)
275000 4056.344446182251 67.80 q/s (% mem usage: 6.40, % mem avail: 93.60)
275500 4056.377865791321 67.92 q/s (% mem usage: 6.40, % mem avail: 93.60)
276000 4056.4168894290924 68.04 q/s (% mem usage: 6.40, % mem avail: 93.61)
276500 4056.449070215225 68.16 q/s (% mem usage: 6.40, % mem avail: 93.61)
277000 4056.5042657852173 68.29 q/s (% mem usage: 6.40, % mem avail: 93.61)
277500 4056.5716326236725 68.41 q/s (% mem usage: 6.40, % mem avail: 93.61)
278000 4058.0806097984314 68.51 q/s (% mem usage: 6.40, % mem avail: 93.61)
278500 4058.1256527900696 68.63 q/s (% mem usage: 6.40, % mem avail: 93.61)
279000 4059.166975259781 68.73 q/s (% mem usage: 6.40, % mem avail: 93.62)
279500 4067.1957409381866 68.72 q/s (% mem usage: 6.40, % mem avail: 93.61)
280000 4067.2913954257965 68.84 q/s (% mem usage: 6.40, % mem avail: 93.61)
280500 4067.3343772888184 68.96 q/s (% mem usage: 6.40, % mem avail: 93.61)
281000 4067.377730369568 69.09 q/s (% mem usage: 6.40, % mem avail: 93.61)
281500 4067.4277863502502 69.21 q/s (% mem usage: 6.40, % mem avail: 93.61)
282000 4067.4756968021393 69.33 q/s (% mem usage: 6.40, % mem avail: 93.61)
282500 4070.9254903793335 69.39 q/s (% mem usage: 6.40, % mem avail: 93.61)
283000 4070.975683927536 69.52 q/s (% mem usage: 6.40, % mem avail: 93.61)
283500 4071.0327434539795 69.64 q/s (% mem usage: 6.40, % mem avail: 93.61)
284000 4071.0927238464355 69.76 q/s (% mem usage: 6.40, % mem avail: 93.62)
284500 4077.776782274246 69.77 q/s (% mem usage: 6.40, % mem avail: 93.62)
285000 4077.8475744724274 69.89 q/s (% mem usage: 6.40, % mem avail: 93.62)
285500 4077.9297342300415 70.01 q/s (% mem usage: 6.40, % mem avail: 93.62)
286000 4078.0160031318665 70.13 q/s (% mem usage: 6.40, % mem avail: 93.62)
286500 4078.07644200325 70.25 q/s (% mem usage: 6.40, % mem avail: 93.62)
287000 4078.1286602020264 70.38 q/s (% mem usage: 6.40, % mem avail: 93.62)
287500 4078.1778495311737 70.50 q/s (% mem usage: 6.40, % mem avail: 93.62)
288000 4078.2247920036316 70.62 q/s (% mem usage: 6.40, % mem avail: 93.62)
288500 4078.268490552902 70.74 q/s (% mem usage: 6.40, % mem avail: 93.62)
289000 4079.212704896927 70.85 q/s (% mem usage: 6.40, % mem avail: 93.62)
289500 4106.278738737106 70.50 q/s (% mem usage: 6.40, % mem avail: 93.61)
290000 4106.379210472107 70.62 q/s (% mem usage: 6.40, % mem avail: 93.61)
290500 4106.443700313568 70.74 q/s (% mem usage: 6.40, % mem avail: 93.61)
291000 4106.49201464653 70.86 q/s (% mem usage: 6.40, % mem avail: 93.61)
291500 4106.536424636841 70.98 q/s (% mem usage: 6.40, % mem avail: 93.61)
292000 4106.571732997894 71.11 q/s (% mem usage: 6.40, % mem avail: 93.61)
292500 4106.601207017899 71.23 q/s (% mem usage: 6.40, % mem avail: 93.61)
293000 4106.631274223328 71.35 q/s (% mem usage: 6.40, % mem avail: 93.61)
293500 4106.660557746887 71.47 q/s (% mem usage: 6.40, % mem avail: 93.61)
294000 4106.68777012825 71.59 q/s (% mem usage: 6.40, % mem avail: 93.61)
294500 4106.72848033905 71.71 q/s (% mem usage: 6.40, % mem avail: 93.61)
295000 4106.796061038971 71.83 q/s (% mem usage: 6.40, % mem avail: 93.61)
295500 4106.847071170807 71.95 q/s (% mem usage: 6.40, % mem avail: 93.61)
296000 4106.879751443863 72.07 q/s (% mem usage: 6.40, % mem avail: 93.61)
296500 4106.917902708054 72.20 q/s (% mem usage: 6.40, % mem avail: 93.61)
297000 4106.96585893631 72.32 q/s (% mem usage: 6.40, % mem avail: 93.61)
297500 4107.006459236145 72.44 q/s (% mem usage: 6.40, % mem avail: 93.61)
298000 4107.04892206192 72.56 q/s (% mem usage: 6.40, % mem avail: 93.61)
298500 4107.093304157257 72.68 q/s (% mem usage: 6.40, % mem avail: 93.61)
299000 4107.142599821091 72.80 q/s (% mem usage: 6.40, % mem avail: 93.61)
299500 4107.189388036728 72.92 q/s (% mem usage: 6.40, % mem avail: 93.61)
300000 4107.264905452728 73.04 q/s (% mem usage: 6.40, % mem avail: 93.61)
300500 4107.317049741745 73.16 q/s (% mem usage: 6.40, % mem avail: 93.61)
301000 4107.360704898834 73.28 q/s (% mem usage: 6.40, % mem avail: 93.61)
301500 4107.403015613556 73.40 q/s (% mem usage: 6.40, % mem avail: 93.61)
302000 4107.446426153183 73.53 q/s (% mem usage: 6.40, % mem avail: 93.61)
302500 4107.4877371788025 73.65 q/s (% mem usage: 6.40, % mem avail: 93.61)
303000 4107.531411886215 73.77 q/s (% mem usage: 6.40, % mem avail: 93.61)
303500 4108.557774782181 73.87 q/s (% mem usage: 6.40, % mem avail: 93.61)
304000 4108.886468172073 73.99 q/s (% mem usage: 6.40, % mem avail: 93.61)
304500 4110.191625595093 74.08 q/s (% mem usage: 6.40, % mem avail: 93.61)
305000 4111.28390955925 74.19 q/s (% mem usage: 6.40, % mem avail: 93.61)
305500 4111.720773696899 74.30 q/s (% mem usage: 6.40, % mem avail: 93.61)
306000 4113.490727424622 74.39 q/s (% mem usage: 6.40, % mem avail: 93.61)
306500 4113.880160808563 74.50 q/s (% mem usage: 6.40, % mem avail: 93.61)
307000 4114.823716163635 74.61 q/s (% mem usage: 6.40, % mem avail: 93.61)
307500 4116.123977422714 74.71 q/s (% mem usage: 6.40, % mem avail: 93.61)
308000 4117.869689464569 74.80 q/s (% mem usage: 6.40, % mem avail: 93.61)
308500 4118.031308412552 74.91 q/s (% mem usage: 6.40, % mem avail: 93.61)
309000 4118.732312202454 75.02 q/s (% mem usage: 6.40, % mem avail: 93.61)
309500 4119.708473920822 75.13 q/s (% mem usage: 6.40, % mem avail: 93.61)
310000 4120.734437704086 75.23 q/s (% mem usage: 6.40, % mem avail: 93.61)
310500 4128.872641801834 75.20 q/s (% mem usage: 6.40, % mem avail: 93.61)
311000 4128.928916931152 75.32 q/s (% mem usage: 6.40, % mem avail: 93.61)
311500 4128.977345228195 75.44 q/s (% mem usage: 6.40, % mem avail: 93.61)
312000 4129.022799015045 75.56 q/s (% mem usage: 6.40, % mem avail: 93.61)
312500 4141.815309286118 75.45 q/s (% mem usage: 6.40, % mem avail: 93.61)
313000 4141.853299856186 75.57 q/s (% mem usage: 6.40, % mem avail: 93.61)
313500 4141.896800279617 75.69 q/s (% mem usage: 6.40, % mem avail: 93.61)
314000 4141.936198234558 75.81 q/s (% mem usage: 6.40, % mem avail: 93.61)
314500 4141.979502439499 75.93 q/s (% mem usage: 6.40, % mem avail: 93.61)
315000 4142.320417642593 76.04 q/s (% mem usage: 6.40, % mem avail: 93.61)
315500 4142.370619297028 76.16 q/s (% mem usage: 6.40, % mem avail: 93.61)
316000 4142.426702976227 76.28 q/s (% mem usage: 6.40, % mem avail: 93.62)
316500 4142.469576835632 76.40 q/s (% mem usage: 6.40, % mem avail: 93.62)
317000 4142.519658088684 76.52 q/s (% mem usage: 6.40, % mem avail: 93.62)
317500 4142.573323726654 76.64 q/s (% mem usage: 6.40, % mem avail: 93.62)
318000 4142.62770819664 76.76 q/s (% mem usage: 6.40, % mem avail: 93.62)
318500 4142.674962043762 76.88 q/s (% mem usage: 6.40, % mem avail: 93.62)
319000 4142.721501588821 77.00 q/s (% mem usage: 6.40, % mem avail: 93.62)
319500 4142.767045259476 77.12 q/s (% mem usage: 6.40, % mem avail: 93.62)
320000 4142.816483736038 77.24 q/s (% mem usage: 6.40, % mem avail: 93.62)
320500 4142.857776403427 77.36 q/s (% mem usage: 6.40, % mem avail: 93.62)
321000 4142.904184103012 77.48 q/s (% mem usage: 6.40, % mem avail: 93.61)
321500 4144.5030291080475 77.57 q/s (% mem usage: 6.40, % mem avail: 93.62)
322000 4144.54610657692 77.69 q/s (% mem usage: 6.40, % mem avail: 93.62)
322500 4145.000600337982 77.80 q/s (% mem usage: 6.40, % mem avail: 93.62)
323000 4176.871580839157 77.33 q/s (% mem usage: 6.40, % mem avail: 93.57)
323500 4176.937206983566 77.45 q/s (% mem usage: 6.40, % mem avail: 93.57)
324000 4176.9818778038025 77.57 q/s (% mem usage: 6.40, % mem avail: 93.57)
324500 4177.014463663101 77.69 q/s (% mem usage: 6.40, % mem avail: 93.57)
325000 4177.053165197372 77.81 q/s (% mem usage: 6.40, % mem avail: 93.57)
325500 4177.087767601013 77.93 q/s (% mem usage: 6.40, % mem avail: 93.57)
326000 4177.122853279114 78.04 q/s (% mem usage: 6.40, % mem avail: 93.57)
326500 4177.237938642502 78.16 q/s (% mem usage: 6.40, % mem avail: 93.57)
327000 4177.307440519333 78.28 q/s (% mem usage: 6.40, % mem avail: 93.57)
327500 4177.345978736877 78.40 q/s (% mem usage: 6.40, % mem avail: 93.57)
328000 4177.39922785759 78.52 q/s (% mem usage: 6.40, % mem avail: 93.57)
328500 4177.448606729507 78.64 q/s (% mem usage: 6.40, % mem avail: 93.57)
329000 4177.4921679496765 78.76 q/s (% mem usage: 6.40, % mem avail: 93.57)
329500 4177.56006860733 78.87 q/s (% mem usage: 6.40, % mem avail: 93.57)
330000 4177.607630968094 78.99 q/s (% mem usage: 6.40, % mem avail: 93.57)
330500 4177.678956985474 79.11 q/s (% mem usage: 6.40, % mem avail: 93.57)
331000 4177.738283395767 79.23 q/s (% mem usage: 6.40, % mem avail: 93.57)
331500 4177.794274806976 79.35 q/s (% mem usage: 6.40, % mem avail: 93.57)
332000 4177.8444402217865 79.47 q/s (% mem usage: 6.40, % mem avail: 93.57)
332500 4177.898433208466 79.59 q/s (% mem usage: 6.40, % mem avail: 93.57)
333000 4177.941172361374 79.70 q/s (% mem usage: 6.40, % mem avail: 93.57)
333500 4177.975274801254 79.82 q/s (% mem usage: 6.40, % mem avail: 93.57)
334000 4178.010723352432 79.94 q/s (% mem usage: 6.40, % mem avail: 93.57)
334500 4178.062764644623 80.06 q/s (% mem usage: 6.40, % mem avail: 93.57)
335000 4178.106321334839 80.18 q/s (% mem usage: 6.40, % mem avail: 93.57)
335500 4178.1508004665375 80.30 q/s (% mem usage: 6.40, % mem avail: 93.57)
336000 4178.203091621399 80.42 q/s (% mem usage: 6.40, % mem avail: 93.57)
336500 4178.241428375244 80.54 q/s (% mem usage: 6.40, % mem avail: 93.57)
337000 4178.276559591293 80.66 q/s (% mem usage: 6.40, % mem avail: 93.57)
337500 4178.329236507416 80.77 q/s (% mem usage: 6.40, % mem avail: 93.57)
338000 4178.369613409042 80.89 q/s (% mem usage: 6.40, % mem avail: 93.57)
338500 4178.4125020504 81.01 q/s (% mem usage: 6.40, % mem avail: 93.57)
339000 4178.894421815872 81.12 q/s (% mem usage: 6.40, % mem avail: 93.57)
339500 4178.945890188217 81.24 q/s (% mem usage: 6.40, % mem avail: 93.57)
340000 4179.112081050873 81.36 q/s (% mem usage: 6.40, % mem avail: 93.58)
340500 4180.135900735855 81.46 q/s (% mem usage: 6.40, % mem avail: 93.59)
341000 4181.0628826618195 81.56 q/s (% mem usage: 6.40, % mem avail: 93.59)
341500 4182.801890134811 81.64 q/s (% mem usage: 6.40, % mem avail: 93.61)
342000 4183.049953699112 81.76 q/s (% mem usage: 6.40, % mem avail: 93.61)
342500 4184.038306474686 81.86 q/s (% mem usage: 6.40, % mem avail: 93.61)
343000 4185.3849902153015 81.95 q/s (% mem usage: 6.40, % mem avail: 93.61)
343500 4186.031981468201 82.06 q/s (% mem usage: 6.40, % mem avail: 93.61)
344000 4187.1549389362335 82.16 q/s (% mem usage: 6.40, % mem avail: 93.61)
344500 4188.846704244614 82.24 q/s (% mem usage: 6.40, % mem avail: 93.61)
345000 4188.940995693207 82.36 q/s (% mem usage: 6.40, % mem avail: 93.61)
345500 4189.957739114761 82.46 q/s (% mem usage: 6.40, % mem avail: 93.62)
346000 4193.673171043396 82.51 q/s (% mem usage: 6.40, % mem avail: 93.62)
346500 4193.720319986343 82.62 q/s (% mem usage: 6.40, % mem avail: 93.62)
347000 4197.127230644226 82.68 q/s (% mem usage: 6.40, % mem avail: 93.62)
347500 4197.169531583786 82.79 q/s (% mem usage: 6.40, % mem avail: 93.62)
348000 4202.611534118652 82.81 q/s (% mem usage: 6.40, % mem avail: 93.62)
348500 4202.661257266998 82.92 q/s (% mem usage: 6.40, % mem avail: 93.62)
349000 4202.723977088928 83.04 q/s (% mem usage: 6.40, % mem avail: 93.62)
349500 4202.792100429535 83.16 q/s (% mem usage: 6.40, % mem avail: 93.62)
350000 4202.842462062836 83.28 q/s (% mem usage: 6.40, % mem avail: 93.62)
350500 4205.7994639873505 83.34 q/s (% mem usage: 6.40, % mem avail: 93.62)
351000 4205.8490200042725 83.46 q/s (% mem usage: 6.40, % mem avail: 93.62)
351500 4205.954366207123 83.57 q/s (% mem usage: 6.40, % mem avail: 93.62)
352000 4205.989673137665 83.69 q/s (% mem usage: 6.40, % mem avail: 93.62)
352500 4206.046984910965 83.81 q/s (% mem usage: 6.40, % mem avail: 93.62)
353000 4206.115500688553 83.93 q/s (% mem usage: 6.40, % mem avail: 93.62)
353500 4206.172590017319 84.04 q/s (% mem usage: 6.40, % mem avail: 93.62)
354000 4206.570713043213 84.15 q/s (% mem usage: 6.40, % mem avail: 93.63)
354500 4209.957757234573 84.21 q/s (% mem usage: 6.40, % mem avail: 93.65)
355000 4209.998925447464 84.32 q/s (% mem usage: 6.40, % mem avail: 93.65)
355500 4210.045908212662 84.44 q/s (% mem usage: 6.40, % mem avail: 93.65)
356000 4212.9303612709045 84.50 q/s (% mem usage: 6.40, % mem avail: 93.65)
356500 4212.975616455078 84.62 q/s (% mem usage: 6.40, % mem avail: 93.65)
357000 4213.017010688782 84.74 q/s (% mem usage: 6.30, % mem avail: 93.65)
357500 4213.206301689148 84.85 q/s (% mem usage: 6.30, % mem avail: 93.65)
358000 4214.066570520401 84.95 q/s (% mem usage: 6.30, % mem avail: 93.65)
358500 4214.881825685501 85.06 q/s (% mem usage: 6.30, % mem avail: 93.65)
359000 4217.223263025284 85.13 q/s (% mem usage: 6.30, % mem avail: 93.65)
359500 4217.270664215088 85.24 q/s (% mem usage: 6.30, % mem avail: 93.65)
360000 4218.057686090469 85.35 q/s (% mem usage: 6.30, % mem avail: 93.65)
360500 4220.206297636032 85.42 q/s (% mem usage: 6.30, % mem avail: 93.65)
361000 4221.121919155121 85.52 q/s (% mem usage: 6.30, % mem avail: 93.65)
361500 4221.165466547012 85.64 q/s (% mem usage: 6.30, % mem avail: 93.65)
362000 4221.805669784546 85.75 q/s (% mem usage: 6.30, % mem avail: 93.65)
362500 4223.0154275894165 85.84 q/s (% mem usage: 6.30, % mem avail: 93.65)
363000 4228.517172574997 85.85 q/s (% mem usage: 6.30, % mem avail: 93.65)
363500 4228.5579833984375 85.96 q/s (% mem usage: 6.30, % mem avail: 93.65)
364000 4228.6035592556 86.08 q/s (% mem usage: 6.30, % mem avail: 93.65)
364500 4228.63917183876 86.20 q/s (% mem usage: 6.30, % mem avail: 93.65)
365000 4228.67321562767 86.32 q/s (% mem usage: 6.30, % mem avail: 93.65)
365500 4232.363979101181 86.36 q/s (% mem usage: 6.30, % mem avail: 93.65)
366000 4232.414192199707 86.48 q/s (% mem usage: 6.30, % mem avail: 93.65)
366500 4232.463876962662 86.59 q/s (% mem usage: 6.30, % mem avail: 93.65)
367000 4233.969743967056 86.68 q/s (% mem usage: 6.30, % mem avail: 93.65)
367500 4234.0206823349 86.80 q/s (% mem usage: 6.30, % mem avail: 93.65)
368000 4234.073110342026 86.91 q/s (% mem usage: 6.30, % mem avail: 93.66)
368500 4234.28749704361 87.03 q/s (% mem usage: 6.30, % mem avail: 93.66)
369000 4236.1785843372345 87.11 q/s (% mem usage: 6.30, % mem avail: 93.66)
369500 4236.788312911987 87.21 q/s (% mem usage: 6.30, % mem avail: 93.66)
370000 4237.33029127121 87.32 q/s (% mem usage: 6.30, % mem avail: 93.66)
370500 4238.278388977051 87.42 q/s (% mem usage: 6.30, % mem avail: 93.66)
371000 4239.397951126099 87.51 q/s (% mem usage: 6.30, % mem avail: 93.66)
371500 4240.350782632828 87.61 q/s (% mem usage: 6.30, % mem avail: 93.66)
372000 4241.3777186870575 87.71 q/s (% mem usage: 6.30, % mem avail: 93.66)
372500 4242.078107833862 87.81 q/s (% mem usage: 6.30, % mem avail: 93.66)
373000 4243.583827495575 87.90 q/s (% mem usage: 6.30, % mem avail: 93.66)
373500 4243.899141550064 88.01 q/s (% mem usage: 6.30, % mem avail: 93.66)
374000 4245.496953248978 88.09 q/s (% mem usage: 6.30, % mem avail: 93.66)
374500 4245.854994535446 88.20 q/s (% mem usage: 6.30, % mem avail: 93.66)
375000 4246.8359932899475 88.30 q/s (% mem usage: 6.30, % mem avail: 93.66)
375500 4249.116881847382 88.37 q/s (% mem usage: 6.30, % mem avail: 93.67)
376000 4249.163937091827 88.49 q/s (% mem usage: 6.30, % mem avail: 93.67)
376500 4249.4830021858215 88.60 q/s (% mem usage: 6.30, % mem avail: 93.67)
377000 4252.948340177536 88.64 q/s (% mem usage: 6.30, % mem avail: 93.67)
377500 4253.002294063568 88.76 q/s (% mem usage: 6.30, % mem avail: 93.67)
378000 4253.045261144638 88.88 q/s (% mem usage: 6.30, % mem avail: 93.67)
378500 4254.890925645828 88.96 q/s (% mem usage: 6.30, % mem avail: 93.67)
379000 4254.9409012794495 89.07 q/s (% mem usage: 6.30, % mem avail: 93.67)
379500 4257.381996393204 89.14 q/s (% mem usage: 6.30, % mem avail: 93.67)
380000 4258.088322877884 89.24 q/s (% mem usage: 6.30, % mem avail: 93.67)
380500 4258.13379073143 89.36 q/s (% mem usage: 6.30, % mem avail: 93.67)
381000 4259.12992978096 89.45 q/s (% mem usage: 6.30, % mem avail: 93.67)
381500 4260.494031667709 89.54 q/s (% mem usage: 6.30, % mem avail: 93.67)
382000 4261.348654270172 89.64 q/s (% mem usage: 6.30, % mem avail: 93.67)
382500 4261.669737100601 89.75 q/s (% mem usage: 6.30, % mem avail: 93.67)
383000 4262.724548816681 89.85 q/s (% mem usage: 6.30, % mem avail: 93.67)
383500 4264.871758699417 89.92 q/s (% mem usage: 6.30, % mem avail: 93.67)
384000 4264.919602870941 90.04 q/s (% mem usage: 6.30, % mem avail: 93.67)
384500 4265.59722495079 90.14 q/s (% mem usage: 6.30, % mem avail: 93.67)
385000 4268.299978494644 90.20 q/s (% mem usage: 6.30, % mem avail: 93.67)
385500 4269.43225312233 90.29 q/s (% mem usage: 6.30, % mem avail: 93.67)
386000 4269.476854801178 90.41 q/s (% mem usage: 6.30, % mem avail: 93.67)
386500 4272.398637056351 90.46 q/s (% mem usage: 6.30, % mem avail: 93.67)
387000 4272.451275110245 90.58 q/s (% mem usage: 6.30, % mem avail: 93.67)
387500 4274.258953332901 90.66 q/s (% mem usage: 6.30, % mem avail: 93.67)
388000 4274.310555458069 90.77 q/s (% mem usage: 6.30, % mem avail: 93.67)
388500 4274.35547876358 90.89 q/s (% mem usage: 6.30, % mem avail: 93.67)
389000 4274.63131403923 91.00 q/s (% mem usage: 6.30, % mem avail: 93.67)
389500 4275.857213020325 91.09 q/s (% mem usage: 6.30, % mem avail: 93.67)
390000 4279.007202386856 91.14 q/s (% mem usage: 6.30, % mem avail: 93.67)
390500 4279.686855316162 91.24 q/s (% mem usage: 6.30, % mem avail: 93.67)
391000 4279.738826274872 91.36 q/s (% mem usage: 6.30, % mem avail: 93.67)
391500 4279.784338235855 91.48 q/s (% mem usage: 6.30, % mem avail: 93.67)
392000 4281.601078987122 91.55 q/s (% mem usage: 6.30, % mem avail: 93.67)
392500 4281.649646282196 91.67 q/s (% mem usage: 6.30, % mem avail: 93.67)
393000 4281.699460506439 91.79 q/s (% mem usage: 6.30, % mem avail: 93.67)
393500 4282.632953166962 91.88 q/s (% mem usage: 6.30, % mem avail: 93.67)
394000 4285.897760629654 91.93 q/s (% mem usage: 6.30, % mem avail: 93.67)
394500 4285.949113368988 92.04 q/s (% mem usage: 6.30, % mem avail: 93.67)
395000 4285.994585990906 92.16 q/s (% mem usage: 6.30, % mem avail: 93.67)
395500 4287.366924285889 92.25 q/s (% mem usage: 6.30, % mem avail: 93.67)
396000 4287.457493066788 92.36 q/s (% mem usage: 6.30, % mem avail: 93.67)
396500 4289.871493577957 92.43 q/s (% mem usage: 6.30, % mem avail: 93.67)
397000 4289.91988158226 92.54 q/s (% mem usage: 6.30, % mem avail: 93.67)
397500 4290.620884180069 92.64 q/s (% mem usage: 6.30, % mem avail: 93.67)
398000 4291.7051956653595 92.74 q/s (% mem usage: 6.30, % mem avail: 93.67)
398500 4292.476729631424 92.84 q/s (% mem usage: 6.30, % mem avail: 93.67)
399000 4294.595448732376 92.91 q/s (% mem usage: 6.30, % mem avail: 93.67)
399500 4294.642060995102 93.02 q/s (% mem usage: 6.30, % mem avail: 93.67)
400000 4296.651056289673 93.10 q/s (% mem usage: 6.30, % mem avail: 93.67)
400500 4296.699600934982 93.21 q/s (% mem usage: 6.30, % mem avail: 93.67)
401000 4297.436892032623 93.31 q/s (% mem usage: 6.30, % mem avail: 93.67)
401500 4299.985900640488 93.37 q/s (% mem usage: 6.30, % mem avail: 93.67)
402000 4300.033498764038 93.49 q/s (% mem usage: 6.30, % mem avail: 93.67)
402500 4300.495482683182 93.59 q/s (% mem usage: 6.30, % mem avail: 93.67)
403000 4302.179029226303 93.67 q/s (% mem usage: 6.30, % mem avail: 93.67)
403500 4302.3433475494385 93.79 q/s (% mem usage: 6.30, % mem avail: 93.67)
404000 4303.380095243454 93.88 q/s (% mem usage: 6.30, % mem avail: 93.68)
404500 4304.494928359985 93.97 q/s (% mem usage: 6.30, % mem avail: 93.68)
405000 4306.051879405975 94.05 q/s (% mem usage: 6.30, % mem avail: 93.68)
405500 4306.511653184891 94.16 q/s (% mem usage: 6.30, % mem avail: 93.68)
406000 4311.777761697769 94.16 q/s (% mem usage: 6.30, % mem avail: 93.68)
406500 4311.8377203941345 94.28 q/s (% mem usage: 6.30, % mem avail: 93.68)
407000 4311.883909463882 94.39 q/s (% mem usage: 6.30, % mem avail: 93.68)
407500 4311.9254949092865 94.51 q/s (% mem usage: 6.30, % mem avail: 93.68)
408000 4313.870809555054 94.58 q/s (% mem usage: 6.30, % mem avail: 93.68)
408500 4313.914958000183 94.69 q/s (% mem usage: 6.30, % mem avail: 93.68)
409000 4313.950355768204 94.81 q/s (% mem usage: 6.30, % mem avail: 93.68)
409500 4314.1663455963135 94.92 q/s (% mem usage: 6.30, % mem avail: 93.68)
410000 4315.835679292679 95.00 q/s (% mem usage: 6.30, % mem avail: 93.68)
410500 4315.967939853668 95.11 q/s (% mem usage: 6.30, % mem avail: 93.68)
411000 4316.902751684189 95.21 q/s (% mem usage: 6.30, % mem avail: 93.68)
411500 4318.878638744354 95.28 q/s (% mem usage: 6.30, % mem avail: 93.68)
412000 4318.930894851685 95.39 q/s (% mem usage: 6.30, % mem avail: 93.68)
412500 4319.807218790054 95.49 q/s (% mem usage: 6.30, % mem avail: 93.68)
413000 4320.82753610611 95.58 q/s (% mem usage: 6.30, % mem avail: 93.68)
413500 4322.308852672577 95.67 q/s (% mem usage: 6.30, % mem avail: 93.68)
414000 4322.648731470108 95.77 q/s (% mem usage: 6.30, % mem avail: 93.68)
414500 4323.60858297348 95.87 q/s (% mem usage: 6.30, % mem avail: 93.68)
415000 4324.643043279648 95.96 q/s (% mem usage: 6.30, % mem avail: 93.68)
415500 4325.546774625778 96.06 q/s (% mem usage: 6.30, % mem avail: 93.68)
416000 4326.842596292496 96.14 q/s (% mem usage: 6.30, % mem avail: 93.68)
416500 4328.427005290985 96.22 q/s (% mem usage: 6.30, % mem avail: 93.68)
417000 4328.474753379822 96.34 q/s (% mem usage: 6.30, % mem avail: 93.68)
417500 4329.3798196315765 96.43 q/s (% mem usage: 6.30, % mem avail: 93.68)
418000 4330.272520780563 96.53 q/s (% mem usage: 6.30, % mem avail: 93.70)
418500 4331.202311992645 96.62 q/s (% mem usage: 6.30, % mem avail: 93.70)
419000 4332.922339916229 96.70 q/s (% mem usage: 6.30, % mem avail: 93.70)
419500 4333.25285077095 96.81 q/s (% mem usage: 6.30, % mem avail: 93.70)
420000 4334.051364898682 96.91 q/s (% mem usage: 6.30, % mem avail: 93.70)
420500 4335.138722419739 97.00 q/s (% mem usage: 6.30, % mem avail: 93.70)
421000 4336.050758123398 97.09 q/s (% mem usage: 6.30, % mem avail: 93.70)
421500 4342.115042924881 97.07 q/s (% mem usage: 6.30, % mem avail: 93.70)
422000 4342.1719653606415 97.19 q/s (% mem usage: 6.30, % mem avail: 93.70)
422500 4342.207825183868 97.30 q/s (% mem usage: 6.30, % mem avail: 93.70)
423000 4342.239961147308 97.42 q/s (% mem usage: 6.30, % mem avail: 93.70)
423500 4342.981310367584 97.51 q/s (% mem usage: 6.30, % mem avail: 93.70)
424000 4343.023210763931 97.63 q/s (% mem usage: 6.30, % mem avail: 93.70)
424500 4344.458572387695 97.71 q/s (% mem usage: 6.30, % mem avail: 93.70)
425000 4344.5012102127075 97.82 q/s (% mem usage: 6.30, % mem avail: 93.70)
425500 4346.51664686203 97.89 q/s (% mem usage: 6.30, % mem avail: 93.70)
426000 4346.560865163803 98.01 q/s (% mem usage: 6.30, % mem avail: 93.70)
426500 4346.608984708786 98.12 q/s (% mem usage: 6.30, % mem avail: 93.70)
427000 4347.798089027405 98.21 q/s (% mem usage: 6.30, % mem avail: 93.70)
427500 4350.247659444809 98.27 q/s (% mem usage: 6.30, % mem avail: 93.70)
428000 4350.481815338135 98.38 q/s (% mem usage: 6.30, % mem avail: 93.70)
428500 4350.533591270447 98.49 q/s (% mem usage: 6.30, % mem avail: 93.70)
429000 4352.39867067337 98.57 q/s (% mem usage: 6.30, % mem avail: 93.70)
429500 4352.453945875168 98.68 q/s (% mem usage: 6.30, % mem avail: 93.70)
430000 4356.955610275269 98.69 q/s (% mem usage: 6.30, % mem avail: 93.70)
430500 4356.999943733215 98.81 q/s (% mem usage: 6.30, % mem avail: 93.70)
431000 4357.053708076477 98.92 q/s (% mem usage: 6.30, % mem avail: 93.70)
431500 4357.099883556366 99.03 q/s (% mem usage: 6.30, % mem avail: 93.70)
432000 4357.499849081039 99.14 q/s (% mem usage: 6.30, % mem avail: 93.70)
432500 4358.27977180481 99.24 q/s (% mem usage: 6.30, % mem avail: 93.70)
433000 4359.300741195679 99.33 q/s (% mem usage: 6.30, % mem avail: 93.70)
433500 4360.311427354813 99.42 q/s (% mem usage: 6.30, % mem avail: 93.70)
434000 4361.388338327408 99.51 q/s (% mem usage: 6.30, % mem avail: 93.70)
434500 4363.196049928665 99.58 q/s (% mem usage: 6.30, % mem avail: 93.70)
435000 4363.241458415985 99.70 q/s (% mem usage: 6.30, % mem avail: 93.70)
435500 4365.183406114578 99.77 q/s (% mem usage: 6.30, % mem avail: 93.70)
436000 4365.233242750168 99.88 q/s (% mem usage: 6.30, % mem avail: 93.70)
436500 4365.937677145004 99.98 q/s (% mem usage: 6.30, % mem avail: 93.70)
437000 4369.252713918686 100.02 q/s (% mem usage: 6.30, % mem avail: 93.70)
437500 4369.30401802063 100.13 q/s (% mem usage: 6.30, % mem avail: 93.70)
438000 4369.347630023956 100.24 q/s (% mem usage: 6.30, % mem avail: 93.70)
438500 4369.80402636528 100.35 q/s (% mem usage: 6.30, % mem avail: 93.70)
439000 4370.721771240234 100.44 q/s (% mem usage: 6.30, % mem avail: 93.70)
439500 4371.745222330093 100.53 q/s (% mem usage: 6.30, % mem avail: 93.71)
440000 4372.635192394257 100.63 q/s (% mem usage: 6.30, % mem avail: 93.71)
440500 4373.508084058762 100.72 q/s (% mem usage: 6.30, % mem avail: 93.71)
441000 4377.562098503113 100.74 q/s (% mem usage: 6.30, % mem avail: 93.71)
441500 4377.608273983002 100.85 q/s (% mem usage: 6.30, % mem avail: 93.71)
442000 4377.643201828003 100.97 q/s (% mem usage: 6.30, % mem avail: 93.71)
442500 4377.695073604584 101.08 q/s (% mem usage: 6.30, % mem avail: 93.71)
443000 4378.600790977478 101.17 q/s (% mem usage: 6.30, % mem avail: 93.71)
443500 4379.291923284531 101.27 q/s (% mem usage: 6.30, % mem avail: 93.71)
444000 4380.391901016235 101.36 q/s (% mem usage: 6.30, % mem avail: 93.71)
444500 4381.75311255455 101.44 q/s (% mem usage: 6.30, % mem avail: 93.71)
445000 4382.101312875748 101.55 q/s (% mem usage: 6.30, % mem avail: 93.71)
445500 4383.368559122086 101.63 q/s (% mem usage: 6.30, % mem avail: 93.71)
446000 4384.197464466095 101.73 q/s (% mem usage: 6.30, % mem avail: 93.71)
446500 4385.229921102524 101.82 q/s (% mem usage: 6.30, % mem avail: 93.71)
447000 4386.194782733917 101.91 q/s (% mem usage: 6.30, % mem avail: 93.71)
447500 4387.933032512665 101.98 q/s (% mem usage: 6.30, % mem avail: 93.71)
448000 4388.416598320007 102.09 q/s (% mem usage: 6.30, % mem avail: 93.71)
448500 4389.109712839127 102.18 q/s (% mem usage: 6.30, % mem avail: 93.71)
449000 4389.920472621918 102.28 q/s (% mem usage: 6.30, % mem avail: 93.71)
449500 4390.974302530289 102.37 q/s (% mem usage: 6.30, % mem avail: 93.71)
450000 4392.466102361679 102.45 q/s (% mem usage: 6.30, % mem avail: 93.71)
450500 4393.144999742508 102.55 q/s (% mem usage: 6.30, % mem avail: 93.71)
451000 4396.614463329315 102.58 q/s (% mem usage: 6.30, % mem avail: 93.71)
451500 4396.665429353714 102.69 q/s (% mem usage: 6.30, % mem avail: 93.71)
452000 4396.718339681625 102.80 q/s (% mem usage: 6.30, % mem avail: 93.71)
452500 4396.770272493362 102.92 q/s (% mem usage: 6.30, % mem avail: 93.71)
453000 4398.14818239212 103.00 q/s (% mem usage: 6.30, % mem avail: 93.71)
453500 4399.104987382889 103.09 q/s (% mem usage: 6.30, % mem avail: 93.71)
454000 4399.334398269653 103.20 q/s (% mem usage: 6.30, % mem avail: 93.71)
454500 4400.427504062653 103.29 q/s (% mem usage: 6.30, % mem avail: 93.71)
455000 4401.328615665436 103.38 q/s (% mem usage: 6.30, % mem avail: 93.71)
455500 4402.314077615738 103.47 q/s (% mem usage: 6.30, % mem avail: 93.71)
456000 4403.23819231987 103.56 q/s (% mem usage: 6.30, % mem avail: 93.71)
456500 4404.323274612427 103.65 q/s (% mem usage: 6.30, % mem avail: 93.71)
457000 4405.302486658096 103.74 q/s (% mem usage: 6.30, % mem avail: 93.71)
457500 4406.354495048523 103.83 q/s (% mem usage: 6.30, % mem avail: 93.71)
458000 4407.314218997955 103.92 q/s (% mem usage: 6.30, % mem avail: 93.71)
458500 4408.181345462799 104.01 q/s (% mem usage: 6.30, % mem avail: 93.71)
459000 4409.116477251053 104.10 q/s (% mem usage: 6.30, % mem avail: 93.71)
459500 4411.38441491127 104.16 q/s (% mem usage: 6.30, % mem avail: 93.71)
460000 4413.444440841675 104.23 q/s (% mem usage: 6.30, % mem avail: 93.71)
460500 4419.317458629608 104.20 q/s (% mem usage: 6.30, % mem avail: 93.71)
461000 4419.371006965637 104.31 q/s (% mem usage: 6.30, % mem avail: 93.71)
461500 4419.424477338791 104.43 q/s (% mem usage: 6.30, % mem avail: 93.71)
462000 4419.483722448349 104.54 q/s (% mem usage: 6.30, % mem avail: 93.71)
462500 4419.539479494095 104.65 q/s (% mem usage: 6.30, % mem avail: 93.71)
463000 4419.59209895134 104.76 q/s (% mem usage: 6.30, % mem avail: 93.71)
463500 4419.646787405014 104.87 q/s (% mem usage: 6.30, % mem avail: 93.71)
464000 4419.689053058624 104.98 q/s (% mem usage: 6.30, % mem avail: 93.71)
464500 4419.81009054184 105.10 q/s (% mem usage: 6.30, % mem avail: 93.71)
465000 4420.767911911011 105.19 q/s (% mem usage: 6.30, % mem avail: 93.71)
465500 4421.725494861603 105.28 q/s (% mem usage: 6.30, % mem avail: 93.71)
466000 4422.782536268234 105.36 q/s (% mem usage: 6.30, % mem avail: 93.71)
466500 4424.2903797626495 105.44 q/s (% mem usage: 6.30, % mem avail: 93.71)
467000 4424.691782712936 105.54 q/s (% mem usage: 6.30, % mem avail: 93.71)
467500 4425.57110619545 105.64 q/s (% mem usage: 6.30, % mem avail: 93.71)
468000 4426.598407745361 105.72 q/s (% mem usage: 6.30, % mem avail: 93.71)
468500 4427.3889372348785 105.82 q/s (% mem usage: 6.30, % mem avail: 93.71)
469000 4428.619869709015 105.90 q/s (% mem usage: 6.30, % mem avail: 93.71)
469500 4432.095469713211 105.93 q/s (% mem usage: 6.30, % mem avail: 93.71)
470000 4432.14445567131 106.04 q/s (% mem usage: 6.30, % mem avail: 93.71)
470500 4432.194357395172 106.16 q/s (% mem usage: 6.30, % mem avail: 93.71)
471000 4432.2482895851135 106.27 q/s (% mem usage: 6.30, % mem avail: 93.71)
471500 4433.138447523117 106.36 q/s (% mem usage: 6.30, % mem avail: 93.71)
472000 4434.0004715919495 106.45 q/s (% mem usage: 6.30, % mem avail: 93.71)
472500 4438.126749992371 106.46 q/s (% mem usage: 6.30, % mem avail: 93.71)
473000 4438.174159288406 106.58 q/s (% mem usage: 6.30, % mem avail: 93.71)
473500 4439.249466896057 106.66 q/s (% mem usage: 6.30, % mem avail: 93.71)
474000 4439.584229469299 106.77 q/s (% mem usage: 6.30, % mem avail: 93.71)
474500 4442.743029594421 106.80 q/s (% mem usage: 6.30, % mem avail: 93.71)
475000 4442.79603433609 106.91 q/s (% mem usage: 6.30, % mem avail: 93.71)
475500 4442.847932338715 107.03 q/s (% mem usage: 6.30, % mem avail: 93.71)
476000 4442.904049396515 107.14 q/s (% mem usage: 6.30, % mem avail: 93.71)
476500 4442.94162774086 107.25 q/s (% mem usage: 6.30, % mem avail: 93.71)
477000 4443.914153814316 107.34 q/s (% mem usage: 6.30, % mem avail: 93.71)
477500 4446.221231937408 107.39 q/s (% mem usage: 6.30, % mem avail: 93.71)
478000 4446.266098499298 107.51 q/s (% mem usage: 6.30, % mem avail: 93.71)
478500 4446.312815666199 107.62 q/s (% mem usage: 6.30, % mem avail: 93.71)
479000 4447.278541326523 107.71 q/s (% mem usage: 6.30, % mem avail: 93.71)
479500 4448.267392873764 107.79 q/s (% mem usage: 6.30, % mem avail: 93.71)
480000 4449.324097633362 107.88 q/s (% mem usage: 6.30, % mem avail: 93.71)
480500 4458.899429798126 107.76 q/s (% mem usage: 6.30, % mem avail: 93.71)
481000 4458.937401771545 107.87 q/s (% mem usage: 6.30, % mem avail: 93.71)
481500 4458.9823207855225 107.98 q/s (% mem usage: 6.30, % mem avail: 93.71)
482000 4459.018994092941 108.10 q/s (% mem usage: 6.30, % mem avail: 93.71)
482500 4459.062436103821 108.21 q/s (% mem usage: 6.30, % mem avail: 93.71)
483000 4459.112704753876 108.32 q/s (% mem usage: 6.30, % mem avail: 93.71)
483500 4459.157825469971 108.43 q/s (% mem usage: 6.30, % mem avail: 93.71)
484000 4459.197877645493 108.54 q/s (% mem usage: 6.30, % mem avail: 93.71)
484500 4459.347957372665 108.65 q/s (% mem usage: 6.30, % mem avail: 93.71)
485000 4459.392727136612 108.76 q/s (% mem usage: 6.30, % mem avail: 93.71)
485500 4460.153955698013 108.85 q/s (% mem usage: 6.30, % mem avail: 93.71)
486000 4461.127999305725 108.94 q/s (% mem usage: 6.30, % mem avail: 93.71)
486500 4462.014186143875 109.03 q/s (% mem usage: 6.30, % mem avail: 93.71)
487000 4463.0427095890045 109.12 q/s (% mem usage: 6.30, % mem avail: 93.71)
487500 4466.3103795051575 109.15 q/s (% mem usage: 6.30, % mem avail: 93.71)
488000 4466.359885215759 109.26 q/s (% mem usage: 6.30, % mem avail: 93.71)
488500 4466.392723798752 109.37 q/s (% mem usage: 6.30, % mem avail: 93.71)
489000 4466.91219496727 109.47 q/s (% mem usage: 6.30, % mem avail: 93.71)
489500 4468.415424823761 109.55 q/s (% mem usage: 6.30, % mem avail: 93.71)
490000 4468.8239731788635 109.65 q/s (% mem usage: 6.30, % mem avail: 93.71)
490500 4474.867671251297 109.61 q/s (% mem usage: 6.30, % mem avail: 93.71)
491000 4474.918335914612 109.72 q/s (% mem usage: 6.30, % mem avail: 93.71)
491500 4474.971452951431 109.83 q/s (% mem usage: 6.30, % mem avail: 93.71)
492000 4475.02025270462 109.94 q/s (% mem usage: 6.30, % mem avail: 93.71)
492500 4475.07608795166 110.05 q/s (% mem usage: 6.30, % mem avail: 93.71)
493000 4475.2148196697235 110.16 q/s (% mem usage: 6.30, % mem avail: 93.71)
493500 4475.570323467255 110.27 q/s (% mem usage: 6.30, % mem avail: 93.71)
494000 4476.508842229843 110.35 q/s (% mem usage: 6.30, % mem avail: 93.71)
494500 4477.477488040924 110.44 q/s (% mem usage: 6.30, % mem avail: 93.71)
495000 4479.290881872177 110.51 q/s (% mem usage: 6.30, % mem avail: 93.70)
495500 4481.742110490799 110.56 q/s (% mem usage: 6.30, % mem avail: 93.70)
496000 4481.794247865677 110.67 q/s (% mem usage: 6.30, % mem avail: 93.70)
496500 4481.842362880707 110.78 q/s (% mem usage: 6.30, % mem avail: 93.70)
497000 4482.411724090576 110.88 q/s (% mem usage: 6.30, % mem avail: 93.71)
497500 4483.342887163162 110.97 q/s (% mem usage: 6.30, % mem avail: 93.71)
498000 4484.589078426361 111.05 q/s (% mem usage: 6.30, % mem avail: 93.71)
498500 4485.415616035461 111.14 q/s (% mem usage: 6.30, % mem avail: 93.71)
499000 4486.714188337326 111.22 q/s (% mem usage: 6.30, % mem avail: 93.71)
499500 4488.452693223953 111.29 q/s (% mem usage: 6.30, % mem avail: 93.71)
500000 4488.837896108627 111.39 q/s (% mem usage: 6.30, % mem avail: 93.71)
500500 4489.416067838669 111.48 q/s (% mem usage: 6.30, % mem avail: 93.71)
501000 4490.469047546387 111.57 q/s (% mem usage: 6.30, % mem avail: 93.71)
501500 4491.562147855759 111.65 q/s (% mem usage: 6.30, % mem avail: 93.71)
502000 4492.452650547028 111.74 q/s (% mem usage: 6.30, % mem avail: 93.71)
502500 4494.86435174942 111.79 q/s (% mem usage: 6.30, % mem avail: 93.71)
503000 4494.953659057617 111.90 q/s (% mem usage: 6.30, % mem avail: 93.71)
503500 4496.175967931747 111.98 q/s (% mem usage: 6.30, % mem avail: 93.71)
504000 4496.381873130798 112.09 q/s (% mem usage: 6.30, % mem avail: 93.71)
504500 4499.035584926605 112.14 q/s (% mem usage: 6.30, % mem avail: 93.71)
505000 4499.085903644562 112.25 q/s (% mem usage: 6.30, % mem avail: 93.71)
505500 4499.228289604187 112.35 q/s (% mem usage: 6.30, % mem avail: 93.71)
506000 4501.473923921585 112.41 q/s (% mem usage: 6.30, % mem avail: 93.71)
506500 4501.515693426132 112.52 q/s (% mem usage: 6.30, % mem avail: 93.71)
507000 4503.589826822281 112.58 q/s (% mem usage: 6.30, % mem avail: 93.71)
507500 4503.635106563568 112.69 q/s (% mem usage: 6.30, % mem avail: 93.71)
508000 4505.020433425903 112.76 q/s (% mem usage: 6.30, % mem avail: 93.71)
508500 4505.105526924133 112.87 q/s (% mem usage: 6.30, % mem avail: 93.71)
509000 4506.093018054962 112.96 q/s (% mem usage: 6.30, % mem avail: 93.71)
509500 4508.152247905731 113.02 q/s (% mem usage: 6.30, % mem avail: 93.71)
510000 4509.4812071323395 113.10 q/s (% mem usage: 6.30, % mem avail: 93.71)
510500 4509.529263973236 113.20 q/s (% mem usage: 6.30, % mem avail: 93.71)
511000 4510.00417804718 113.30 q/s (% mem usage: 6.30, % mem avail: 93.71)
511500 4510.9380049705505 113.39 q/s (% mem usage: 6.30, % mem avail: 93.71)
512000 4511.986040592194 113.48 q/s (% mem usage: 6.30, % mem avail: 93.71)
512500 4513.078606367111 113.56 q/s (% mem usage: 6.30, % mem avail: 93.71)
513000 4513.871344327927 113.65 q/s (% mem usage: 6.30, % mem avail: 93.71)
513500 4514.82538485527 113.74 q/s (% mem usage: 6.30, % mem avail: 93.71)
514000 4515.765246629715 113.82 q/s (% mem usage: 6.30, % mem avail: 93.71)
514500 4517.24790263176 113.90 q/s (% mem usage: 6.30, % mem avail: 93.71)
515000 4517.610430717468 114.00 q/s (% mem usage: 6.30, % mem avail: 93.71)
515500 4518.615882635117 114.08 q/s (% mem usage: 6.30, % mem avail: 93.71)
516000 4519.582713842392 114.17 q/s (% mem usage: 6.30, % mem avail: 93.71)
516500 4520.520912408829 114.26 q/s (% mem usage: 6.30, % mem avail: 93.71)
517000 4523.020068883896 114.30 q/s (% mem usage: 6.30, % mem avail: 93.71)
517500 4523.067340135574 114.41 q/s (% mem usage: 6.30, % mem avail: 93.71)
518000 4523.632612705231 114.51 q/s (% mem usage: 6.30, % mem avail: 93.71)
518500 4524.963109970093 114.59 q/s (% mem usage: 6.30, % mem avail: 93.71)
519000 4525.777513504028 114.68 q/s (% mem usage: 6.30, % mem avail: 93.71)
519500 4528.3759825229645 114.72 q/s (% mem usage: 6.30, % mem avail: 93.71)
520000 4529.1596076488495 114.81 q/s (% mem usage: 6.30, % mem avail: 93.71)
520500 4529.206752061844 114.92 q/s (% mem usage: 6.30, % mem avail: 93.71)
521000 4530.845188140869 114.99 q/s (% mem usage: 6.30, % mem avail: 93.71)
521500 4530.898510217667 115.10 q/s (% mem usage: 6.30, % mem avail: 93.71)
522000 4531.708119392395 115.19 q/s (% mem usage: 6.30, % mem avail: 93.71)
522500 4533.047342538834 115.26 q/s (% mem usage: 6.30, % mem avail: 93.71)
523000 4533.672402620316 115.36 q/s (% mem usage: 6.30, % mem avail: 93.71)
523500 4534.2902908325195 115.45 q/s (% mem usage: 6.30, % mem avail: 93.71)
524000 4535.2980699539185 115.54 q/s (% mem usage: 6.30, % mem avail: 93.71)
524500 4538.907009601593 115.56 q/s (% mem usage: 6.30, % mem avail: 93.71)
525000 4538.956825017929 115.67 q/s (% mem usage: 6.30, % mem avail: 93.71)
525500 4540.413197517395 115.74 q/s (% mem usage: 6.30, % mem avail: 93.71)
526000 4540.458547830582 115.85 q/s (% mem usage: 6.30, % mem avail: 93.71)
526500 4540.505939722061 115.96 q/s (% mem usage: 6.30, % mem avail: 93.71)
527000 4540.952850341797 116.05 q/s (% mem usage: 6.30, % mem avail: 93.71)
527500 4541.876880168915 116.14 q/s (% mem usage: 6.30, % mem avail: 93.71)
528000 4542.842982769012 116.23 q/s (% mem usage: 6.30, % mem avail: 93.71)
528500 4543.79838180542 116.31 q/s (% mem usage: 6.30, % mem avail: 93.71)
529000 4545.003947257996 116.39 q/s (% mem usage: 6.30, % mem avail: 93.71)
529500 4546.672444343567 116.46 q/s (% mem usage: 6.30, % mem avail: 93.71)
530000 4546.741788625717 116.57 q/s (% mem usage: 6.30, % mem avail: 93.71)
530500 4547.664216041565 116.65 q/s (% mem usage: 6.30, % mem avail: 93.71)
531000 4548.628749132156 116.74 q/s (% mem usage: 6.30, % mem avail: 93.71)
531500 4550.192017555237 116.81 q/s (% mem usage: 6.30, % mem avail: 93.71)
532000 4550.586839914322 116.91 q/s (% mem usage: 6.30, % mem avail: 93.71)
532500 4551.517707109451 116.99 q/s (% mem usage: 6.30, % mem avail: 93.71)
533000 4552.501595497131 117.08 q/s (% mem usage: 6.30, % mem avail: 93.71)
533500 4553.5582954883575 117.16 q/s (% mem usage: 6.30, % mem avail: 93.71)
534000 4556.665053367615 117.19 q/s (% mem usage: 6.30, % mem avail: 93.71)
534500 4556.715626955032 117.30 q/s (% mem usage: 6.30, % mem avail: 93.71)
535000 4558.1780834198 117.37 q/s (% mem usage: 6.30, % mem avail: 93.71)
535500 4558.223563194275 117.48 q/s (% mem usage: 6.30, % mem avail: 93.71)
536000 4558.269701004028 117.59 q/s (% mem usage: 6.30, % mem avail: 93.71)
536500 4559.678091049194 117.66 q/s (% mem usage: 6.30, % mem avail: 93.71)
537000 4560.273319244385 117.76 q/s (% mem usage: 6.30, % mem avail: 93.71)
537500 4561.4873213768005 117.83 q/s (% mem usage: 6.30, % mem avail: 93.71)
538000 4562.236181497574 117.92 q/s (% mem usage: 6.30, % mem avail: 93.71)
538500 4563.799579381943 117.99 q/s (% mem usage: 6.30, % mem avail: 93.71)
539000 4565.153854131699 118.07 q/s (% mem usage: 6.30, % mem avail: 93.71)
539500 4565.2070252895355 118.18 q/s (% mem usage: 6.30, % mem avail: 93.71)
540000 4568.127079963684 118.21 q/s (% mem usage: 6.30, % mem avail: 93.71)
540500 4568.176160097122 118.32 q/s (% mem usage: 6.30, % mem avail: 93.71)
541000 4568.226231575012 118.43 q/s (% mem usage: 6.30, % mem avail: 93.71)
541500 4569.09393620491 118.51 q/s (% mem usage: 6.30, % mem avail: 93.71)
542000 4570.078865766525 118.60 q/s (% mem usage: 6.30, % mem avail: 93.71)
542500 4571.018843173981 118.68 q/s (% mem usage: 6.30, % mem avail: 93.71)
543000 4572.86195898056 118.74 q/s (% mem usage: 6.30, % mem avail: 93.71)
543500 4572.907199859619 118.85 q/s (% mem usage: 6.30, % mem avail: 93.71)
544000 4574.948005199432 118.91 q/s (% mem usage: 6.30, % mem avail: 93.71)
544500 4574.994285106659 119.02 q/s (% mem usage: 6.30, % mem avail: 93.71)
545000 4575.694035768509 119.11 q/s (% mem usage: 6.30, % mem avail: 93.71)
545500 4576.597859621048 119.19 q/s (% mem usage: 6.30, % mem avail: 93.71)
546000 4577.532774925232 119.28 q/s (% mem usage: 6.30, % mem avail: 93.71)
546500 4578.76330780983 119.36 q/s (% mem usage: 6.30, % mem avail: 93.71)
547000 4580.696047306061 119.41 q/s (% mem usage: 6.30, % mem avail: 93.71)
547500 4580.744054317474 119.52 q/s (% mem usage: 6.30, % mem avail: 93.71)
548000 4581.634130477905 119.61 q/s (% mem usage: 6.30, % mem avail: 93.71)
548500 4583.593396663666 119.67 q/s (% mem usage: 6.30, % mem avail: 93.71)
549000 4583.640003442764 119.77 q/s (% mem usage: 6.30, % mem avail: 93.71)
549500 4584.977794408798 119.85 q/s (% mem usage: 6.30, % mem avail: 93.71)
550000 4585.401123762131 119.95 q/s (% mem usage: 6.30, % mem avail: 93.71)
550500 4586.2498254776 120.03 q/s (% mem usage: 6.30, % mem avail: 93.71)
551000 4587.3399069309235 120.11 q/s (% mem usage: 6.30, % mem avail: 93.71)
551500 4588.566331386566 120.19 q/s (% mem usage: 6.30, % mem avail: 93.71)
552000 4589.573790550232 120.27 q/s (% mem usage: 6.30, % mem avail: 93.71)
552500 4590.107252597809 120.37 q/s (% mem usage: 6.30, % mem avail: 93.71)
553000 4590.932823419571 120.45 q/s (% mem usage: 6.30, % mem avail: 93.71)
553500 4592.299846410751 120.53 q/s (% mem usage: 6.30, % mem avail: 93.71)
554000 4594.674996614456 120.57 q/s (% mem usage: 6.30, % mem avail: 93.71)
554500 4594.719626903534 120.68 q/s (% mem usage: 6.30, % mem avail: 93.71)
555000 4594.764693260193 120.79 q/s (% mem usage: 6.30, % mem avail: 93.71)
555500 4595.763201951981 120.87 q/s (% mem usage: 6.30, % mem avail: 93.71)
556000 4596.73234629631 120.96 q/s (% mem usage: 6.30, % mem avail: 93.71)
556500 4598.670381069183 121.01 q/s (% mem usage: 6.30, % mem avail: 93.71)
557000 4599.037479877472 121.11 q/s (% mem usage: 6.30, % mem avail: 93.71)
557500 4600.34711432457 121.19 q/s (% mem usage: 6.30, % mem avail: 93.71)
558000 4600.404789924622 121.29 q/s (% mem usage: 6.30, % mem avail: 93.71)
558500 4601.296720504761 121.38 q/s (% mem usage: 6.30, % mem avail: 93.70)
559000 4603.723304271698 121.42 q/s (% mem usage: 6.30, % mem avail: 93.71)
559500 4604.505176782608 121.51 q/s (% mem usage: 6.30, % mem avail: 93.71)
560000 4604.54792881012 121.62 q/s (% mem usage: 6.30, % mem avail: 93.71)
560500 4605.9762279987335 121.69 q/s (% mem usage: 6.30, % mem avail: 93.71)
561000 4606.27627825737 121.79 q/s (% mem usage: 6.30, % mem avail: 93.71)
561500 4607.470670223236 121.87 q/s (% mem usage: 6.30, % mem avail: 93.71)
562000 4609.199381113052 121.93 q/s (% mem usage: 6.30, % mem avail: 93.71)
562500 4609.823074102402 122.02 q/s (% mem usage: 6.30, % mem avail: 93.70)
563000 4610.35444688797 122.12 q/s (% mem usage: 6.30, % mem avail: 93.71)
563500 4613.10137462616 122.15 q/s (% mem usage: 6.30, % mem avail: 93.71)
564000 4613.146790504456 122.26 q/s (% mem usage: 6.30, % mem avail: 93.71)
564500 4614.523174762726 122.33 q/s (% mem usage: 6.30, % mem avail: 93.70)
565000 4615.191385984421 122.42 q/s (% mem usage: 6.30, % mem avail: 93.70)
565500 4615.235670089722 122.53 q/s (% mem usage: 6.30, % mem avail: 93.70)
566000 4616.14814043045 122.61 q/s (% mem usage: 6.30, % mem avail: 93.71)
566500 4617.862932682037 122.68 q/s (% mem usage: 6.30, % mem avail: 93.70)
567000 4617.99617767334 122.78 q/s (% mem usage: 6.30, % mem avail: 93.70)
567500 4618.906183242798 122.86 q/s (% mem usage: 6.30, % mem avail: 93.70)
568000 4620.222072124481 122.94 q/s (% mem usage: 6.30, % mem avail: 93.70)
568500 4620.541181564331 123.04 q/s (% mem usage: 6.30, % mem avail: 93.70)
569000 4621.51562166214 123.12 q/s (% mem usage: 6.30, % mem avail: 93.70)
569500 4623.503852367401 123.17 q/s (% mem usage: 6.30, % mem avail: 93.70)
570000 4632.112772464752 123.05 q/s (% mem usage: 6.30, % mem avail: 93.71)
570500 4632.164227247238 123.16 q/s (% mem usage: 6.30, % mem avail: 93.71)
571000 4632.215651750565 123.27 q/s (% mem usage: 6.30, % mem avail: 93.71)
571500 4632.264698505402 123.37 q/s (% mem usage: 6.30, % mem avail: 93.71)
572000 4632.297456264496 123.48 q/s (% mem usage: 6.30, % mem avail: 93.71)
572500 4632.341716766357 123.59 q/s (% mem usage: 6.30, % mem avail: 93.71)
573000 4632.557265043259 123.69 q/s (% mem usage: 6.30, % mem avail: 93.71)
573500 4632.604113817215 123.80 q/s (% mem usage: 6.30, % mem avail: 93.71)
574000 4632.647493362427 123.90 q/s (% mem usage: 6.30, % mem avail: 93.71)
574500 4632.689424276352 124.01 q/s (% mem usage: 6.30, % mem avail: 93.71)
575000 4633.0992929935455 124.11 q/s (% mem usage: 6.30, % mem avail: 93.71)
575500 4635.774434566498 124.14 q/s (% mem usage: 6.30, % mem avail: 93.71)
576000 4635.8194789886475 124.25 q/s (% mem usage: 6.30, % mem avail: 93.71)
576500 4635.985321044922 124.35 q/s (% mem usage: 6.30, % mem avail: 93.71)
577000 4637.182417392731 124.43 q/s (% mem usage: 6.30, % mem avail: 93.71)
577500 4639.726153612137 124.47 q/s (% mem usage: 6.30, % mem avail: 93.71)
578000 4639.7701296806335 124.58 q/s (% mem usage: 6.30, % mem avail: 93.71)
578500 4641.134932041168 124.65 q/s (% mem usage: 6.30, % mem avail: 93.71)
579000 4641.188412427902 124.75 q/s (% mem usage: 6.30, % mem avail: 93.71)
579500 4642.124655008316 124.84 q/s (% mem usage: 6.30, % mem avail: 93.71)
580000 4642.839950323105 124.92 q/s (% mem usage: 6.30, % mem avail: 93.71)
580500 4643.60099363327 125.01 q/s (% mem usage: 6.30, % mem avail: 93.71)
581000 4644.833436012268 125.09 q/s (% mem usage: 6.30, % mem avail: 93.71)
581500 4645.473901987076 125.18 q/s (% mem usage: 6.30, % mem avail: 93.71)
582000 4646.3338577747345 125.26 q/s (% mem usage: 6.30, % mem avail: 93.71)
582500 4647.395212888718 125.34 q/s (% mem usage: 6.30, % mem avail: 93.71)
583000 4649.298060655594 125.40 q/s (% mem usage: 6.30, % mem avail: 93.71)
583500 4649.3417909145355 125.50 q/s (% mem usage: 6.30, % mem avail: 93.71)
584000 4650.05254983902 125.59 q/s (% mem usage: 6.30, % mem avail: 93.71)
584500 4651.63524889946 125.65 q/s (% mem usage: 6.30, % mem avail: 93.71)
585000 4652.058881521225 125.75 q/s (% mem usage: 6.30, % mem avail: 93.71)
585500 4652.913782596588 125.84 q/s (% mem usage: 6.30, % mem avail: 93.71)
586000 4655.33954668045 125.88 q/s (% mem usage: 6.30, % mem avail: 93.71)
586500 4655.394935369492 125.98 q/s (% mem usage: 6.30, % mem avail: 93.71)
587000 4655.771350622177 126.08 q/s (% mem usage: 6.30, % mem avail: 93.71)
587500 4656.641724824905 126.16 q/s (% mem usage: 6.30, % mem avail: 93.71)
588000 4657.651519775391 126.24 q/s (% mem usage: 6.30, % mem avail: 93.71)
588500 4658.783933639526 126.32 q/s (% mem usage: 6.30, % mem avail: 93.71)
589000 4659.8941123485565 126.40 q/s (% mem usage: 6.30, % mem avail: 93.71)
589500 4660.560528039932 126.49 q/s (% mem usage: 6.30, % mem avail: 93.71)
590000 4662.702533483505 126.54 q/s (% mem usage: 6.30, % mem avail: 93.71)
590500 4662.7564153671265 126.64 q/s (% mem usage: 6.30, % mem avail: 93.71)
591000 4663.1888773441315 126.74 q/s (% mem usage: 6.30, % mem avail: 93.71)
591500 4665.431897163391 126.78 q/s (% mem usage: 6.30, % mem avail: 93.71)
592000 4665.476629495621 126.89 q/s (% mem usage: 6.30, % mem avail: 93.71)
592500 4666.105899572372 126.98 q/s (% mem usage: 6.30, % mem avail: 93.71)
593000 4667.12767624855 127.06 q/s (% mem usage: 6.30, % mem avail: 93.72)
593500 4668.059353351593 127.14 q/s (% mem usage: 6.30, % mem avail: 93.72)
594000 4670.629859209061 127.18 q/s (% mem usage: 6.30, % mem avail: 93.71)
594500 4670.677323102951 127.28 q/s (% mem usage: 6.30, % mem avail: 93.71)
595000 4673.035558462143 127.33 q/s (% mem usage: 6.30, % mem avail: 93.72)
595500 4673.084716796875 127.43 q/s (% mem usage: 6.30, % mem avail: 93.72)
596000 4673.131385087967 127.54 q/s (% mem usage: 6.30, % mem avail: 93.72)
596500 4673.709531545639 127.63 q/s (% mem usage: 6.30, % mem avail: 93.71)
597000 4674.890640974045 127.70 q/s (% mem usage: 6.30, % mem avail: 93.72)
597500 4676.007839918137 127.78 q/s (% mem usage: 6.30, % mem avail: 93.72)
598000 4676.502604961395 127.87 q/s (% mem usage: 6.30, % mem avail: 93.72)
598500 4677.54970574379 127.95 q/s (% mem usage: 6.30, % mem avail: 93.72)
599000 4678.441189050674 128.03 q/s (% mem usage: 6.30, % mem avail: 93.72)
599500 4679.502594232559 128.11 q/s (% mem usage: 6.30, % mem avail: 93.72)
600000 4680.4644656181335 128.19 q/s (% mem usage: 6.30, % mem avail: 93.72)
600500 4681.636104345322 128.27 q/s (% mem usage: 6.30, % mem avail: 93.72)
601000 4682.208452939987 128.36 q/s (% mem usage: 6.30, % mem avail: 93.72)
601500 4683.2880482673645 128.44 q/s (% mem usage: 6.30, % mem avail: 93.72)
602000 4686.594151973724 128.45 q/s (% mem usage: 6.30, % mem avail: 93.72)
602500 4686.645487785339 128.56 q/s (% mem usage: 6.30, % mem avail: 93.72)
603000 4686.690894126892 128.66 q/s (% mem usage: 6.30, % mem avail: 93.72)
603500 4687.106520175934 128.76 q/s (% mem usage: 6.30, % mem avail: 93.72)
604000 4688.192657709122 128.83 q/s (% mem usage: 6.30, % mem avail: 93.72)
604500 4689.191997528076 128.91 q/s (% mem usage: 6.30, % mem avail: 93.72)
605000 4691.900627851486 128.95 q/s (% mem usage: 6.30, % mem avail: 93.72)
605500 4691.949026823044 129.05 q/s (% mem usage: 6.30, % mem avail: 93.72)
606000 4696.179782152176 129.04 q/s (% mem usage: 6.30, % mem avail: 93.72)
606500 4696.234710693359 129.15 q/s (% mem usage: 6.30, % mem avail: 93.72)
607000 4696.286608219147 129.25 q/s (% mem usage: 6.30, % mem avail: 93.71)
607500 4696.34098482132 129.36 q/s (% mem usage: 6.30, % mem avail: 93.71)
608000 4696.38751244545 129.46 q/s (% mem usage: 6.30, % mem avail: 93.72)
608500 4696.941227197647 129.55 q/s (% mem usage: 6.30, % mem avail: 93.72)
609000 4698.010694026947 129.63 q/s (% mem usage: 6.30, % mem avail: 93.72)
609500 4698.936327934265 129.71 q/s (% mem usage: 6.30, % mem avail: 93.72)
610000 4699.825091123581 129.79 q/s (% mem usage: 6.30, % mem avail: 93.72)
610500 4700.847870826721 129.87 q/s (% mem usage: 6.30, % mem avail: 93.72)
611000 4701.927522659302 129.95 q/s (% mem usage: 6.30, % mem avail: 93.72)
611500 4703.052773714066 130.02 q/s (% mem usage: 6.30, % mem avail: 93.72)
612000 4704.571636915207 130.09 q/s (% mem usage: 6.30, % mem avail: 93.72)
612500 4705.09574842453 130.18 q/s (% mem usage: 6.30, % mem avail: 93.72)
613000 4705.999378442764 130.26 q/s (% mem usage: 6.30, % mem avail: 93.72)
613500 4706.924124240875 130.34 q/s (% mem usage: 6.30, % mem avail: 93.72)
614000 4707.822211742401 130.42 q/s (% mem usage: 6.30, % mem avail: 93.72)
614500 4708.79861831665 130.50 q/s (% mem usage: 6.30, % mem avail: 93.72)
615000 4710.7252361774445 130.55 q/s (% mem usage: 6.30, % mem avail: 93.72)
615500 4712.706193685532 130.60 q/s (% mem usage: 6.30, % mem avail: 93.72)
616000 4712.7593495845795 130.71 q/s (% mem usage: 6.30, % mem avail: 93.72)
616500 4714.5622663497925 130.77 q/s (% mem usage: 6.30, % mem avail: 93.71)
617000 4714.616415023804 130.87 q/s (% mem usage: 6.30, % mem avail: 93.71)
617500 4714.737088441849 130.97 q/s (% mem usage: 6.30, % mem avail: 93.72)
618000 4715.786170244217 131.05 q/s (% mem usage: 6.30, % mem avail: 93.71)
618500 4717.150995254517 131.12 q/s (% mem usage: 6.30, % mem avail: 93.71)
619000 4717.486817359924 131.21 q/s (% mem usage: 6.30, % mem avail: 93.71)
619500 4719.108909606934 131.27 q/s (% mem usage: 6.30, % mem avail: 93.71)
620000 4720.575654029846 131.34 q/s (% mem usage: 6.30, % mem avail: 93.71)
620500 4720.622343540192 131.44 q/s (% mem usage: 6.30, % mem avail: 93.71)
621000 4724.920538187027 131.43 q/s (% mem usage: 6.30, % mem avail: 93.71)
621500 4724.973600387573 131.54 q/s (% mem usage: 6.30, % mem avail: 93.71)
622000 4725.026064872742 131.64 q/s (% mem usage: 6.30, % mem avail: 93.71)
622500 4725.073813915253 131.74 q/s (% mem usage: 6.30, % mem avail: 93.71)
623000 4725.139691829681 131.85 q/s (% mem usage: 6.30, % mem avail: 93.71)
623500 4726.072140932083 131.93 q/s (% mem usage: 6.30, % mem avail: 93.71)
624000 4727.82532453537 131.98 q/s (% mem usage: 6.30, % mem avail: 93.71)
624500 4727.874239206314 132.09 q/s (% mem usage: 6.30, % mem avail: 93.71)
625000 4730.74537062645 132.11 q/s (% mem usage: 6.30, % mem avail: 93.71)
625500 4731.087454319 132.21 q/s (% mem usage: 6.30, % mem avail: 93.71)
626000 4731.165039539337 132.31 q/s (% mem usage: 6.30, % mem avail: 93.71)
626500 4731.693576574326 132.41 q/s (% mem usage: 6.30, % mem avail: 93.72)
627000 4732.9619472026825 132.48 q/s (% mem usage: 6.30, % mem avail: 93.72)
627500 4734.015955209732 132.55 q/s (% mem usage: 6.30, % mem avail: 93.72)
628000 4735.512322664261 132.62 q/s (% mem usage: 6.30, % mem avail: 93.72)
628500 4735.974086284637 132.71 q/s (% mem usage: 6.30, % mem avail: 93.72)
629000 4736.400086641312 132.80 q/s (% mem usage: 6.30, % mem avail: 93.72)
629500 4737.270554065704 132.88 q/s (% mem usage: 6.30, % mem avail: 93.72)
630000 4738.388040781021 132.96 q/s (% mem usage: 6.30, % mem avail: 93.72)
630500 4739.9130918979645 133.02 q/s (% mem usage: 6.30, % mem avail: 93.72)
631000 4740.270021915436 133.11 q/s (% mem usage: 6.30, % mem avail: 93.72)
631500 4741.171999692917 133.19 q/s (% mem usage: 6.30, % mem avail: 93.72)
632000 4742.290073633194 133.27 q/s (% mem usage: 6.30, % mem avail: 93.72)
632500 4743.314702987671 133.35 q/s (% mem usage: 6.30, % mem avail: 93.72)
633000 4744.451597213745 133.42 q/s (% mem usage: 6.30, % mem avail: 93.72)
633500 4745.255661249161 133.50 q/s (% mem usage: 6.30, % mem avail: 93.72)
634000 4746.300735235214 133.58 q/s (% mem usage: 6.30, % mem avail: 93.72)
634500 4747.177130937576 133.66 q/s (% mem usage: 6.30, % mem avail: 93.72)
635000 4748.131905794144 133.74 q/s (% mem usage: 6.30, % mem avail: 93.72)
635500 4749.114139795303 133.81 q/s (% mem usage: 6.30, % mem avail: 93.72)
636000 4751.046814918518 133.87 q/s (% mem usage: 6.30, % mem avail: 93.72)
636500 4751.541994571686 133.96 q/s (% mem usage: 6.30, % mem avail: 93.72)
637000 4753.168789863586 134.02 q/s (% mem usage: 6.30, % mem avail: 93.72)
637500 4753.8134887218475 134.10 q/s (% mem usage: 6.30, % mem avail: 93.72)
638000 4753.861820697784 134.21 q/s (% mem usage: 6.30, % mem avail: 93.72)
638500 4755.719512224197 134.26 q/s (% mem usage: 6.30, % mem avail: 93.72)
639000 4755.765865564346 134.36 q/s (% mem usage: 6.30, % mem avail: 93.72)
639500 4756.594655275345 134.44 q/s (% mem usage: 6.30, % mem avail: 93.73)
640000 4757.595089912415 134.52 q/s (% mem usage: 6.30, % mem avail: 93.73)
640500 4758.619909286499 134.60 q/s (% mem usage: 6.30, % mem avail: 93.73)
641000 4759.656730175018 134.67 q/s (% mem usage: 6.30, % mem avail: 93.73)
641500 4761.169773578644 134.74 q/s (% mem usage: 6.30, % mem avail: 93.73)
642000 4761.282124519348 134.84 q/s (% mem usage: 6.30, % mem avail: 93.73)
642500 4762.1324417591095 134.92 q/s (% mem usage: 6.30, % mem avail: 93.73)
643000 4765.656064033508 134.92 q/s (% mem usage: 6.30, % mem avail: 93.73)
643500 4765.744795322418 135.03 q/s (% mem usage: 6.30, % mem avail: 93.73)
644000 4766.72349691391 135.10 q/s (% mem usage: 6.30, % mem avail: 93.73)
644500 4766.897793292999 135.20 q/s (% mem usage: 6.30, % mem avail: 93.73)
645000 4768.127880573273 135.27 q/s (% mem usage: 6.30, % mem avail: 93.73)
645500 4768.179000854492 135.38 q/s (% mem usage: 6.30, % mem avail: 93.73)
646000 4770.100332975388 135.43 q/s (% mem usage: 6.30, % mem avail: 93.73)
646500 4770.149513244629 135.53 q/s (% mem usage: 6.30, % mem avail: 93.73)
647000 4771.93959903717 135.58 q/s (% mem usage: 6.30, % mem avail: 93.73)
647500 4771.985488891602 135.69 q/s (% mem usage: 6.30, % mem avail: 93.73)
648000 4772.694081544876 135.77 q/s (% mem usage: 6.30, % mem avail: 93.73)
648500 4774.502148866653 135.83 q/s (% mem usage: 6.30, % mem avail: 93.73)
649000 4775.146884679794 135.91 q/s (% mem usage: 6.30, % mem avail: 93.73)
649500 4775.717196941376 136.00 q/s (% mem usage: 6.30, % mem avail: 93.73)
650000 4777.708186626434 136.05 q/s (% mem usage: 6.30, % mem avail: 93.73)
650500 4781.746812343597 136.04 q/s (% mem usage: 6.30, % mem avail: 93.73)
651000 4781.795517683029 136.14 q/s (% mem usage: 6.30, % mem avail: 93.73)
651500 4781.840651512146 136.24 q/s (% mem usage: 6.30, % mem avail: 93.73)
652000 4781.881963968277 136.35 q/s (% mem usage: 6.30, % mem avail: 93.73)
652500 4781.914579153061 136.45 q/s (% mem usage: 6.30, % mem avail: 93.73)
653000 4784.56792473793 136.48 q/s (% mem usage: 6.30, % mem avail: 93.73)
653500 4784.622150421143 136.58 q/s (% mem usage: 6.30, % mem avail: 93.73)
654000 4785.984153985977 136.65 q/s (% mem usage: 6.30, % mem avail: 93.73)
654500 4786.028108596802 136.75 q/s (% mem usage: 6.30, % mem avail: 93.73)
655000 4786.474446773529 136.84 q/s (% mem usage: 6.30, % mem avail: 93.73)
655500 4787.40660572052 136.92 q/s (% mem usage: 6.30, % mem avail: 93.73)
656000 4788.320337772369 137.00 q/s (% mem usage: 6.30, % mem avail: 93.73)
656500 4789.254071235657 137.08 q/s (% mem usage: 6.30, % mem avail: 93.73)
657000 4790.091388225555 137.16 q/s (% mem usage: 6.30, % mem avail: 93.73)
657500 4791.081544876099 137.23 q/s (% mem usage: 6.30, % mem avail: 93.73)
658000 4792.03061580658 137.31 q/s (% mem usage: 6.30, % mem avail: 93.73)
658500 4793.107983112335 137.38 q/s (% mem usage: 6.30, % mem avail: 93.73)
659000 4794.835657596588 137.44 q/s (% mem usage: 6.30, % mem avail: 93.73)
659500 4795.142036914825 137.54 q/s (% mem usage: 6.30, % mem avail: 93.73)
660000 4795.988919734955 137.61 q/s (% mem usage: 6.30, % mem avail: 93.73)
660500 4797.195099830627 137.68 q/s (% mem usage: 6.30, % mem avail: 93.73)
661000 4798.0950384140015 137.76 q/s (% mem usage: 6.30, % mem avail: 93.73)
661500 4798.83337521553 137.85 q/s (% mem usage: 6.30, % mem avail: 93.73)
662000 4799.880237579346 137.92 q/s (% mem usage: 6.30, % mem avail: 93.73)
662500 4800.9221177101135 137.99 q/s (% mem usage: 6.30, % mem avail: 93.73)
663000 4804.218300580978 138.00 q/s (% mem usage: 6.30, % mem avail: 93.73)
663500 4804.267091751099 138.11 q/s (% mem usage: 6.30, % mem avail: 93.73)
664000 4804.318568229675 138.21 q/s (% mem usage: 6.30, % mem avail: 93.73)
664500 4804.89936375618 138.30 q/s (% mem usage: 6.30, % mem avail: 93.73)
665000 4806.818145036697 138.35 q/s (% mem usage: 6.30, % mem avail: 93.73)
665500 4806.859855890274 138.45 q/s (% mem usage: 6.30, % mem avail: 93.73)
666000 4807.723526239395 138.53 q/s (% mem usage: 6.30, % mem avail: 93.73)
666500 4808.546625375748 138.61 q/s (% mem usage: 6.30, % mem avail: 93.73)
667000 4809.525537490845 138.68 q/s (% mem usage: 6.30, % mem avail: 93.73)
667500 4810.487591266632 138.76 q/s (% mem usage: 6.30, % mem avail: 93.73)
668000 4811.507673025131 138.83 q/s (% mem usage: 6.30, % mem avail: 93.73)
668500 4812.680012226105 138.90 q/s (% mem usage: 6.30, % mem avail: 93.73)
669000 4813.5727961063385 138.98 q/s (% mem usage: 6.30, % mem avail: 93.73)
669500 4814.846012830734 139.05 q/s (% mem usage: 6.30, % mem avail: 93.73)
670000 4815.779231309891 139.13 q/s (% mem usage: 6.30, % mem avail: 93.73)
670500 4816.506976604462 139.21 q/s (% mem usage: 6.30, % mem avail: 93.73)
671000 4817.074640989304 139.30 q/s (% mem usage: 6.30, % mem avail: 93.73)
671500 4818.127500295639 139.37 q/s (% mem usage: 6.30, % mem avail: 93.73)
672000 4819.108355522156 139.44 q/s (% mem usage: 6.30, % mem avail: 93.73)
672500 4820.501393556595 139.51 q/s (% mem usage: 6.30, % mem avail: 93.73)
673000 4822.624811410904 139.55 q/s (% mem usage: 6.30, % mem avail: 93.73)
673500 4822.677751302719 139.65 q/s (% mem usage: 6.30, % mem avail: 93.73)
674000 4823.648628234863 139.73 q/s (% mem usage: 6.30, % mem avail: 93.73)
674500 4824.075325489044 139.82 q/s (% mem usage: 6.30, % mem avail: 93.73)
675000 4825.041403055191 139.90 q/s (% mem usage: 6.30, % mem avail: 93.73)
675500 4826.002297639847 139.97 q/s (% mem usage: 6.30, % mem avail: 93.73)
676000 4827.066702604294 140.04 q/s (% mem usage: 6.30, % mem avail: 93.73)
676500 4827.99923825264 140.12 q/s (% mem usage: 6.30, % mem avail: 93.73)
677000 4828.937569141388 140.20 q/s (% mem usage: 6.30, % mem avail: 93.73)
677500 4829.885157108307 140.27 q/s (% mem usage: 6.30, % mem avail: 93.73)
678000 4830.820162057877 140.35 q/s (% mem usage: 6.30, % mem avail: 93.73)
678500 4832.335915803909 140.41 q/s (% mem usage: 6.30, % mem avail: 93.73)
679000 4832.592405557632 140.50 q/s (% mem usage: 6.30, % mem avail: 93.73)
679500 4833.587797164917 140.58 q/s (% mem usage: 6.30, % mem avail: 93.73)
680000 4835.536430358887 140.63 q/s (% mem usage: 6.30, % mem avail: 93.73)
680500 4837.041565895081 140.69 q/s (% mem usage: 6.30, % mem avail: 93.73)
681000 4837.087094068527 140.79 q/s (% mem usage: 6.30, % mem avail: 93.73)
681500 4837.4293217659 140.88 q/s (% mem usage: 6.30, % mem avail: 93.73)
682000 4838.360985040665 140.96 q/s (% mem usage: 6.30, % mem avail: 93.73)
682500 4839.332948207855 141.03 q/s (% mem usage: 6.30, % mem avail: 93.73)
683000 4840.197674512863 141.11 q/s (% mem usage: 6.30, % mem avail: 93.73)
683500 4842.0154712200165 141.16 q/s (% mem usage: 6.30, % mem avail: 93.73)
684000 4842.7637186050415 141.24 q/s (% mem usage: 6.30, % mem avail: 93.73)
684500 4843.833182096481 141.31 q/s (% mem usage: 6.30, % mem avail: 93.73)
685000 4843.998409032822 141.41 q/s (% mem usage: 6.30, % mem avail: 93.73)
685500 4844.9584419727325 141.49 q/s (% mem usage: 6.30, % mem avail: 93.73)
686000 4845.820915222168 141.57 q/s (% mem usage: 6.30, % mem avail: 93.73)
686500 4846.938034057617 141.64 q/s (% mem usage: 6.30, % mem avail: 93.73)
687000 4847.716583967209 141.72 q/s (% mem usage: 6.30, % mem avail: 93.73)
687500 4849.016254901886 141.78 q/s (% mem usage: 6.30, % mem avail: 93.73)
688000 4849.66140794754 141.87 q/s (% mem usage: 6.30, % mem avail: 93.73)
688500 4851.500123023987 141.91 q/s (% mem usage: 6.30, % mem avail: 93.73)
689000 4851.559801578522 142.02 q/s (% mem usage: 6.30, % mem avail: 93.73)
689500 4853.78821516037 142.05 q/s (% mem usage: 6.30, % mem avail: 93.73)
690000 4853.831019639969 142.16 q/s (% mem usage: 6.30, % mem avail: 93.73)
690500 4854.2365000247955 142.25 q/s (% mem usage: 6.30, % mem avail: 93.73)
691000 4855.179001092911 142.32 q/s (% mem usage: 6.30, % mem avail: 93.73)
691500 4856.150232553482 142.40 q/s (% mem usage: 6.30, % mem avail: 93.73)
692000 4857.110445261002 142.47 q/s (% mem usage: 6.30, % mem avail: 93.73)
692500 4858.008364439011 142.55 q/s (% mem usage: 6.30, % mem avail: 93.73)
693000 4859.057906627655 142.62 q/s (% mem usage: 6.30, % mem avail: 93.73)
693500 4860.163427829742 142.69 q/s (% mem usage: 6.30, % mem avail: 93.73)
694000 4860.999820947647 142.77 q/s (% mem usage: 6.30, % mem avail: 93.73)
694500 4862.011435270309 142.84 q/s (% mem usage: 6.30, % mem avail: 93.73)
695000 4862.902282476425 142.92 q/s (% mem usage: 6.30, % mem avail: 93.73)
695500 4864.365132331848 142.98 q/s (% mem usage: 6.30, % mem avail: 93.73)
696000 4866.309653520584 143.02 q/s (% mem usage: 6.30, % mem avail: 93.73)
696500 4867.742657899857 143.08 q/s (% mem usage: 6.30, % mem avail: 93.73)
697000 4867.786074399948 143.19 q/s (% mem usage: 6.30, % mem avail: 93.73)
697500 4869.52790760994 143.24 q/s (% mem usage: 6.30, % mem avail: 93.73)
698000 4869.579520702362 143.34 q/s (% mem usage: 6.30, % mem avail: 93.73)
698500 4869.7489376068115 143.44 q/s (% mem usage: 6.30, % mem avail: 93.73)
699000 4870.712918281555 143.51 q/s (% mem usage: 6.30, % mem avail: 93.73)
699500 4871.752131223679 143.58 q/s (% mem usage: 6.30, % mem avail: 93.73)
700000 4872.67911362648 143.66 q/s (% mem usage: 6.30, % mem avail: 93.73)
700500 4873.565450191498 143.73 q/s (% mem usage: 6.30, % mem avail: 93.73)
701000 4874.697009086609 143.80 q/s (% mem usage: 6.30, % mem avail: 93.73)
701500 4876.219704627991 143.86 q/s (% mem usage: 6.30, % mem avail: 93.73)
702000 4876.829222202301 143.95 q/s (% mem usage: 6.30, % mem avail: 93.73)
702500 4877.519508123398 144.03 q/s (% mem usage: 6.30, % mem avail: 93.73)
703000 4880.827754497528 144.03 q/s (% mem usage: 6.30, % mem avail: 93.73)
703500 4880.873640298843 144.13 q/s (% mem usage: 6.30, % mem avail: 93.73)
704000 4880.919827699661 144.24 q/s (% mem usage: 6.30, % mem avail: 93.73)
704500 4881.660531997681 144.32 q/s (% mem usage: 6.30, % mem avail: 93.73)
705000 4882.946410179138 144.38 q/s (% mem usage: 6.30, % mem avail: 93.73)
705500 4883.386865854263 144.47 q/s (% mem usage: 6.30, % mem avail: 93.73)
706000 4886.143552780151 144.49 q/s (% mem usage: 6.30, % mem avail: 93.72)
706500 4886.188057899475 144.59 q/s (% mem usage: 6.30, % mem avail: 93.72)
707000 4886.347053289413 144.69 q/s (% mem usage: 6.30, % mem avail: 93.72)
707500 4887.271124362946 144.76 q/s (% mem usage: 6.30, % mem avail: 93.72)
708000 4889.014302015305 144.81 q/s (% mem usage: 6.30, % mem avail: 93.72)
708500 4889.0596668720245 144.92 q/s (% mem usage: 6.30, % mem avail: 93.72)
709000 4889.82314991951 145.00 q/s (% mem usage: 6.30, % mem avail: 93.72)
709500 4890.738465309143 145.07 q/s (% mem usage: 6.30, % mem avail: 93.72)
710000 4891.6640338897705 145.14 q/s (% mem usage: 6.30, % mem avail: 93.73)
710500 4894.177714109421 145.17 q/s (% mem usage: 6.30, % mem avail: 93.74)
711000 4894.221386671066 145.27 q/s (% mem usage: 6.30, % mem avail: 93.74)
711500 4894.408315181732 145.37 q/s (% mem usage: 6.30, % mem avail: 93.74)
712000 4895.7560205459595 145.43 q/s (% mem usage: 6.30, % mem avail: 93.74)
712500 4896.3929488658905 145.52 q/s (% mem usage: 6.30, % mem avail: 93.73)
713000 4897.278434753418 145.59 q/s (% mem usage: 6.30, % mem avail: 93.73)
713500 4898.214039325714 145.67 q/s (% mem usage: 6.30, % mem avail: 93.73)
714000 4899.328578472137 145.73 q/s (% mem usage: 6.30, % mem avail: 93.73)
714500 4900.181292057037 145.81 q/s (% mem usage: 6.30, % mem avail: 93.73)
715000 4901.17106294632 145.88 q/s (% mem usage: 6.30, % mem avail: 93.73)
715500 4902.0656905174255 145.96 q/s (% mem usage: 6.30, % mem avail: 93.73)
716000 4905.243978261948 145.97 q/s (% mem usage: 6.30, % mem avail: 93.73)
716500 4905.609464168549 146.06 q/s (% mem usage: 6.30, % mem avail: 93.73)
717000 4907.205379486084 146.11 q/s (% mem usage: 6.30, % mem avail: 93.73)
717500 4907.254485845566 146.21 q/s (% mem usage: 6.30, % mem avail: 93.73)
718000 4907.303411245346 146.31 q/s (% mem usage: 6.30, % mem avail: 93.73)
718500 4907.478449344635 146.41 q/s (% mem usage: 6.30, % mem avail: 93.73)
719000 4908.505958557129 146.48 q/s (% mem usage: 6.30, % mem avail: 93.73)
719500 4909.548099756241 146.55 q/s (% mem usage: 6.30, % mem avail: 93.73)
720000 4910.542584180832 146.62 q/s (% mem usage: 6.30, % mem avail: 93.73)
720500 4911.535402536392 146.70 q/s (% mem usage: 6.30, % mem avail: 93.73)
721000 4912.6120319366455 146.77 q/s (% mem usage: 6.30, % mem avail: 93.73)
721500 4913.607909679413 146.84 q/s (% mem usage: 6.30, % mem avail: 93.73)
722000 4915.6339473724365 146.88 q/s (% mem usage: 6.30, % mem avail: 93.72)
722500 4915.682008981705 146.98 q/s (% mem usage: 6.30, % mem avail: 93.72)
723000 4916.361551761627 147.06 q/s (% mem usage: 6.30, % mem avail: 93.72)
723500 4918.774738550186 147.09 q/s (% mem usage: 6.30, % mem avail: 93.72)
724000 4918.815511465073 147.19 q/s (% mem usage: 6.30, % mem avail: 93.72)
724500 4920.734356641769 147.23 q/s (% mem usage: 6.30, % mem avail: 93.72)
725000 4920.778495311737 147.33 q/s (% mem usage: 6.30, % mem avail: 93.72)
725500 4921.880703210831 147.40 q/s (% mem usage: 6.30, % mem avail: 93.72)
726000 4922.019149780273 147.50 q/s (% mem usage: 6.30, % mem avail: 93.72)
726500 4922.909317016602 147.58 q/s (% mem usage: 6.30, % mem avail: 93.72)
727000 4923.791328191757 147.65 q/s (% mem usage: 6.30, % mem avail: 93.72)
727500 4924.82700586319 147.72 q/s (% mem usage: 6.30, % mem avail: 93.72)
728000 4925.810751914978 147.79 q/s (% mem usage: 6.30, % mem avail: 93.72)
728500 4926.734982728958 147.87 q/s (% mem usage: 6.30, % mem avail: 93.72)
729000 4927.695281267166 147.94 q/s (% mem usage: 6.30, % mem avail: 93.72)
729500 4929.122100114822 148.00 q/s (% mem usage: 6.30, % mem avail: 93.72)
730000 4929.585250139236 148.09 q/s (% mem usage: 6.30, % mem avail: 93.74)
730500 4930.507122039795 148.16 q/s (% mem usage: 6.30, % mem avail: 93.74)
731000 4931.595356702805 148.23 q/s (% mem usage: 6.30, % mem avail: 93.74)
731500 4932.481178283691 148.30 q/s (% mem usage: 6.30, % mem avail: 93.74)
732000 4933.494891643524 148.37 q/s (% mem usage: 6.30, % mem avail: 93.74)
732500 4934.89307975769 148.43 q/s (% mem usage: 6.30, % mem avail: 93.74)
733000 4936.151903867722 148.50 q/s (% mem usage: 6.30, % mem avail: 93.74)
733500 4937.39054441452 148.56 q/s (% mem usage: 6.30, % mem avail: 93.74)
734000 4939.265877962112 148.61 q/s (% mem usage: 6.30, % mem avail: 93.74)
734500 4939.783216714859 148.69 q/s (% mem usage: 6.30, % mem avail: 93.73)
735000 4939.824704408646 148.79 q/s (% mem usage: 6.30, % mem avail: 93.73)
735500 4940.250860214233 148.88 q/s (% mem usage: 6.30, % mem avail: 93.73)
736000 4941.334072351456 148.95 q/s (% mem usage: 6.30, % mem avail: 93.73)
736500 4942.16445684433 149.02 q/s (% mem usage: 6.30, % mem avail: 93.73)
737000 4943.032986402512 149.10 q/s (% mem usage: 6.30, % mem avail: 93.74)
737500 4944.049910545349 149.17 q/s (% mem usage: 6.30, % mem avail: 93.74)
738000 4946.55858874321 149.19 q/s (% mem usage: 6.30, % mem avail: 93.74)
738500 4946.604617834091 149.29 q/s (% mem usage: 6.30, % mem avail: 93.74)
739000 4947.768817186356 149.36 q/s (% mem usage: 6.30, % mem avail: 93.74)
739500 4947.823878765106 149.46 q/s (% mem usage: 6.30, % mem avail: 93.74)
740000 4948.812294721603 149.53 q/s (% mem usage: 6.30, % mem avail: 93.74)
740500 4949.754630565643 149.60 q/s (% mem usage: 6.30, % mem avail: 93.74)
741000 4951.3058087825775 149.66 q/s (% mem usage: 6.30, % mem avail: 93.74)
741500 4953.243395328522 149.70 q/s (% mem usage: 6.30, % mem avail: 93.74)
742000 4953.289505004883 149.80 q/s (% mem usage: 6.30, % mem avail: 93.75)
742500 4955.508089065552 149.83 q/s (% mem usage: 6.30, % mem avail: 93.75)
743000 4955.554800033569 149.93 q/s (% mem usage: 6.30, % mem avail: 93.75)
743500 4955.7009954452515 150.03 q/s (% mem usage: 6.30, % mem avail: 93.75)
744000 4956.551207542419 150.10 q/s (% mem usage: 6.30, % mem avail: 93.74)
744500 4957.562939167023 150.17 q/s (% mem usage: 6.30, % mem avail: 93.74)
745000 4958.539894580841 150.25 q/s (% mem usage: 6.30, % mem avail: 93.74)
745500 4959.394406557083 150.32 q/s (% mem usage: 6.30, % mem avail: 93.74)
746000 4960.3630883693695 150.39 q/s (% mem usage: 6.30, % mem avail: 93.74)
746500 4961.345612049103 150.46 q/s (% mem usage: 6.30, % mem avail: 93.74)
747000 4962.226887464523 150.54 q/s (% mem usage: 6.30, % mem avail: 93.74)
747500 4963.11292552948 150.61 q/s (% mem usage: 6.30, % mem avail: 93.74)
748000 4964.899603843689 150.66 q/s (% mem usage: 6.30, % mem avail: 93.75)
748500 4965.224608421326 150.75 q/s (% mem usage: 6.30, % mem avail: 93.75)
749000 4966.16486287117 150.82 q/s (% mem usage: 6.30, % mem avail: 93.74)
749500 4967.153358221054 150.89 q/s (% mem usage: 6.30, % mem avail: 93.74)
750000 4968.57253241539 150.95 q/s (% mem usage: 6.30, % mem avail: 93.74)
750500 4970.996630907059 150.98 q/s (% mem usage: 6.30, % mem avail: 93.74)
751000 4971.0414955616 151.07 q/s (% mem usage: 6.30, % mem avail: 93.74)
751500 4971.910556316376 151.15 q/s (% mem usage: 6.30, % mem avail: 93.74)
752000 4971.992485523224 151.25 q/s (% mem usage: 6.30, % mem avail: 93.74)
752500 4972.975820541382 151.32 q/s (% mem usage: 6.30, % mem avail: 93.74)
753000 4975.57173204422 151.34 q/s (% mem usage: 6.30, % mem avail: 93.74)
753500 4975.6239693164825 151.44 q/s (% mem usage: 6.30, % mem avail: 93.74)
754000 4976.274707555771 151.52 q/s (% mem usage: 6.30, % mem avail: 93.74)
754500 4976.870235443115 151.60 q/s (% mem usage: 6.30, % mem avail: 93.74)
755000 4978.6028842926025 151.65 q/s (% mem usage: 6.30, % mem avail: 93.74)
755500 4978.853231430054 151.74 q/s (% mem usage: 6.30, % mem avail: 93.74)
756000 4980.989808797836 151.78 q/s (% mem usage: 6.30, % mem avail: 93.74)
756500 4981.68074297905 151.86 q/s (% mem usage: 6.30, % mem avail: 93.74)
757000 4983.627329587936 151.90 q/s (% mem usage: 6.30, % mem avail: 93.73)
757500 4983.677498817444 152.00 q/s (% mem usage: 6.30, % mem avail: 93.73)
758000 4983.750376224518 152.09 q/s (% mem usage: 6.30, % mem avail: 93.73)
758500 4984.707714319229 152.17 q/s (% mem usage: 6.30, % mem avail: 93.73)
759000 4987.368594408035 152.18 q/s (% mem usage: 6.30, % mem avail: 93.73)
759500 4987.416976690292 152.28 q/s (% mem usage: 6.30, % mem avail: 93.73)
760000 4987.611691951752 152.38 q/s (% mem usage: 6.30, % mem avail: 93.73)
760500 4988.453692674637 152.45 q/s (% mem usage: 6.30, % mem avail: 93.73)
761000 4989.579180955887 152.52 q/s (% mem usage: 6.30, % mem avail: 93.73)
761500 4991.042585611343 152.57 q/s (% mem usage: 6.30, % mem avail: 93.73)
762000 4991.661314725876 152.65 q/s (% mem usage: 6.30, % mem avail: 93.73)
762500 4993.068385601044 152.71 q/s (% mem usage: 6.30, % mem avail: 93.73)
763000 4994.26918053627 152.78 q/s (% mem usage: 6.30, % mem avail: 93.73)
763500 4994.314320325851 152.87 q/s (% mem usage: 6.30, % mem avail: 93.73)
764000 4995.310457706451 152.94 q/s (% mem usage: 6.30, % mem avail: 93.73)
764500 4996.210111618042 153.02 q/s (% mem usage: 6.30, % mem avail: 93.73)
765000 4997.252612352371 153.08 q/s (% mem usage: 6.30, % mem avail: 93.73)
765500 4998.702206611633 153.14 q/s (% mem usage: 6.30, % mem avail: 93.73)
766000 5000.7834396362305 153.18 q/s (% mem usage: 6.30, % mem avail: 93.73)
766500 5000.834084749222 153.27 q/s (% mem usage: 6.30, % mem avail: 93.73)
767000 5000.913369417191 153.37 q/s (% mem usage: 6.30, % mem avail: 93.73)
767500 5003.407648324966 153.40 q/s (% mem usage: 6.30, % mem avail: 93.74)
768000 5003.454585790634 153.49 q/s (% mem usage: 6.30, % mem avail: 93.74)
768500 5004.475103855133 153.56 q/s (% mem usage: 6.30, % mem avail: 93.74)
769000 5005.210935354233 153.64 q/s (% mem usage: 6.30, % mem avail: 93.74)
769500 5007.936906337738 153.66 q/s (% mem usage: 6.30, % mem avail: 93.74)
770000 5007.98012471199 153.75 q/s (% mem usage: 6.30, % mem avail: 93.74)
770500 5008.027956485748 153.85 q/s (% mem usage: 6.30, % mem avail: 93.74)
771000 5008.69779920578 153.93 q/s (% mem usage: 6.30, % mem avail: 93.74)
771500 5009.630745410919 154.00 q/s (% mem usage: 6.30, % mem avail: 93.74)
772000 5011.598077058792 154.04 q/s (% mem usage: 6.30, % mem avail: 93.74)
772500 5012.262269020081 154.12 q/s (% mem usage: 6.30, % mem avail: 93.74)
773000 5013.224311351776 154.19 q/s (% mem usage: 6.30, % mem avail: 93.74)
773500 5013.274680137634 154.29 q/s (% mem usage: 6.30, % mem avail: 93.74)
774000 5014.11098575592 154.36 q/s (% mem usage: 6.30, % mem avail: 93.74)
774500 5015.2667717933655 154.43 q/s (% mem usage: 6.30, % mem avail: 93.74)
775000 5015.977286815643 154.51 q/s (% mem usage: 6.30, % mem avail: 93.74)
775500 5017.220331907272 154.57 q/s (% mem usage: 6.30, % mem avail: 93.74)
776000 5017.836491823196 154.65 q/s (% mem usage: 6.30, % mem avail: 93.74)
776500 5018.831029415131 154.72 q/s (% mem usage: 6.30, % mem avail: 93.74)
777000 5019.7590980529785 154.79 q/s (% mem usage: 6.30, % mem avail: 93.74)
777500 5020.652738332748 154.86 q/s (% mem usage: 6.30, % mem avail: 93.74)
778000 5021.65523314476 154.93 q/s (% mem usage: 6.30, % mem avail: 93.74)
778500 5022.692654371262 155.00 q/s (% mem usage: 6.30, % mem avail: 93.74)
779000 5024.112018823624 155.05 q/s (% mem usage: 6.30, % mem avail: 93.74)
779500 5024.570756673813 155.14 q/s (% mem usage: 6.30, % mem avail: 93.74)
780000 5025.5274250507355 155.21 q/s (% mem usage: 6.30, % mem avail: 93.74)
780500 5026.5264303684235 155.28 q/s (% mem usage: 6.30, % mem avail: 93.74)
781000 5028.971928119659 155.30 q/s (% mem usage: 6.30, % mem avail: 93.74)
781500 5029.022003650665 155.40 q/s (% mem usage: 6.30, % mem avail: 93.74)
782000 5030.155126333237 155.46 q/s (% mem usage: 6.30, % mem avail: 93.74)
782500 5030.238409042358 155.56 q/s (% mem usage: 6.30, % mem avail: 93.74)
783000 5031.198552846909 155.63 q/s (% mem usage: 6.30, % mem avail: 93.74)
783500 5032.103010177612 155.70 q/s (% mem usage: 6.30, % mem avail: 93.74)
784000 5033.116970539093 155.77 q/s (% mem usage: 6.30, % mem avail: 93.74)
784500 5034.836387395859 155.81 q/s (% mem usage: 6.30, % mem avail: 93.74)
785000 5035.10884642601 155.91 q/s (% mem usage: 6.30, % mem avail: 93.74)
785500 5035.976726055145 155.98 q/s (% mem usage: 6.30, % mem avail: 93.74)
786000 5037.022768974304 156.04 q/s (% mem usage: 6.30, % mem avail: 93.74)
786500 5038.0187129974365 156.11 q/s (% mem usage: 6.30, % mem avail: 93.74)
787000 5038.938783168793 156.18 q/s (% mem usage: 6.30, % mem avail: 93.74)
787500 5039.879061937332 156.25 q/s (% mem usage: 6.30, % mem avail: 93.74)
788000 5041.3039700984955 156.31 q/s (% mem usage: 6.30, % mem avail: 93.74)
788500 5041.847221851349 156.39 q/s (% mem usage: 6.30, % mem avail: 93.74)
789000 5042.81387925148 156.46 q/s (% mem usage: 6.30, % mem avail: 93.74)
789500 5044.546206712723 156.51 q/s (% mem usage: 6.30, % mem avail: 93.74)
790000 5045.1732132434845 156.59 q/s (% mem usage: 6.30, % mem avail: 93.74)
790500 5046.667012214661 156.64 q/s (% mem usage: 6.30, % mem avail: 93.74)
791000 5049.560579776764 156.65 q/s (% mem usage: 6.30, % mem avail: 93.74)
791500 5049.624940156937 156.74 q/s (% mem usage: 6.30, % mem avail: 93.74)
792000 5049.675124883652 156.84 q/s (% mem usage: 6.30, % mem avail: 93.74)
792500 5050.273072481155 156.92 q/s (% mem usage: 6.30, % mem avail: 93.74)
793000 5050.763514995575 157.01 q/s (% mem usage: 6.30, % mem avail: 93.74)
793500 5053.23664689064 157.03 q/s (% mem usage: 6.30, % mem avail: 93.74)
794000 5053.286641597748 157.13 q/s (% mem usage: 6.30, % mem avail: 93.74)
794500 5055.51519036293 157.16 q/s (% mem usage: 6.30, % mem avail: 93.74)
795000 5055.56494808197 157.25 q/s (% mem usage: 6.30, % mem avail: 93.74)
795500 5056.471956729889 157.32 q/s (% mem usage: 6.30, % mem avail: 93.74)
796000 5057.039337873459 157.40 q/s (% mem usage: 6.30, % mem avail: 93.74)
796500 5058.30374789238 157.46 q/s (% mem usage: 6.30, % mem avail: 93.74)
797000 5058.746307373047 157.55 q/s (% mem usage: 6.30, % mem avail: 93.74)
797500 5059.387515068054 157.63 q/s (% mem usage: 6.30, % mem avail: 93.74)
798000 5060.278289318085 157.70 q/s (% mem usage: 6.30, % mem avail: 93.73)
798500 5061.369449138641 157.76 q/s (% mem usage: 6.30, % mem avail: 93.73)
799000 5062.174390792847 157.84 q/s (% mem usage: 6.30, % mem avail: 93.73)
799500 5063.084712982178 157.91 q/s (% mem usage: 6.30, % mem avail: 93.73)
800000 5064.095040798187 157.97 q/s (% mem usage: 6.30, % mem avail: 93.73)
800500 5065.727786779404 158.02 q/s (% mem usage: 6.30, % mem avail: 93.73)
801000 5069.453871965408 158.01 q/s (% mem usage: 6.30, % mem avail: 93.73)
801500 5069.499591588974 158.10 q/s (% mem usage: 6.30, % mem avail: 93.73)
802000 5069.542209625244 158.20 q/s (% mem usage: 6.30, % mem avail: 93.73)
802500 5069.587891817093 158.30 q/s (% mem usage: 6.30, % mem avail: 93.73)
803000 5070.050800561905 158.38 q/s (% mem usage: 6.30, % mem avail: 93.73)
803500 5072.259206771851 158.41 q/s (% mem usage: 6.30, % mem avail: 93.73)
804000 5072.310680627823 158.51 q/s (% mem usage: 6.30, % mem avail: 93.73)
804500 5073.193820476532 158.58 q/s (% mem usage: 6.30, % mem avail: 93.73)
805000 5074.767997980118 158.63 q/s (% mem usage: 6.30, % mem avail: 93.73)
805500 5075.617541313171 158.70 q/s (% mem usage: 6.30, % mem avail: 93.73)
806000 5075.913578748703 158.79 q/s (% mem usage: 6.30, % mem avail: 93.73)
806500 5076.8838794231415 158.86 q/s (% mem usage: 6.30, % mem avail: 93.73)
807000 5077.659312725067 158.93 q/s (% mem usage: 6.30, % mem avail: 93.73)
807500 5079.951780557632 158.96 q/s (% mem usage: 6.30, % mem avail: 93.73)
808000 5079.998698472977 159.06 q/s (% mem usage: 6.30, % mem avail: 93.73)
808500 5080.779492616653 159.13 q/s (% mem usage: 6.30, % mem avail: 93.73)
809000 5081.703459024429 159.20 q/s (% mem usage: 6.30, % mem avail: 93.73)
809500 5082.899996519089 159.26 q/s (% mem usage: 6.30, % mem avail: 93.73)
810000 5083.53027009964 159.34 q/s (% mem usage: 6.30, % mem avail: 93.73)
810500 5084.820635795593 159.40 q/s (% mem usage: 6.30, % mem avail: 93.73)
811000 5085.933938741684 159.46 q/s (% mem usage: 6.30, % mem avail: 93.73)
811500 5086.778148651123 159.53 q/s (% mem usage: 6.30, % mem avail: 93.73)
812000 5088.255531787872 159.58 q/s (% mem usage: 6.30, % mem avail: 93.73)
812500 5089.3289885520935 159.65 q/s (% mem usage: 6.30, % mem avail: 93.73)
813000 5089.386223554611 159.74 q/s (% mem usage: 6.30, % mem avail: 93.73)
813500 5090.844423055649 159.80 q/s (% mem usage: 6.30, % mem avail: 93.73)
814000 5091.127957820892 159.89 q/s (% mem usage: 6.30, % mem avail: 93.73)
814500 5092.211191654205 159.95 q/s (% mem usage: 6.30, % mem avail: 93.73)
815000 5093.206132411957 160.02 q/s (% mem usage: 6.30, % mem avail: 93.73)
815500 5094.52211689949 160.07 q/s (% mem usage: 6.30, % mem avail: 93.73)
816000 5095.056643247604 160.16 q/s (% mem usage: 6.30, % mem avail: 93.73)
816500 5096.112030506134 160.22 q/s (% mem usage: 6.30, % mem avail: 93.73)
817000 5097.776161909103 160.27 q/s (% mem usage: 6.30, % mem avail: 93.73)
817500 5097.883665084839 160.36 q/s (% mem usage: 6.30, % mem avail: 93.73)
818000 5098.8334040641785 160.43 q/s (% mem usage: 6.30, % mem avail: 93.73)
818500 5099.778405189514 160.50 q/s (% mem usage: 6.30, % mem avail: 93.74)
819000 5100.812178850174 160.56 q/s (% mem usage: 6.30, % mem avail: 93.74)
819500 5101.796941757202 160.63 q/s (% mem usage: 6.30, % mem avail: 93.74)
820000 5103.862411260605 160.66 q/s (% mem usage: 6.30, % mem avail: 93.73)
820500 5103.911509037018 160.76 q/s (% mem usage: 6.30, % mem avail: 93.73)
821000 5104.5577182769775 160.84 q/s (% mem usage: 6.30, % mem avail: 93.74)
821500 5105.446424484253 160.91 q/s (% mem usage: 6.30, % mem avail: 93.74)
822000 5106.478004217148 160.97 q/s (% mem usage: 6.30, % mem avail: 93.74)
822500 5107.346666097641 161.04 q/s (% mem usage: 6.30, % mem avail: 93.74)
823000 5108.330554962158 161.11 q/s (% mem usage: 6.30, % mem avail: 93.74)
823500 5109.35055232048 161.18 q/s (% mem usage: 6.30, % mem avail: 93.75)
824000 5111.209404468536 161.21 q/s (% mem usage: 6.30, % mem avail: 93.75)
824500 5111.962150335312 161.29 q/s (% mem usage: 6.30, % mem avail: 93.75)
825000 5112.303347110748 161.38 q/s (% mem usage: 6.30, % mem avail: 93.74)
825500 5115.03524017334 161.39 q/s (% mem usage: 6.30, % mem avail: 93.74)
826000 5115.461334943771 161.47 q/s (% mem usage: 6.30, % mem avail: 93.74)
826500 5115.5067937374115 161.57 q/s (% mem usage: 6.30, % mem avail: 93.74)
827000 5117.614478349686 161.60 q/s (% mem usage: 6.30, % mem avail: 93.74)
827500 5117.658390283585 161.70 q/s (% mem usage: 6.30, % mem avail: 93.74)
828000 5118.389678239822 161.77 q/s (% mem usage: 6.30, % mem avail: 93.74)
828500 5119.236399888992 161.84 q/s (% mem usage: 6.30, % mem avail: 93.74)
829000 5120.184082269669 161.91 q/s (% mem usage: 6.30, % mem avail: 93.74)
829500 5121.1003477573395 161.98 q/s (% mem usage: 6.30, % mem avail: 93.74)
830000 5121.98592376709 162.05 q/s (% mem usage: 6.30, % mem avail: 93.74)
830500 5122.880731344223 162.12 q/s (% mem usage: 6.30, % mem avail: 93.74)
831000 5123.872360467911 162.18 q/s (% mem usage: 6.30, % mem avail: 93.74)
831500 5126.10493350029 162.21 q/s (% mem usage: 6.30, % mem avail: 93.74)
832000 5126.155371189117 162.30 q/s (% mem usage: 6.30, % mem avail: 93.74)
832500 5126.792497873306 162.38 q/s (% mem usage: 6.30, % mem avail: 93.74)
833000 5128.568433046341 162.42 q/s (% mem usage: 6.30, % mem avail: 93.74)
833500 5130.060250997543 162.47 q/s (% mem usage: 6.20, % mem avail: 93.75)
834000 5130.145295858383 162.57 q/s (% mem usage: 6.20, % mem avail: 93.75)
834500 5131.224793434143 162.63 q/s (% mem usage: 6.30, % mem avail: 93.75)
835000 5131.8592031002045 162.71 q/s (% mem usage: 6.30, % mem avail: 93.75)
835500 5132.7131361961365 162.78 q/s (% mem usage: 6.30, % mem avail: 93.75)
836000 5134.027152061462 162.84 q/s (% mem usage: 6.30, % mem avail: 93.74)
836500 5134.478034734726 162.92 q/s (% mem usage: 6.30, % mem avail: 93.74)
837000 5135.496812105179 162.98 q/s (% mem usage: 6.30, % mem avail: 93.74)
837500 5136.430298089981 163.05 q/s (% mem usage: 6.30, % mem avail: 93.74)
838000 5137.62341427803 163.11 q/s (% mem usage: 6.30, % mem avail: 93.74)
838500 5138.542332649231 163.18 q/s (% mem usage: 6.30, % mem avail: 93.74)
839000 5139.378459453583 163.25 q/s (% mem usage: 6.30, % mem avail: 93.75)
839500 5142.211149454117 163.26 q/s (% mem usage: 6.30, % mem avail: 93.75)
840000 5142.264639854431 163.35 q/s (% mem usage: 6.30, % mem avail: 93.75)
840500 5142.3122437000275 163.45 q/s (% mem usage: 6.30, % mem avail: 93.75)
841000 5143.5960195064545 163.50 q/s (% mem usage: 6.30, % mem avail: 93.74)
841500 5144.338932514191 163.58 q/s (% mem usage: 6.30, % mem avail: 93.74)
842000 5144.967675685883 163.66 q/s (% mem usage: 6.30, % mem avail: 93.74)
842500 5145.839725971222 163.72 q/s (% mem usage: 6.30, % mem avail: 93.74)
843000 5146.771727800369 163.79 q/s (% mem usage: 6.30, % mem avail: 93.74)
843500 5147.58337187767 163.86 q/s (% mem usage: 6.30, % mem avail: 93.74)
844000 5148.585786342621 163.93 q/s (% mem usage: 6.30, % mem avail: 93.74)
844500 5149.424697160721 164.00 q/s (% mem usage: 6.30, % mem avail: 93.74)
845000 5150.406048774719 164.06 q/s (% mem usage: 6.30, % mem avail: 93.74)
845500 5151.272994041443 164.13 q/s (% mem usage: 6.30, % mem avail: 93.74)
846000 5153.889534950256 164.15 q/s (% mem usage: 6.30, % mem avail: 93.74)
846500 5154.24538564682 164.23 q/s (% mem usage: 6.30, % mem avail: 93.74)
847000 5154.933650016785 164.31 q/s (% mem usage: 6.30, % mem avail: 93.74)
847500 5155.3455691337585 164.39 q/s (% mem usage: 6.30, % mem avail: 93.74)
848000 5157.340320110321 164.43 q/s (% mem usage: 6.30, % mem avail: 93.74)
848500 5158.040502548218 164.50 q/s (% mem usage: 6.30, % mem avail: 93.74)
849000 5158.976557970047 164.57 q/s (% mem usage: 6.30, % mem avail: 93.74)
849500 5159.145745277405 164.66 q/s (% mem usage: 6.30, % mem avail: 93.74)
850000 5160.38662815094 164.72 q/s (% mem usage: 6.30, % mem avail: 93.74)
850500 5161.1902623176575 164.79 q/s (% mem usage: 6.30, % mem avail: 93.73)
851000 5162.6633768081665 164.84 q/s (% mem usage: 6.30, % mem avail: 93.73)
851500 5163.047461271286 164.92 q/s (% mem usage: 6.30, % mem avail: 93.74)
852000 5164.1078860759735 164.98 q/s (% mem usage: 6.30, % mem avail: 93.73)
852500 5165.059264659882 165.05 q/s (% mem usage: 6.30, % mem avail: 93.74)
853000 5167.009357690811 165.09 q/s (% mem usage: 6.30, % mem avail: 93.74)
853500 5167.059595584869 165.18 q/s (% mem usage: 6.30, % mem avail: 93.74)
854000 5167.681969642639 165.26 q/s (% mem usage: 6.30, % mem avail: 93.73)
854500 5168.990103960037 165.31 q/s (% mem usage: 6.30, % mem avail: 93.73)
855000 5169.997735738754 165.38 q/s (% mem usage: 6.30, % mem avail: 93.74)
855500 5170.470851898193 165.46 q/s (% mem usage: 6.30, % mem avail: 93.74)
856000 5171.397387266159 165.53 q/s (% mem usage: 6.30, % mem avail: 93.74)
856500 5172.372148513794 165.59 q/s (% mem usage: 6.30, % mem avail: 93.74)
857000 5173.968258142471 165.64 q/s (% mem usage: 6.30, % mem avail: 93.74)
857500 5174.294528722763 165.72 q/s (% mem usage: 6.30, % mem avail: 93.74)
858000 5175.2374613285065 165.79 q/s (% mem usage: 6.30, % mem avail: 93.74)
858500 5176.235404968262 165.85 q/s (% mem usage: 6.30, % mem avail: 93.74)
859000 5177.317856311798 165.92 q/s (% mem usage: 6.30, % mem avail: 93.74)
859500 5178.263975858688 165.98 q/s (% mem usage: 6.30, % mem avail: 93.74)
860000 5179.127192020416 166.05 q/s (% mem usage: 6.30, % mem avail: 93.74)
860500 5180.151887655258 166.11 q/s (% mem usage: 6.30, % mem avail: 93.74)
861000 5181.6934723854065 166.16 q/s (% mem usage: 6.30, % mem avail: 93.74)
861500 5181.945549726486 166.25 q/s (% mem usage: 6.30, % mem avail: 93.74)
862000 5183.604162931442 166.29 q/s (% mem usage: 6.30, % mem avail: 93.74)
862500 5183.896035671234 166.38 q/s (% mem usage: 6.30, % mem avail: 93.74)
863000 5184.762800693512 166.45 q/s (% mem usage: 6.30, % mem avail: 93.74)
863500 5185.7327291965485 166.51 q/s (% mem usage: 6.30, % mem avail: 93.74)
864000 5187.281702041626 166.56 q/s (% mem usage: 6.30, % mem avail: 93.74)
864500 5187.621547460556 166.65 q/s (% mem usage: 6.30, % mem avail: 93.74)
865000 5188.537280797958 166.71 q/s (% mem usage: 6.30, % mem avail: 93.74)
865500 5189.515160560608 166.78 q/s (% mem usage: 6.30, % mem avail: 93.74)
866000 5190.568861484528 166.84 q/s (% mem usage: 6.30, % mem avail: 93.74)
866500 5191.404234409332 166.91 q/s (% mem usage: 6.30, % mem avail: 93.74)
867000 5192.466494321823 166.97 q/s (% mem usage: 6.30, % mem avail: 93.74)
867500 5193.475163698196 167.04 q/s (% mem usage: 6.30, % mem avail: 93.73)
868000 5194.28084230423 167.11 q/s (% mem usage: 6.30, % mem avail: 93.74)
868500 5195.168057203293 167.17 q/s (% mem usage: 6.30, % mem avail: 93.74)
869000 5196.147521018982 167.24 q/s (% mem usage: 6.30, % mem avail: 93.74)
869500 5197.133409738541 167.30 q/s (% mem usage: 6.30, % mem avail: 93.74)
870000 5198.128670215607 167.37 q/s (% mem usage: 6.30, % mem avail: 93.74)
870500 5199.193074464798 167.43 q/s (% mem usage: 6.30, % mem avail: 93.74)
871000 5200.982316493988 167.47 q/s (% mem usage: 6.30, % mem avail: 93.74)
871500 5201.094848871231 167.56 q/s (% mem usage: 6.30, % mem avail: 93.74)
872000 5202.014355182648 167.63 q/s (% mem usage: 6.30, % mem avail: 93.74)
872500 5203.907609701157 167.66 q/s (% mem usage: 6.30, % mem avail: 93.75)
873000 5203.998665332794 167.76 q/s (% mem usage: 6.30, % mem avail: 93.75)
873500 5204.993257522583 167.82 q/s (% mem usage: 6.30, % mem avail: 93.74)
874000 5205.844751358032 167.89 q/s (% mem usage: 6.30, % mem avail: 93.74)
874500 5207.9005534648895 167.92 q/s (% mem usage: 6.30, % mem avail: 93.74)
875000 5208.725065231323 167.99 q/s (% mem usage: 6.30, % mem avail: 93.74)
875500 5209.49906539917 168.06 q/s (% mem usage: 6.30, % mem avail: 93.74)
876000 5209.837509155273 168.14 q/s (% mem usage: 6.30, % mem avail: 93.74)
876500 5210.788138866425 168.21 q/s (% mem usage: 6.30, % mem avail: 93.74)
877000 5211.575565099716 168.28 q/s (% mem usage: 6.30, % mem avail: 93.74)
877500 5212.448994398117 168.35 q/s (% mem usage: 6.30, % mem avail: 93.74)
878000 5213.444646835327 168.41 q/s (% mem usage: 6.30, % mem avail: 93.75)
878500 5214.381561279297 168.48 q/s (% mem usage: 6.30, % mem avail: 93.75)
879000 5215.317595481873 168.54 q/s (% mem usage: 6.30, % mem avail: 93.75)
879500 5216.78197312355 168.59 q/s (% mem usage: 6.30, % mem avail: 93.74)
880000 5217.140558719635 168.67 q/s (% mem usage: 6.30, % mem avail: 93.74)
880500 5218.706207275391 168.72 q/s (% mem usage: 6.30, % mem avail: 93.74)
881000 5218.919496059418 168.81 q/s (% mem usage: 6.30, % mem avail: 93.74)
881500 5219.891170740128 168.87 q/s (% mem usage: 6.30, % mem avail: 93.74)
882000 5220.841369628906 168.94 q/s (% mem usage: 6.30, % mem avail: 93.74)
882500 5221.796725511551 169.00 q/s (% mem usage: 6.30, % mem avail: 93.74)
883000 5223.475997209549 169.04 q/s (% mem usage: 6.30, % mem avail: 93.74)
883500 5223.678359508514 169.13 q/s (% mem usage: 6.30, % mem avail: 93.74)
884000 5224.53533744812 169.20 q/s (% mem usage: 6.30, % mem avail: 93.73)
884500 5225.972618341446 169.25 q/s (% mem usage: 6.30, % mem avail: 93.74)
885000 5226.462108850479 169.33 q/s (% mem usage: 6.30, % mem avail: 93.74)
885500 5227.883153676987 169.38 q/s (% mem usage: 6.30, % mem avail: 93.74)
886000 5228.428072214127 169.46 q/s (% mem usage: 6.30, % mem avail: 93.74)
886500 5231.180876970291 169.46 q/s (% mem usage: 6.30, % mem avail: 93.74)
887000 5231.231100320816 169.56 q/s (% mem usage: 6.30, % mem avail: 93.74)
887500 5231.344373226166 169.65 q/s (% mem usage: 6.30, % mem avail: 93.74)
888000 5232.23345541954 169.72 q/s (% mem usage: 6.30, % mem avail: 93.74)
888500 5233.343333482742 169.78 q/s (% mem usage: 6.30, % mem avail: 93.73)
889000 5234.259845018387 169.84 q/s (% mem usage: 6.30, % mem avail: 93.73)
889500 5235.179133415222 169.91 q/s (% mem usage: 6.30, % mem avail: 93.74)
890000 5236.011349916458 169.98 q/s (% mem usage: 6.30, % mem avail: 93.74)
890500 5237.033777713776 170.04 q/s (% mem usage: 6.30, % mem avail: 93.74)
891000 5237.965209245682 170.10 q/s (% mem usage: 6.30, % mem avail: 93.74)
891500 5238.87122297287 170.17 q/s (% mem usage: 6.30, % mem avail: 93.74)
892000 5239.997985601425 170.23 q/s (% mem usage: 6.30, % mem avail: 93.74)
892500 5240.86300778389 170.30 q/s (% mem usage: 6.30, % mem avail: 93.74)
893000 5241.765510082245 170.36 q/s (% mem usage: 6.30, % mem avail: 93.74)
893500 5244.226670026779 170.38 q/s (% mem usage: 6.30, % mem avail: 93.74)
894000 5244.2810163497925 170.47 q/s (% mem usage: 6.30, % mem avail: 93.74)
894500 5244.389431238174 170.56 q/s (% mem usage: 6.30, % mem avail: 93.74)
895000 5245.275591850281 170.63 q/s (% mem usage: 6.30, % mem avail: 93.74)
895500 5246.618882656097 170.68 q/s (% mem usage: 6.30, % mem avail: 93.74)
896000 5247.185201406479 170.76 q/s (% mem usage: 6.30, % mem avail: 93.74)
896500 5248.178018569946 170.82 q/s (% mem usage: 6.30, % mem avail: 93.74)
897000 5249.19721531868 170.88 q/s (% mem usage: 6.30, % mem avail: 93.74)
897500 5251.311525821686 170.91 q/s (% mem usage: 6.30, % mem avail: 93.74)
898000 5251.491414785385 171.00 q/s (% mem usage: 6.30, % mem avail: 93.74)
898500 5252.068123340607 171.08 q/s (% mem usage: 6.30, % mem avail: 93.74)
899000 5253.098438739777 171.14 q/s (% mem usage: 6.30, % mem avail: 93.74)
899500 5254.907633781433 171.17 q/s (% mem usage: 6.30, % mem avail: 93.74)
900000 5255.625308275223 171.25 q/s (% mem usage: 6.30, % mem avail: 93.74)
900500 5256.1054763793945 171.32 q/s (% mem usage: 6.30, % mem avail: 93.74)
901000 5258.111947774887 171.35 q/s (% mem usage: 6.30, % mem avail: 93.73)
901500 5258.154368638992 171.45 q/s (% mem usage: 6.30, % mem avail: 93.73)
902000 5258.838349103928 171.52 q/s (% mem usage: 6.30, % mem avail: 93.73)
902500 5260.411776781082 171.56 q/s (% mem usage: 6.30, % mem avail: 93.73)
903000 5260.922142028809 171.64 q/s (% mem usage: 6.30, % mem avail: 93.73)
903500 5261.889819383621 171.71 q/s (% mem usage: 6.30, % mem avail: 93.73)
904000 5265.244876623154 171.69 q/s (% mem usage: 6.30, % mem avail: 93.74)
904500 5265.303921222687 171.78 q/s (% mem usage: 6.30, % mem avail: 93.74)
905000 5266.014636039734 171.86 q/s (% mem usage: 6.30, % mem avail: 93.74)
905500 5266.062520980835 171.95 q/s (% mem usage: 6.30, % mem avail: 93.74)
906000 5266.669033050537 172.03 q/s (% mem usage: 6.30, % mem avail: 93.74)
906500 5267.7138595581055 172.09 q/s (% mem usage: 6.30, % mem avail: 93.74)
907000 5268.477722167969 172.16 q/s (% mem usage: 6.30, % mem avail: 93.74)
907500 5269.468234062195 172.22 q/s (% mem usage: 6.30, % mem avail: 93.74)
908000 5270.467954158783 172.28 q/s (% mem usage: 6.30, % mem avail: 93.74)
908500 5271.455200433731 172.34 q/s (% mem usage: 6.30, % mem avail: 93.74)
909000 5272.446326971054 172.41 q/s (% mem usage: 6.30, % mem avail: 93.74)
909500 5273.336782217026 172.47 q/s (% mem usage: 6.30, % mem avail: 93.74)
910000 5275.321493387222 172.50 q/s (% mem usage: 6.30, % mem avail: 93.74)
910500 5275.706207990646 172.58 q/s (% mem usage: 6.30, % mem avail: 93.74)
911000 5276.480757713318 172.65 q/s (% mem usage: 6.30, % mem avail: 93.75)
911500 5277.308946847916 172.72 q/s (% mem usage: 6.30, % mem avail: 93.75)
912000 5278.311685800552 172.78 q/s (% mem usage: 6.30, % mem avail: 93.75)
912500 5279.194058418274 172.85 q/s (% mem usage: 6.30, % mem avail: 93.75)
913000 5280.038526058197 172.92 q/s (% mem usage: 6.30, % mem avail: 93.75)
913500 5281.074136257172 172.98 q/s (% mem usage: 6.30, % mem avail: 93.75)
914000 5281.919085264206 173.04 q/s (% mem usage: 6.30, % mem avail: 93.75)
914500 5283.753948926926 173.08 q/s (% mem usage: 6.30, % mem avail: 93.74)
915000 5283.888777256012 173.17 q/s (% mem usage: 6.30, % mem avail: 93.74)
915500 5284.834182500839 173.23 q/s (% mem usage: 6.30, % mem avail: 93.74)
916000 5285.854236602783 173.29 q/s (% mem usage: 6.30, % mem avail: 93.74)
916500 5287.333297252655 173.34 q/s (% mem usage: 6.30, % mem avail: 93.75)
917000 5287.691513538361 173.42 q/s (% mem usage: 6.20, % mem avail: 93.75)
917500 5288.644963502884 173.48 q/s (% mem usage: 6.30, % mem avail: 93.75)
918000 5289.69343662262 173.55 q/s (% mem usage: 6.30, % mem avail: 93.75)
918500 5291.2803790569305 173.59 q/s (% mem usage: 6.30, % mem avail: 93.75)
919000 5292.04390001297 173.66 q/s (% mem usage: 6.30, % mem avail: 93.75)
919500 5293.3259954452515 173.71 q/s (% mem usage: 6.30, % mem avail: 93.74)
920000 5293.634845256805 173.79 q/s (% mem usage: 6.30, % mem avail: 93.74)
920500 5294.603674888611 173.86 q/s (% mem usage: 6.30, % mem avail: 93.74)
921000 5295.780648231506 173.91 q/s (% mem usage: 6.30, % mem avail: 93.74)
921500 5296.561750411987 173.98 q/s (% mem usage: 6.30, % mem avail: 93.74)
922000 5297.66311788559 174.04 q/s (% mem usage: 6.30, % mem avail: 93.74)
922500 5298.72015953064 174.10 q/s (% mem usage: 6.30, % mem avail: 93.74)
923000 5299.614221096039 174.16 q/s (% mem usage: 6.30, % mem avail: 93.74)
923500 5300.511191129684 174.23 q/s (% mem usage: 6.30, % mem avail: 93.74)
924000 5301.396265745163 174.29 q/s (% mem usage: 6.30, % mem avail: 93.74)
924500 5303.663437128067 174.31 q/s (% mem usage: 6.30, % mem avail: 93.74)
925000 5303.711646318436 174.41 q/s (% mem usage: 6.30, % mem avail: 93.74)
925500 5304.301183462143 174.48 q/s (% mem usage: 6.30, % mem avail: 93.74)
926000 5305.10288310051 174.55 q/s (% mem usage: 6.30, % mem avail: 93.74)
926500 5307.783518791199 174.55 q/s (% mem usage: 6.30, % mem avail: 93.74)
927000 5307.830592870712 174.65 q/s (% mem usage: 6.30, % mem avail: 93.74)
927500 5308.186175823212 174.73 q/s (% mem usage: 6.30, % mem avail: 93.74)
928000 5309.276251792908 174.79 q/s (% mem usage: 6.30, % mem avail: 93.74)
928500 5310.179356336594 174.85 q/s (% mem usage: 6.30, % mem avail: 93.74)
929000 5311.093365192413 174.92 q/s (% mem usage: 6.30, % mem avail: 93.74)
929500 5312.086930513382 174.98 q/s (% mem usage: 6.30, % mem avail: 93.74)
930000 5312.917087554932 175.05 q/s (% mem usage: 6.30, % mem avail: 93.74)
930500 5313.698880910873 175.11 q/s (% mem usage: 6.30, % mem avail: 93.74)
931000 5314.753856182098 175.17 q/s (% mem usage: 6.30, % mem avail: 93.74)
931500 5315.724002361298 175.23 q/s (% mem usage: 6.30, % mem avail: 93.74)
932000 5316.578331232071 175.30 q/s (% mem usage: 6.30, % mem avail: 93.74)
932500 5317.57186961174 175.36 q/s (% mem usage: 6.30, % mem avail: 93.74)
933000 5318.561119556427 175.42 q/s (% mem usage: 6.30, % mem avail: 93.74)
933500 5319.459102630615 175.49 q/s (% mem usage: 6.30, % mem avail: 93.74)
934000 5320.426302194595 175.55 q/s (% mem usage: 6.30, % mem avail: 93.74)
934500 5322.070082902908 175.59 q/s (% mem usage: 6.30, % mem avail: 93.74)
935000 5322.8358862400055 175.66 q/s (% mem usage: 6.30, % mem avail: 93.73)
935500 5323.342013120651 175.74 q/s (% mem usage: 6.30, % mem avail: 93.73)
936000 5324.781122684479 175.78 q/s (% mem usage: 6.30, % mem avail: 93.73)
936500 5325.029746294022 175.87 q/s (% mem usage: 6.30, % mem avail: 93.73)
937000 5326.539164066315 175.91 q/s (% mem usage: 6.30, % mem avail: 93.74)
937500 5328.073886394501 175.95 q/s (% mem usage: 6.30, % mem avail: 93.73)
938000 5328.121901512146 176.05 q/s (% mem usage: 6.30, % mem avail: 93.73)
938500 5328.756714582443 176.12 q/s (% mem usage: 6.30, % mem avail: 93.73)
939000 5330.430039405823 176.16 q/s (% mem usage: 6.30, % mem avail: 93.73)
939500 5332.051331520081 176.20 q/s (% mem usage: 6.30, % mem avail: 93.73)
940000 5332.091591119766 176.29 q/s (% mem usage: 6.30, % mem avail: 93.73)
940500 5332.557783126831 176.37 q/s (% mem usage: 6.30, % mem avail: 93.73)
941000 5333.497099876404 176.43 q/s (% mem usage: 6.30, % mem avail: 93.73)
941500 5334.5771048069 176.49 q/s (% mem usage: 6.30, % mem avail: 93.73)
942000 5335.283440113068 176.56 q/s (% mem usage: 6.30, % mem avail: 93.73)
942500 5336.322777032852 176.62 q/s (% mem usage: 6.30, % mem avail: 93.73)
943000 5337.3864142894745 176.68 q/s (% mem usage: 6.30, % mem avail: 93.73)
943500 5338.3877918720245 176.74 q/s (% mem usage: 6.30, % mem avail: 93.73)
944000 5339.270698070526 176.80 q/s (% mem usage: 6.30, % mem avail: 93.73)
944500 5340.313412666321 176.86 q/s (% mem usage: 6.30, % mem avail: 93.73)
945000 5341.785222768784 176.91 q/s (% mem usage: 6.30, % mem avail: 93.72)
945500 5342.478302955627 176.98 q/s (% mem usage: 6.30, % mem avail: 93.73)
946000 5343.269729852676 177.05 q/s (% mem usage: 6.30, % mem avail: 93.74)
946500 5344.1830542087555 177.11 q/s (% mem usage: 6.30, % mem avail: 93.74)
947000 5345.271657705307 177.17 q/s (% mem usage: 6.30, % mem avail: 93.74)
947500 5346.827686548233 177.21 q/s (% mem usage: 6.30, % mem avail: 93.74)
948000 5347.107364416122 177.29 q/s (% mem usage: 6.30, % mem avail: 93.74)
948500 5348.10179233551 177.35 q/s (% mem usage: 6.30, % mem avail: 93.74)
949000 5349.127800941467 177.41 q/s (% mem usage: 6.30, % mem avail: 93.74)
949500 5350.070848703384 177.47 q/s (% mem usage: 6.30, % mem avail: 93.74)
950000 5350.951566696167 177.54 q/s (% mem usage: 6.20, % mem avail: 93.75)
950500 5352.150585889816 177.59 q/s (% mem usage: 6.30, % mem avail: 93.75)
951000 5352.7544021606445 177.67 q/s (% mem usage: 6.30, % mem avail: 93.75)
951500 5353.701521158218 177.73 q/s (% mem usage: 6.30, % mem avail: 93.75)
952000 5354.624003410339 177.79 q/s (% mem usage: 6.30, % mem avail: 93.75)
952500 5355.794008255005 177.84 q/s (% mem usage: 6.30, % mem avail: 93.75)
953000 5356.498228311539 177.91 q/s (% mem usage: 6.30, % mem avail: 93.75)
953500 5357.707689285278 177.97 q/s (% mem usage: 6.30, % mem avail: 93.75)
954000 5358.367449760437 178.04 q/s (% mem usage: 6.30, % mem avail: 93.75)
954500 5359.679285526276 178.09 q/s (% mem usage: 6.30, % mem avail: 93.74)
955000 5360.360155582428 178.16 q/s (% mem usage: 6.30, % mem avail: 93.74)
955500 5361.285239934921 178.22 q/s (% mem usage: 6.30, % mem avail: 93.74)
956000 5362.279188871384 178.28 q/s (% mem usage: 6.30, % mem avail: 93.74)
956500 5363.294694662094 178.34 q/s (% mem usage: 6.30, % mem avail: 93.74)
957000 5366.4452250003815 178.33 q/s (% mem usage: 6.30, % mem avail: 93.74)
957500 5366.4994859695435 178.42 q/s (% mem usage: 6.30, % mem avail: 93.74)
958000 5368.487208843231 178.45 q/s (% mem usage: 6.30, % mem avail: 93.74)
958500 5368.540991306305 178.54 q/s (% mem usage: 6.30, % mem avail: 93.74)
959000 5368.588533878326 178.63 q/s (% mem usage: 6.30, % mem avail: 93.74)
959500 5369.087229251862 178.71 q/s (% mem usage: 6.30, % mem avail: 93.74)
960000 5369.934120893478 178.77 q/s (% mem usage: 6.30, % mem avail: 93.74)
960500 5371.154491186142 178.83 q/s (% mem usage: 6.30, % mem avail: 93.74)
961000 5371.984638929367 178.89 q/s (% mem usage: 6.30, % mem avail: 93.74)
961500 5373.049471616745 178.95 q/s (% mem usage: 6.30, % mem avail: 93.74)
962000 5373.98343205452 179.01 q/s (% mem usage: 6.30, % mem avail: 93.74)
962500 5376.227411031723 179.03 q/s (% mem usage: 6.30, % mem avail: 93.73)
963000 5376.269789457321 179.12 q/s (% mem usage: 6.30, % mem avail: 93.73)
963500 5376.882133245468 179.19 q/s (% mem usage: 6.30, % mem avail: 93.73)
964000 5378.35827755928 179.24 q/s (% mem usage: 6.30, % mem avail: 93.74)
964500 5378.683467626572 179.32 q/s (% mem usage: 6.30, % mem avail: 93.74)
965000 5379.683064460754 179.38 q/s (% mem usage: 6.30, % mem avail: 93.74)
965500 5380.47948384285 179.44 q/s (% mem usage: 6.30, % mem avail: 93.74)
966000 5381.665402889252 179.50 q/s (% mem usage: 6.30, % mem avail: 93.74)
966500 5382.476671934128 179.56 q/s (% mem usage: 6.30, % mem avail: 93.74)
967000 5383.436571836472 179.63 q/s (% mem usage: 6.30, % mem avail: 93.73)
967500 5385.177947998047 179.66 q/s (% mem usage: 6.30, % mem avail: 93.74)
968000 5385.330506563187 179.75 q/s (% mem usage: 6.30, % mem avail: 93.74)
968500 5386.250533819199 179.81 q/s (% mem usage: 6.30, % mem avail: 93.74)
969000 5387.248142242432 179.87 q/s (% mem usage: 6.30, % mem avail: 93.74)
969500 5388.0757002830505 179.93 q/s (% mem usage: 6.30, % mem avail: 93.74)
970000 5389.076207637787 179.99 q/s (% mem usage: 6.30, % mem avail: 93.74)
970500 5389.858069658279 180.06 q/s (% mem usage: 6.30, % mem avail: 93.74)
971000 5390.770908355713 180.12 q/s (% mem usage: 6.30, % mem avail: 93.74)
971500 5391.731467008591 180.18 q/s (% mem usage: 6.30, % mem avail: 93.74)
972000 5393.460821151733 180.22 q/s (% mem usage: 6.30, % mem avail: 93.73)
972500 5393.51353764534 180.31 q/s (% mem usage: 6.30, % mem avail: 93.73)
973000 5394.70335650444 180.36 q/s (% mem usage: 6.30, % mem avail: 93.74)
973500 5395.579867839813 180.43 q/s (% mem usage: 6.30, % mem avail: 93.74)
974000 5396.346661806107 180.49 q/s (% mem usage: 6.30, % mem avail: 93.74)
974500 5397.245680809021 180.56 q/s (% mem usage: 6.30, % mem avail: 93.74)
975000 5398.264295339584 180.61 q/s (% mem usage: 6.30, % mem avail: 93.74)
975500 5399.233254432678 180.67 q/s (% mem usage: 6.30, % mem avail: 93.74)
976000 5400.129161834717 180.74 q/s (% mem usage: 6.30, % mem avail: 93.74)
976500 5401.1274580955505 180.80 q/s (% mem usage: 6.30, % mem avail: 93.74)
977000 5402.080319881439 180.86 q/s (% mem usage: 6.30, % mem avail: 93.74)
977500 5403.417120933533 180.90 q/s (% mem usage: 6.30, % mem avail: 93.73)
978000 5403.984940290451 180.98 q/s (% mem usage: 6.30, % mem avail: 93.73)
978500 5405.121584653854 181.03 q/s (% mem usage: 6.30, % mem avail: 93.74)
979000 5406.480023622513 181.08 q/s (% mem usage: 6.30, % mem avail: 93.73)
979500 5407.0534863471985 181.15 q/s (% mem usage: 6.30, % mem avail: 93.73)
980000 5407.756350278854 181.22 q/s (% mem usage: 6.30, % mem avail: 93.73)
980500 5408.650590658188 181.28 q/s (% mem usage: 6.30, % mem avail: 93.73)
981000 5410.444695949554 181.32 q/s (% mem usage: 6.30, % mem avail: 93.73)
981500 5410.501624345779 181.41 q/s (% mem usage: 6.30, % mem avail: 93.73)
982000 5412.70475935936 181.43 q/s (% mem usage: 6.30, % mem avail: 93.73)
982500 5413.637272357941 181.49 q/s (% mem usage: 6.30, % mem avail: 93.73)
983000 5413.848197221756 181.57 q/s (% mem usage: 6.30, % mem avail: 93.73)
983500 5414.435012817383 181.64 q/s (% mem usage: 6.30, % mem avail: 93.73)
984000 5416.693332433701 181.66 q/s (% mem usage: 6.30, % mem avail: 93.73)
984500 5416.808009386063 181.75 q/s (% mem usage: 6.30, % mem avail: 93.73)
985000 5417.488010883331 181.82 q/s (% mem usage: 6.30, % mem avail: 93.73)
985500 5418.588798522949 181.87 q/s (% mem usage: 6.30, % mem avail: 93.73)
986000 5420.372993707657 181.91 q/s (% mem usage: 6.30, % mem avail: 93.73)
986500 5420.416358470917 182.00 q/s (% mem usage: 6.30, % mem avail: 93.73)
987000 5421.402913808823 182.06 q/s (% mem usage: 6.30, % mem avail: 93.73)
987500 5422.466138601303 182.11 q/s (% mem usage: 6.30, % mem avail: 93.73)
988000 5423.394026994705 182.17 q/s (% mem usage: 6.30, % mem avail: 93.73)
988500 5424.2268986701965 182.24 q/s (% mem usage: 6.30, % mem avail: 93.74)
989000 5425.170650005341 182.30 q/s (% mem usage: 6.30, % mem avail: 93.74)
989500 5426.183043241501 182.36 q/s (% mem usage: 6.30, % mem avail: 93.74)
990000 5427.486525774002 182.40 q/s (% mem usage: 6.30, % mem avail: 93.74)
990500 5427.980593442917 182.48 q/s (% mem usage: 6.30, % mem avail: 93.74)
991000 5433.056282758713 182.40 q/s (% mem usage: 6.30, % mem avail: 93.74)
991500 5433.1130566596985 182.49 q/s (% mem usage: 6.30, % mem avail: 93.73)
992000 5433.170684099197 182.58 q/s (% mem usage: 6.30, % mem avail: 93.73)
992500 5433.223675489426 182.67 q/s (% mem usage: 6.30, % mem avail: 93.73)
993000 5433.269615888596 182.76 q/s (% mem usage: 6.30, % mem avail: 93.73)
993500 5433.445981502533 182.85 q/s (% mem usage: 6.30, % mem avail: 93.73)
994000 5434.391197681427 182.91 q/s (% mem usage: 6.30, % mem avail: 93.74)
994500 5436.018263339996 182.95 q/s (% mem usage: 6.30, % mem avail: 93.74)
995000 5436.706298828125 183.02 q/s (% mem usage: 6.30, % mem avail: 93.74)
995500 5437.201376199722 183.09 q/s (% mem usage: 6.30, % mem avail: 93.74)
996000 5438.210952997208 183.15 q/s (% mem usage: 6.30, % mem avail: 93.74)
996500 5441.144789934158 183.14 q/s (% mem usage: 6.30, % mem avail: 93.74)
997000 5441.192087173462 183.23 q/s (% mem usage: 6.30, % mem avail: 93.74)
997500 5442.243795871735 183.29 q/s (% mem usage: 6.30, % mem avail: 93.74)
998000 5442.2970180511475 183.38 q/s (% mem usage: 6.30, % mem avail: 93.74)
998500 5442.955451726913 183.45 q/s (% mem usage: 6.30, % mem avail: 93.74)
999000 5443.889303922653 183.51 q/s (% mem usage: 6.30, % mem avail: 93.73)
999500 5444.730325937271 183.57 q/s (% mem usage: 6.30, % mem avail: 93.73)
1000000 5447.228006839752 183.58 q/s (% mem usage: 6.30, % mem avail: 93.72)
1000500 5448.490120172501 183.63 q/s (% mem usage: 6.30, % mem avail: 93.72)
1001000 5448.604331731796 183.72 q/s (% mem usage: 6.30, % mem avail: 93.72)
1001500 5448.682379961014 183.81 q/s (% mem usage: 6.30, % mem avail: 93.72)
1002000 5450.0832641124725 183.85 q/s (% mem usage: 6.30, % mem avail: 93.72)
1002500 5450.461394786835 183.93 q/s (% mem usage: 6.30, % mem avail: 93.72)
1003000 5451.469327449799 183.99 q/s (% mem usage: 6.30, % mem avail: 93.72)
1003500 5452.395725488663 184.05 q/s (% mem usage: 6.30, % mem avail: 93.73)
1004000 5453.284446001053 184.11 q/s (% mem usage: 6.30, % mem avail: 93.73)
1004500 5454.129264116287 184.17 q/s (% mem usage: 6.30, % mem avail: 93.73)
1005000 5455.1177480220795 184.23 q/s (% mem usage: 6.30, % mem avail: 93.73)
1005500 5456.190532922745 184.29 q/s (% mem usage: 6.30, % mem avail: 93.73)
1006000 5457.408336162567 184.34 q/s (% mem usage: 6.30, % mem avail: 93.72)
1006500 5458.266204833984 184.40 q/s (% mem usage: 6.30, % mem avail: 93.72)
1007000 5460.772491693497 184.41 q/s (% mem usage: 6.30, % mem avail: 93.72)
1007500 5460.822869777679 184.50 q/s (% mem usage: 6.30, % mem avail: 93.72)
1008000 5462.26230764389 184.54 q/s (% mem usage: 6.30, % mem avail: 93.72)
1008500 5462.308851480484 184.63 q/s (% mem usage: 6.30, % mem avail: 93.72)
1009000 5462.743853092194 184.71 q/s (% mem usage: 6.30, % mem avail: 93.72)
1009500 5463.624931097031 184.77 q/s (% mem usage: 6.30, % mem avail: 93.72)
1010000 5464.496344327927 184.83 q/s (% mem usage: 6.30, % mem avail: 93.72)
1010500 5465.582003355026 184.88 q/s (% mem usage: 6.30, % mem avail: 93.72)
1011000 5466.472923517227 184.95 q/s (% mem usage: 6.30, % mem avail: 93.73)
1011500 5467.446288585663 185.00 q/s (% mem usage: 6.30, % mem avail: 93.73)
1012000 5468.905551433563 185.05 q/s (% mem usage: 6.30, % mem avail: 93.73)
1012500 5469.735628604889 185.11 q/s (% mem usage: 6.30, % mem avail: 93.73)
1013000 5470.453228712082 185.18 q/s (% mem usage: 6.30, % mem avail: 93.73)
1013500 5471.378685951233 185.24 q/s (% mem usage: 6.30, % mem avail: 93.73)
1014000 5473.1256737709045 185.27 q/s (% mem usage: 6.30, % mem avail: 93.73)
1014500 5474.80254983902 185.30 q/s (% mem usage: 6.30, % mem avail: 93.73)
1015000 5474.845937013626 185.39 q/s (% mem usage: 6.30, % mem avail: 93.73)
1015500 5475.31180024147 185.47 q/s (% mem usage: 6.30, % mem avail: 93.73)
1016000 5476.2848925590515 185.53 q/s (% mem usage: 6.30, % mem avail: 93.73)
1016500 5477.240036010742 185.59 q/s (% mem usage: 6.30, % mem avail: 93.73)
1017000 5478.655645132065 185.63 q/s (% mem usage: 6.30, % mem avail: 93.73)
1017500 5479.318105220795 185.70 q/s (% mem usage: 6.30, % mem avail: 93.73)
1018000 5480.218081235886 185.76 q/s (% mem usage: 6.30, % mem avail: 93.72)
1018500 5481.086109638214 185.82 q/s (% mem usage: 6.30, % mem avail: 93.72)
1019000 5482.047309875488 185.88 q/s (% mem usage: 6.30, % mem avail: 93.72)
1019500 5483.54799580574 185.92 q/s (% mem usage: 6.30, % mem avail: 93.72)
1020000 5483.954057216644 186.00 q/s (% mem usage: 6.30, % mem avail: 93.72)
1020500 5485.030209302902 186.05 q/s (% mem usage: 6.30, % mem avail: 93.72)
1021000 5485.980507850647 186.11 q/s (% mem usage: 6.30, % mem avail: 93.72)
1021500 5487.794197320938 186.14 q/s (% mem usage: 6.30, % mem avail: 93.72)
1022000 5487.870951890945 186.23 q/s (% mem usage: 6.30, % mem avail: 93.72)
1022500 5489.141452074051 186.28 q/s (% mem usage: 6.30, % mem avail: 93.72)
1023000 5489.836445808411 186.34 q/s (% mem usage: 6.30, % mem avail: 93.72)
1023500 5490.727871179581 186.41 q/s (% mem usage: 6.30, % mem avail: 93.72)
1024000 5491.772045612335 186.46 q/s (% mem usage: 6.30, % mem avail: 93.72)
1024500 5493.141300201416 186.51 q/s (% mem usage: 6.30, % mem avail: 93.71)
1025000 5493.838587999344 186.57 q/s (% mem usage: 6.30, % mem avail: 93.71)
1025500 5494.837151288986 186.63 q/s (% mem usage: 6.30, % mem avail: 93.71)
1026000 5497.538733959198 186.63 q/s (% mem usage: 6.30, % mem avail: 93.72)
1026500 5497.585324048996 186.72 q/s (% mem usage: 6.30, % mem avail: 93.72)
1027000 5497.751851797104 186.80 q/s (% mem usage: 6.30, % mem avail: 93.72)
1027500 5498.911864995956 186.86 q/s (% mem usage: 6.30, % mem avail: 93.73)
1028000 5499.685706138611 186.92 q/s (% mem usage: 6.30, % mem avail: 93.73)
1028500 5500.644717931747 186.98 q/s (% mem usage: 6.30, % mem avail: 93.72)
1029000 5501.588388681412 187.04 q/s (% mem usage: 6.30, % mem avail: 93.72)
1029500 5502.576856374741 187.09 q/s (% mem usage: 6.30, % mem avail: 93.72)
1030000 5503.431847810745 187.16 q/s (% mem usage: 6.30, % mem avail: 93.72)
1030500 5504.487334489822 187.21 q/s (% mem usage: 6.30, % mem avail: 93.72)
1031000 5505.3245413303375 187.27 q/s (% mem usage: 6.30, % mem avail: 93.72)
1031500 5506.278635978699 187.33 q/s (% mem usage: 6.30, % mem avail: 93.72)
1032000 5507.174469470978 187.39 q/s (% mem usage: 6.30, % mem avail: 93.71)
1032500 5508.147931337357 187.45 q/s (% mem usage: 6.30, % mem avail: 93.72)
1033000 5509.1744928359985 187.51 q/s (% mem usage: 6.30, % mem avail: 93.72)
1033500 5510.138969421387 187.56 q/s (% mem usage: 6.30, % mem avail: 93.72)
1034000 5511.018411874771 187.62 q/s (% mem usage: 6.30, % mem avail: 93.72)
1034500 5511.899875164032 187.68 q/s (% mem usage: 6.30, % mem avail: 93.72)
1035000 5512.955434083939 187.74 q/s (% mem usage: 6.30, % mem avail: 93.72)
1035500 5514.058845281601 187.79 q/s (% mem usage: 6.30, % mem avail: 93.72)
1036000 5514.678542852402 187.86 q/s (% mem usage: 6.30, % mem avail: 93.72)
1036500 5515.701719284058 187.92 q/s (% mem usage: 6.30, % mem avail: 93.72)
1037000 5516.595860004425 187.98 q/s (% mem usage: 6.30, % mem avail: 93.71)
1037500 5517.472283601761 188.04 q/s (% mem usage: 6.30, % mem avail: 93.71)
1038000 5518.488539934158 188.09 q/s (% mem usage: 6.30, % mem avail: 93.71)
1038500 5519.308222055435 188.16 q/s (% mem usage: 6.30, % mem avail: 93.72)
1039000 5520.253096342087 188.22 q/s (% mem usage: 6.30, % mem avail: 93.72)
1039500 5521.119416236877 188.28 q/s (% mem usage: 6.30, % mem avail: 93.72)
1040000 5522.152225971222 188.33 q/s (% mem usage: 6.30, % mem avail: 93.71)
1040500 5523.3499076366425 188.38 q/s (% mem usage: 6.30, % mem avail: 93.71)
1041000 5524.268562793732 188.44 q/s (% mem usage: 6.30, % mem avail: 93.71)
1041500 5524.965857744217 188.51 q/s (% mem usage: 6.30, % mem avail: 93.73)
1042000 5525.752688884735 188.57 q/s (% mem usage: 6.30, % mem avail: 93.73)
1042500 5526.67431640625 188.63 q/s (% mem usage: 6.30, % mem avail: 93.73)
1043000 5527.705302476883 188.69 q/s (% mem usage: 6.30, % mem avail: 93.73)
1043500 5529.618795156479 188.71 q/s (% mem usage: 6.30, % mem avail: 93.73)
1044000 5529.693607091904 188.80 q/s (% mem usage: 6.30, % mem avail: 93.73)
1044500 5532.2990782260895 188.80 q/s (% mem usage: 6.30, % mem avail: 93.73)
1045000 5532.348402738571 188.89 q/s (% mem usage: 6.30, % mem avail: 93.73)
1045500 5532.749495506287 188.97 q/s (% mem usage: 6.30, % mem avail: 93.73)
1046000 5535.569051980972 188.96 q/s (% mem usage: 6.30, % mem avail: 93.73)
1046500 5536.581798553467 189.02 q/s (% mem usage: 6.30, % mem avail: 93.73)
1047000 5536.623730182648 189.10 q/s (% mem usage: 6.30, % mem avail: 93.73)
1047500 5536.9546892642975 189.18 q/s (% mem usage: 6.30, % mem avail: 93.73)
1048000 5537.670147418976 189.25 q/s (% mem usage: 6.30, % mem avail: 93.73)
1048500 5538.569274425507 189.31 q/s (% mem usage: 6.30, % mem avail: 93.72)
1049000 5539.755612850189 189.36 q/s (% mem usage: 6.30, % mem avail: 93.72)
1049500 5540.511041402817 189.42 q/s (% mem usage: 6.30, % mem avail: 93.72)
1050000 5541.319316625595 189.49 q/s (% mem usage: 6.30, % mem avail: 93.72)
1050500 5542.86291217804 189.52 q/s (% mem usage: 6.30, % mem avail: 93.72)
1051000 5543.1969430446625 189.60 q/s (% mem usage: 6.30, % mem avail: 93.72)
1051500 5544.137148141861 189.66 q/s (% mem usage: 6.30, % mem avail: 93.72)
1052000 5545.101163864136 189.72 q/s (% mem usage: 6.30, % mem avail: 93.72)
1052500 5546.068117380142 189.77 q/s (% mem usage: 6.30, % mem avail: 93.72)
1053000 5546.97470831871 189.83 q/s (% mem usage: 6.30, % mem avail: 93.72)
1053500 5547.976171731949 189.89 q/s (% mem usage: 6.30, % mem avail: 93.72)
1054000 5549.189842939377 189.94 q/s (% mem usage: 6.30, % mem avail: 93.72)
1054500 5550.004941940308 190.00 q/s (% mem usage: 6.30, % mem avail: 93.72)
1055000 5551.008148431778 190.06 q/s (% mem usage: 6.30, % mem avail: 93.72)
1055500 5551.9281640052795 190.11 q/s (% mem usage: 6.30, % mem avail: 93.72)
1056000 5553.025650024414 190.17 q/s (% mem usage: 6.30, % mem avail: 93.72)
1056500 5553.953174352646 190.22 q/s (% mem usage: 6.30, % mem avail: 93.72)
1057000 5554.867772579193 190.28 q/s (% mem usage: 6.30, % mem avail: 93.72)
1057500 5555.776793956757 190.34 q/s (% mem usage: 6.30, % mem avail: 93.72)
1058000 5556.692749738693 190.40 q/s (% mem usage: 6.30, % mem avail: 93.72)
1058500 5557.583717107773 190.46 q/s (% mem usage: 6.30, % mem avail: 93.72)
1059000 5558.520428657532 190.52 q/s (% mem usage: 6.30, % mem avail: 93.72)
1059500 5559.496557474136 190.57 q/s (% mem usage: 6.30, % mem avail: 93.72)
1060000 5560.637954711914 190.63 q/s (% mem usage: 6.30, % mem avail: 93.72)
1060500 5561.396394729614 190.69 q/s (% mem usage: 6.30, % mem avail: 93.72)
1061000 5562.310684680939 190.75 q/s (% mem usage: 6.30, % mem avail: 93.72)
1061500 5563.319410324097 190.80 q/s (% mem usage: 6.30, % mem avail: 93.72)
1062000 5564.2188839912415 190.86 q/s (% mem usage: 6.30, % mem avail: 93.72)
1062500 5565.173365831375 190.92 q/s (% mem usage: 6.30, % mem avail: 93.72)
1063000 5566.21054649353 190.97 q/s (% mem usage: 6.30, % mem avail: 93.72)
1063500 5567.245096206665 191.03 q/s (% mem usage: 6.30, % mem avail: 93.72)
1064000 5568.008765935898 191.09 q/s (% mem usage: 6.30, % mem avail: 93.72)
1064500 5568.909464359283 191.15 q/s (% mem usage: 6.30, % mem avail: 93.72)
1065000 5570.213731765747 191.20 q/s (% mem usage: 6.30, % mem avail: 93.72)
1065500 5570.849472761154 191.26 q/s (% mem usage: 6.30, % mem avail: 93.72)
1066000 5572.393728017807 191.30 q/s (% mem usage: 6.30, % mem avail: 93.73)
1066500 5572.7999386787415 191.38 q/s (% mem usage: 6.30, % mem avail: 93.73)
1067000 5573.921811580658 191.43 q/s (% mem usage: 6.30, % mem avail: 93.73)
1067500 5574.8731808662415 191.48 q/s (% mem usage: 6.30, % mem avail: 93.73)
1068000 5576.47807765007 191.52 q/s (% mem usage: 6.30, % mem avail: 93.73)
1068500 5576.852109193802 191.60 q/s (% mem usage: 6.30, % mem avail: 93.73)
1069000 5577.847534894943 191.65 q/s (% mem usage: 6.30, % mem avail: 93.73)
1069500 5578.626492023468 191.71 q/s (% mem usage: 6.30, % mem avail: 93.73)
1070000 5579.652017831802 191.77 q/s (% mem usage: 6.30, % mem avail: 93.73)
1070500 5581.859491109848 191.78 q/s (% mem usage: 6.30, % mem avail: 93.73)
1071000 5581.909879684448 191.87 q/s (% mem usage: 6.30, % mem avail: 93.73)
1071500 5582.826234817505 191.93 q/s (% mem usage: 6.30, % mem avail: 93.73)
1072000 5583.600541353226 191.99 q/s (% mem usage: 6.30, % mem avail: 93.73)
1072500 5584.243502378464 192.06 q/s (% mem usage: 6.30, % mem avail: 93.73)
1073000 5585.307375431061 192.11 q/s (% mem usage: 6.30, % mem avail: 93.73)
1073500 5586.365078687668 192.16 q/s (% mem usage: 6.30, % mem avail: 93.72)
1074000 5587.81832575798 192.20 q/s (% mem usage: 6.30, % mem avail: 93.72)
1074500 5588.313597679138 192.28 q/s (% mem usage: 6.30, % mem avail: 93.72)
1075000 5590.016271352768 192.31 q/s (% mem usage: 6.30, % mem avail: 93.72)
1075500 5590.086244106293 192.39 q/s (% mem usage: 6.30, % mem avail: 93.72)
1076000 5591.588893890381 192.43 q/s (% mem usage: 6.30, % mem avail: 93.72)
1076500 5592.842532873154 192.48 q/s (% mem usage: 6.30, % mem avail: 93.72)
1077000 5593.318538427353 192.55 q/s (% mem usage: 6.30, % mem avail: 93.72)
1077500 5593.9156358242035 192.62 q/s (% mem usage: 6.30, % mem avail: 93.72)
1078000 5595.373263597488 192.66 q/s (% mem usage: 6.30, % mem avail: 93.72)
1078500 5595.762355804443 192.74 q/s (% mem usage: 6.30, % mem avail: 93.72)
1079000 5596.7052483558655 192.79 q/s (% mem usage: 6.30, % mem avail: 93.72)
1079500 5597.5963270664215 192.85 q/s (% mem usage: 6.30, % mem avail: 93.72)
1080000 5599.48865032196 192.87 q/s (% mem usage: 6.30, % mem avail: 93.73)
1080500 5599.540328502655 192.96 q/s (% mem usage: 6.30, % mem avail: 93.73)
1081000 5600.456920146942 193.02 q/s (% mem usage: 6.30, % mem avail: 93.73)
1081500 5601.335158586502 193.08 q/s (% mem usage: 6.30, % mem avail: 93.73)
1082000 5602.340030908585 193.13 q/s (% mem usage: 6.30, % mem avail: 93.73)
1082500 5603.155974388123 193.19 q/s (% mem usage: 6.30, % mem avail: 93.73)
1083000 5604.192692041397 193.25 q/s (% mem usage: 6.30, % mem avail: 93.73)
1083500 5605.186238288879 193.30 q/s (% mem usage: 6.30, % mem avail: 93.73)
1084000 5606.159735441208 193.36 q/s (% mem usage: 6.30, % mem avail: 93.73)
1084500 5607.17335319519 193.41 q/s (% mem usage: 6.30, % mem avail: 93.73)
1085000 5607.943024158478 193.48 q/s (% mem usage: 6.30, % mem avail: 93.73)
1085500 5608.930712461472 193.53 q/s (% mem usage: 6.30, % mem avail: 93.73)
1086000 5610.039876461029 193.58 q/s (% mem usage: 6.30, % mem avail: 93.73)
1086500 5610.772379159927 193.65 q/s (% mem usage: 6.30, % mem avail: 93.73)
1087000 5611.851513385773 193.70 q/s (% mem usage: 6.30, % mem avail: 93.73)
1087500 5612.749098539352 193.76 q/s (% mem usage: 6.30, % mem avail: 93.73)
1088000 5614.512476205826 193.78 q/s (% mem usage: 6.30, % mem avail: 93.73)
1088500 5615.046991825104 193.85 q/s (% mem usage: 6.30, % mem avail: 93.73)
1089000 5616.345899105072 193.90 q/s (% mem usage: 6.30, % mem avail: 93.73)
1089500 5616.992004871368 193.97 q/s (% mem usage: 6.30, % mem avail: 93.73)
1090000 5617.872605800629 194.02 q/s (% mem usage: 6.30, % mem avail: 93.73)
1090500 5618.854616880417 194.08 q/s (% mem usage: 6.30, % mem avail: 93.73)
1091000 5619.772285223007 194.14 q/s (% mem usage: 6.30, % mem avail: 93.73)
1091500 5621.795413970947 194.16 q/s (% mem usage: 6.30, % mem avail: 93.73)
1092000 5621.884679317474 194.24 q/s (% mem usage: 6.30, % mem avail: 93.73)
1092500 5623.0047307014465 194.29 q/s (% mem usage: 6.30, % mem avail: 93.73)
1093000 5623.5275955200195 194.36 q/s (% mem usage: 6.30, % mem avail: 93.73)
1093500 5624.684547662735 194.41 q/s (% mem usage: 6.30, % mem avail: 93.73)
1094000 5625.879663705826 194.46 q/s (% mem usage: 6.30, % mem avail: 93.73)
1094500 5627.317321300507 194.50 q/s (% mem usage: 6.30, % mem avail: 93.73)
1095000 5627.363426208496 194.58 q/s (% mem usage: 6.30, % mem avail: 93.73)
1095500 5629.414101362228 194.60 q/s (% mem usage: 6.30, % mem avail: 93.73)
1096000 5629.859649181366 194.68 q/s (% mem usage: 6.30, % mem avail: 93.73)
1096500 5630.298556804657 194.75 q/s (% mem usage: 6.30, % mem avail: 93.73)
1097000 5631.1186854839325 194.81 q/s (% mem usage: 6.30, % mem avail: 93.73)
1097500 5632.336948633194 194.86 q/s (% mem usage: 6.30, % mem avail: 93.73)
1098000 5634.342228651047 194.88 q/s (% mem usage: 6.30, % mem avail: 93.73)
1098500 5634.387859344482 194.96 q/s (% mem usage: 6.30, % mem avail: 93.73)
1099000 5635.012061595917 195.03 q/s (% mem usage: 6.30, % mem avail: 93.73)
1099500 5637.106827497482 195.05 q/s (% mem usage: 6.30, % mem avail: 93.73)
1100000 5637.152681350708 195.13 q/s (% mem usage: 6.30, % mem avail: 93.73)
1100500 5638.754181146622 195.17 q/s (% mem usage: 6.30, % mem avail: 93.73)
1101000 5638.909590482712 195.25 q/s (% mem usage: 6.30, % mem avail: 93.73)
1101500 5639.946056842804 195.30 q/s (% mem usage: 6.30, % mem avail: 93.73)
1102000 5642.09223985672 195.32 q/s (% mem usage: 6.30, % mem avail: 93.73)
1102500 5642.218430995941 195.40 q/s (% mem usage: 6.30, % mem avail: 93.73)
1103000 5642.809375047684 195.47 q/s (% mem usage: 6.30, % mem avail: 93.73)
1103500 5643.793483495712 195.52 q/s (% mem usage: 6.30, % mem avail: 93.73)
1104000 5646.303859710693 195.53 q/s (% mem usage: 6.30, % mem avail: 93.73)
1104500 5646.354619264603 195.61 q/s (% mem usage: 6.30, % mem avail: 93.73)
1105000 5646.778995513916 195.69 q/s (% mem usage: 6.30, % mem avail: 93.73)
1105500 5647.702891588211 195.74 q/s (% mem usage: 6.30, % mem avail: 93.73)
1106000 5648.509855508804 195.80 q/s (% mem usage: 6.30, % mem avail: 93.73)
1106500 5649.499912261963 195.86 q/s (% mem usage: 6.30, % mem avail: 93.73)
1107000 5650.674139499664 195.91 q/s (% mem usage: 6.30, % mem avail: 93.73)
1107500 5651.930262565613 195.95 q/s (% mem usage: 6.30, % mem avail: 93.73)
1108000 5652.438121318817 196.02 q/s (% mem usage: 6.30, % mem avail: 93.73)
1108500 5653.278762578964 196.08 q/s (% mem usage: 6.30, % mem avail: 93.73)
1109000 5655.648386955261 196.09 q/s (% mem usage: 6.30, % mem avail: 93.73)
1109500 5655.709318637848 196.17 q/s (% mem usage: 6.30, % mem avail: 93.73)
1110000 5656.301676273346 196.24 q/s (% mem usage: 6.30, % mem avail: 93.73)
1110500 5658.0485944747925 196.27 q/s (% mem usage: 6.30, % mem avail: 93.73)
1111000 5658.387279987335 196.35 q/s (% mem usage: 6.30, % mem avail: 93.73)
1111500 5659.3093292713165 196.40 q/s (% mem usage: 6.30, % mem avail: 93.73)
1112000 5660.625930309296 196.44 q/s (% mem usage: 6.30, % mem avail: 93.73)
1112500 5661.197046995163 196.51 q/s (% mem usage: 6.30, % mem avail: 93.73)
1113000 5662.014362812042 196.57 q/s (% mem usage: 6.30, % mem avail: 93.73)
1113500 5663.30476474762 196.62 q/s (% mem usage: 6.30, % mem avail: 93.73)
1114000 5663.823585987091 196.69 q/s (% mem usage: 6.30, % mem avail: 93.73)
1114500 5664.8797955513 196.74 q/s (% mem usage: 6.30, % mem avail: 93.73)
1115000 5665.786539077759 196.80 q/s (% mem usage: 6.30, % mem avail: 93.73)
1115500 5667.206542730331 196.83 q/s (% mem usage: 6.30, % mem avail: 93.73)
1116000 5667.740118503571 196.90 q/s (% mem usage: 6.30, % mem avail: 93.73)
1116500 5668.666725158691 196.96 q/s (% mem usage: 6.30, % mem avail: 93.73)
1117000 5669.485859632492 197.02 q/s (% mem usage: 6.30, % mem avail: 93.73)
1117500 5670.4434905052185 197.07 q/s (% mem usage: 6.30, % mem avail: 93.73)
1118000 5671.645717859268 197.12 q/s (% mem usage: 6.30, % mem avail: 93.73)
1118500 5672.433680772781 197.18 q/s (% mem usage: 6.30, % mem avail: 93.73)
1119000 5674.92097735405 197.18 q/s (% mem usage: 6.30, % mem avail: 93.73)
1119500 5674.97288608551 197.27 q/s (% mem usage: 6.30, % mem avail: 93.73)
1120000 5675.179769277573 197.35 q/s (% mem usage: 6.30, % mem avail: 93.73)
1120500 5677.170365333557 197.37 q/s (% mem usage: 6.30, % mem avail: 93.73)
1121000 5677.210035562515 197.46 q/s (% mem usage: 6.30, % mem avail: 93.73)
1121500 5677.834767341614 197.52 q/s (% mem usage: 6.30, % mem avail: 93.73)
1122000 5678.745993614197 197.58 q/s (% mem usage: 6.30, % mem avail: 93.73)
1122500 5680.5766248703 197.60 q/s (% mem usage: 6.30, % mem avail: 93.73)
1123000 5680.6955280303955 197.69 q/s (% mem usage: 6.30, % mem avail: 93.73)
1123500 5681.695563793182 197.74 q/s (% mem usage: 6.30, % mem avail: 93.73)
1124000 5682.770297288895 197.79 q/s (% mem usage: 6.30, % mem avail: 93.73)
1124500 5683.713434934616 197.85 q/s (% mem usage: 6.30, % mem avail: 93.73)
1125000 5685.039949893951 197.89 q/s (% mem usage: 6.30, % mem avail: 93.73)
1125500 5685.6324055194855 197.96 q/s (% mem usage: 6.30, % mem avail: 93.73)
1126000 5686.743488788605 198.00 q/s (% mem usage: 6.30, % mem avail: 93.73)
1126500 5687.569380998611 198.06 q/s (% mem usage: 6.30, % mem avail: 93.73)
1127000 5688.319504499435 198.13 q/s (% mem usage: 6.30, % mem avail: 93.73)
1127500 5689.381422281265 198.18 q/s (% mem usage: 6.30, % mem avail: 93.73)
1128000 5690.268558979034 198.23 q/s (% mem usage: 6.30, % mem avail: 93.73)
1128500 5691.178558588028 198.29 q/s (% mem usage: 6.30, % mem avail: 93.72)
1129000 5693.047867059708 198.31 q/s (% mem usage: 6.30, % mem avail: 93.72)
1129500 5693.115957736969 198.40 q/s (% mem usage: 6.30, % mem avail: 93.72)
1130000 5693.989733457565 198.45 q/s (% mem usage: 6.30, % mem avail: 93.71)
1130500 5695.15789937973 198.50 q/s (% mem usage: 6.30, % mem avail: 93.72)
1131000 5695.90801692009 198.56 q/s (% mem usage: 6.30, % mem avail: 93.72)
1131500 5697.272530555725 198.60 q/s (% mem usage: 6.30, % mem avail: 93.71)
1132000 5697.996410608292 198.67 q/s (% mem usage: 6.30, % mem avail: 93.71)
1132500 5699.020084142685 198.72 q/s (% mem usage: 6.30, % mem avail: 93.71)
1133000 5700.66542840004 198.75 q/s (% mem usage: 6.30, % mem avail: 93.71)
1133500 5700.825163841248 198.83 q/s (% mem usage: 6.30, % mem avail: 93.71)
1134000 5701.816749572754 198.88 q/s (% mem usage: 6.30, % mem avail: 93.71)
1134500 5702.679523944855 198.94 q/s (% mem usage: 6.30, % mem avail: 93.71)
1135000 5703.615536928177 199.00 q/s (% mem usage: 6.30, % mem avail: 93.71)
1135500 5704.582191228867 199.05 q/s (% mem usage: 6.30, % mem avail: 93.71)
1136000 5706.186091184616 199.08 q/s (% mem usage: 6.30, % mem avail: 93.72)
1136500 5706.454923629761 199.16 q/s (% mem usage: 6.30, % mem avail: 93.72)
1137000 5707.243524074554 199.22 q/s (% mem usage: 6.30, % mem avail: 93.71)
1137500 5708.242539644241 199.27 q/s (% mem usage: 6.30, % mem avail: 93.71)
1138000 5709.167713403702 199.33 q/s (% mem usage: 6.30, % mem avail: 93.71)
1138500 5710.061254739761 199.38 q/s (% mem usage: 6.30, % mem avail: 93.72)
1139000 5711.509249925613 199.42 q/s (% mem usage: 6.30, % mem avail: 93.72)
1139500 5711.9313769340515 199.49 q/s (% mem usage: 6.30, % mem avail: 93.72)
1140000 5713.556846857071 199.53 q/s (% mem usage: 6.30, % mem avail: 93.72)
1140500 5713.970801591873 199.60 q/s (% mem usage: 6.30, % mem avail: 93.72)
1141000 5714.781218290329 199.66 q/s (% mem usage: 6.30, % mem avail: 93.72)
1141500 5715.775027275085 199.71 q/s (% mem usage: 6.30, % mem avail: 93.72)
1142000 5716.714121341705 199.77 q/s (% mem usage: 6.30, % mem avail: 93.72)
1142500 5717.660801649094 199.82 q/s (% mem usage: 6.30, % mem avail: 93.72)
1143000 5718.61452627182 199.87 q/s (% mem usage: 6.30, % mem avail: 93.72)
1143500 5721.105809211731 199.87 q/s (% mem usage: 6.30, % mem avail: 93.72)
1144000 5721.154982328415 199.96 q/s (% mem usage: 6.30, % mem avail: 93.72)
1144500 5723.130563735962 199.98 q/s (% mem usage: 6.30, % mem avail: 93.72)
1145000 5723.178170442581 200.06 q/s (% mem usage: 6.30, % mem avail: 93.72)
1145500 5723.604698896408 200.14 q/s (% mem usage: 6.30, % mem avail: 93.72)
1146000 5724.534237384796 200.19 q/s (% mem usage: 6.30, % mem avail: 93.72)
1146500 5725.416882753372 200.25 q/s (% mem usage: 6.30, % mem avail: 93.72)
1147000 5726.440657615662 200.30 q/s (% mem usage: 6.30, % mem avail: 93.72)
1147500 5727.543965578079 200.35 q/s (% mem usage: 6.30, % mem avail: 93.72)
1148000 5728.443897485733 200.40 q/s (% mem usage: 6.30, % mem avail: 93.72)
1148500 5729.402678728104 200.46 q/s (% mem usage: 6.30, % mem avail: 93.73)
1149000 5730.639676570892 200.50 q/s (% mem usage: 6.30, % mem avail: 93.73)
1149500 5731.468896865845 200.56 q/s (% mem usage: 6.30, % mem avail: 93.72)
1150000 5732.3638207912445 200.62 q/s (% mem usage: 6.30, % mem avail: 93.72)
1150500 5733.283957004547 200.67 q/s (% mem usage: 6.30, % mem avail: 93.72)
1151000 5734.275842189789 200.72 q/s (% mem usage: 6.30, % mem avail: 93.72)
1151500 5735.323251724243 200.77 q/s (% mem usage: 6.30, % mem avail: 93.72)
1152000 5736.2173137664795 200.83 q/s (% mem usage: 6.30, % mem avail: 93.72)
1152500 5737.123334169388 200.88 q/s (% mem usage: 6.30, % mem avail: 93.72)
1153000 5738.311944961548 200.93 q/s (% mem usage: 6.30, % mem avail: 93.72)
1153500 5738.937794923782 201.00 q/s (% mem usage: 6.30, % mem avail: 93.72)
1154000 5739.792117595673 201.05 q/s (% mem usage: 6.30, % mem avail: 93.72)
1154500 5740.838505268097 201.10 q/s (% mem usage: 6.30, % mem avail: 93.72)
1155000 5741.59857749939 201.16 q/s (% mem usage: 6.30, % mem avail: 93.72)
1155500 5742.607618331909 201.22 q/s (% mem usage: 6.30, % mem avail: 93.72)
1156000 5743.644061326981 201.27 q/s (% mem usage: 6.30, % mem avail: 93.72)
1156500 5744.462825298309 201.32 q/s (% mem usage: 6.30, % mem avail: 93.72)
1157000 5745.23415184021 201.38 q/s (% mem usage: 6.30, % mem avail: 93.72)
1157500 5746.301488399506 201.43 q/s (% mem usage: 6.30, % mem avail: 93.72)
1158000 5747.41045498848 201.48 q/s (% mem usage: 6.30, % mem avail: 93.72)
1158500 5748.138210296631 201.54 q/s (% mem usage: 6.30, % mem avail: 93.72)
1159000 5749.1519231796265 201.59 q/s (% mem usage: 6.30, % mem avail: 93.72)
1159500 5750.047399044037 201.65 q/s (% mem usage: 6.30, % mem avail: 93.72)
1160000 5751.8296637535095 201.67 q/s (% mem usage: 6.30, % mem avail: 93.72)
1160500 5752.123127937317 201.75 q/s (% mem usage: 6.30, % mem avail: 93.72)
1161000 5753.385570049286 201.79 q/s (% mem usage: 6.30, % mem avail: 93.72)
1161500 5753.994579792023 201.86 q/s (% mem usage: 6.30, % mem avail: 93.72)
1162000 5755.386191606522 201.90 q/s (% mem usage: 6.30, % mem avail: 93.72)
1162500 5755.7780158519745 201.97 q/s (% mem usage: 6.30, % mem avail: 93.72)
1163000 5756.699555397034 202.03 q/s (% mem usage: 6.30, % mem avail: 93.72)
1163500 5757.6995487213135 202.08 q/s (% mem usage: 6.30, % mem avail: 93.72)
1164000 5758.658205747604 202.13 q/s (% mem usage: 6.30, % mem avail: 93.72)
1164500 5759.484551668167 202.19 q/s (% mem usage: 6.30, % mem avail: 93.72)
1165000 5760.528018712997 202.24 q/s (% mem usage: 6.30, % mem avail: 93.72)
1165500 5761.3432602882385 202.30 q/s (% mem usage: 6.30, % mem avail: 93.72)
1166000 5762.285463094711 202.35 q/s (% mem usage: 6.30, % mem avail: 93.72)
1166500 5763.174301862717 202.41 q/s (% mem usage: 6.30, % mem avail: 93.72)
1167000 5766.010143995285 202.39 q/s (% mem usage: 6.30, % mem avail: 93.72)
1167500 5766.054827213287 202.48 q/s (% mem usage: 6.30, % mem avail: 93.72)
1168000 5766.172501087189 202.56 q/s (% mem usage: 6.30, % mem avail: 93.72)
1168500 5767.850539445877 202.59 q/s (% mem usage: 6.30, % mem avail: 93.72)
1169000 5768.1197781562805 202.67 q/s (% mem usage: 6.30, % mem avail: 93.72)
1169500 5770.362696170807 202.67 q/s (% mem usage: 6.30, % mem avail: 93.72)
1170000 5770.410403728485 202.76 q/s (% mem usage: 6.30, % mem avail: 93.72)
1170500 5770.9690182209015 202.83 q/s (% mem usage: 6.30, % mem avail: 93.72)
1171000 5771.858410358429 202.88 q/s (% mem usage: 6.30, % mem avail: 93.72)
1171500 5772.829636096954 202.93 q/s (% mem usage: 6.30, % mem avail: 93.72)
1172000 5775.037719964981 202.94 q/s (% mem usage: 6.30, % mem avail: 93.72)
1172500 5775.08505821228 203.03 q/s (% mem usage: 6.30, % mem avail: 93.72)
1173000 5775.612249135971 203.10 q/s (% mem usage: 6.30, % mem avail: 93.72)
1173500 5777.3432195186615 203.12 q/s (% mem usage: 6.30, % mem avail: 93.72)
1174000 5778.612842082977 203.16 q/s (% mem usage: 6.30, % mem avail: 93.73)
1174500 5780.010253190994 203.20 q/s (% mem usage: 6.30, % mem avail: 93.73)
1175000 5780.578780412674 203.27 q/s (% mem usage: 6.30, % mem avail: 93.73)
1175500 5780.889133930206 203.34 q/s (% mem usage: 6.30, % mem avail: 93.73)
1176000 5781.4030702114105 203.41 q/s (% mem usage: 6.30, % mem avail: 93.73)
1176500 5782.7509660720825 203.45 q/s (% mem usage: 6.30, % mem avail: 93.73)
1177000 5783.192663908005 203.52 q/s (% mem usage: 6.30, % mem avail: 93.73)
1177500 5784.180208683014 203.57 q/s (% mem usage: 6.30, % mem avail: 93.73)
1178000 5785.628909111023 203.61 q/s (% mem usage: 6.30, % mem avail: 93.73)
1178500 5786.466255187988 203.66 q/s (% mem usage: 6.30, % mem avail: 93.73)
1179000 5787.317346096039 203.72 q/s (% mem usage: 6.30, % mem avail: 93.73)
1179500 5788.327647686005 203.77 q/s (% mem usage: 6.30, % mem avail: 93.73)
1180000 5789.156692266464 203.83 q/s (% mem usage: 6.30, % mem avail: 93.73)
1180500 5790.025056838989 203.89 q/s (% mem usage: 6.30, % mem avail: 93.73)
1181000 5790.989664316177 203.94 q/s (% mem usage: 6.30, % mem avail: 93.73)
1181500 5791.928120136261 203.99 q/s (% mem usage: 6.30, % mem avail: 93.73)
1182000 5792.739638090134 204.05 q/s (% mem usage: 6.30, % mem avail: 93.73)
1182500 5793.752897977829 204.10 q/s (% mem usage: 6.30, % mem avail: 93.74)
1183000 5794.698484420776 204.15 q/s (% mem usage: 6.30, % mem avail: 93.74)
1183500 5795.632797241211 204.21 q/s (% mem usage: 6.30, % mem avail: 93.74)
1184000 5796.538272380829 204.26 q/s (% mem usage: 6.30, % mem avail: 93.74)
1184500 5797.338959932327 204.32 q/s (% mem usage: 6.30, % mem avail: 93.73)
1185000 5798.686677694321 204.36 q/s (% mem usage: 6.30, % mem avail: 93.73)
1185500 5799.463060379028 204.42 q/s (% mem usage: 6.30, % mem avail: 93.73)
1186000 5800.269399642944 204.47 q/s (% mem usage: 6.30, % mem avail: 93.73)
1186500 5801.277762413025 204.52 q/s (% mem usage: 6.30, % mem avail: 93.73)
1187000 5802.042173862457 204.58 q/s (% mem usage: 6.30, % mem avail: 93.73)
1187500 5802.902697086334 204.64 q/s (% mem usage: 6.30, % mem avail: 93.74)
1188000 5804.046841144562 204.68 q/s (% mem usage: 6.30, % mem avail: 93.74)
1188500 5805.786378860474 204.71 q/s (% mem usage: 6.30, % mem avail: 93.74)
1189000 5805.9092233181 204.79 q/s (% mem usage: 6.30, % mem avail: 93.74)
1189500 5806.842663526535 204.84 q/s (% mem usage: 6.30, % mem avail: 93.74)
1190000 5807.710335254669 204.90 q/s (% mem usage: 6.30, % mem avail: 93.74)
1190500 5808.723025083542 204.95 q/s (% mem usage: 6.30, % mem avail: 93.74)
1191000 5809.545387506485 205.01 q/s (% mem usage: 6.30, % mem avail: 93.74)
1191500 5810.466199159622 205.06 q/s (% mem usage: 6.30, % mem avail: 93.74)
1192000 5811.294014453888 205.12 q/s (% mem usage: 6.30, % mem avail: 93.74)
1192500 5813.244694948196 205.14 q/s (% mem usage: 6.30, % mem avail: 93.73)
1193000 5813.397336483002 205.22 q/s (% mem usage: 6.30, % mem avail: 93.73)
1193500 5814.32053232193 205.27 q/s (% mem usage: 6.30, % mem avail: 93.73)
1194000 5815.170342206955 205.33 q/s (% mem usage: 6.30, % mem avail: 93.74)
1194500 5816.106113910675 205.38 q/s (% mem usage: 6.30, % mem avail: 93.74)
1195000 5817.0571937561035 205.43 q/s (% mem usage: 6.30, % mem avail: 93.74)
1195500 5819.11502289772 205.44 q/s (% mem usage: 6.30, % mem avail: 93.73)
1196000 5820.446824789047 205.48 q/s (% mem usage: 6.30, % mem avail: 93.73)
1196500 5820.507164001465 205.57 q/s (% mem usage: 6.30, % mem avail: 93.73)
1197000 5821.0887360572815 205.63 q/s (% mem usage: 6.30, % mem avail: 93.73)
1197500 5822.104484081268 205.68 q/s (% mem usage: 6.30, % mem avail: 93.74)
1198000 5823.138430356979 205.73 q/s (% mem usage: 6.30, % mem avail: 93.74)
1198500 5825.366983413696 205.74 q/s (% mem usage: 6.30, % mem avail: 93.73)
1199000 5825.414542675018 205.82 q/s (% mem usage: 6.30, % mem avail: 93.73)
1199500 5826.7445504665375 205.86 q/s (% mem usage: 6.30, % mem avail: 93.73)
1200000 5826.8769590854645 205.94 q/s (% mem usage: 6.30, % mem avail: 93.73)
1200500 5827.931973218918 205.99 q/s (% mem usage: 6.30, % mem avail: 93.73)
1201000 5829.644699811935 206.02 q/s (% mem usage: 6.30, % mem avail: 93.73)
1201500 5829.894733905792 206.09 q/s (% mem usage: 6.30, % mem avail: 93.73)
1202000 5830.968379497528 206.14 q/s (% mem usage: 6.30, % mem avail: 93.73)
1202500 5831.657856702805 206.20 q/s (% mem usage: 6.30, % mem avail: 93.74)
1203000 5832.645996809006 206.25 q/s (% mem usage: 6.30, % mem avail: 93.73)
1203500 5833.508268117905 206.31 q/s (% mem usage: 6.30, % mem avail: 93.73)
1204000 5834.749407291412 206.35 q/s (% mem usage: 6.30, % mem avail: 93.73)
1204500 5836.16012096405 206.39 q/s (% mem usage: 6.30, % mem avail: 93.73)
1205000 5836.347406625748 206.46 q/s (% mem usage: 6.30, % mem avail: 93.73)
1205500 5837.268137216568 206.52 q/s (% mem usage: 6.30, % mem avail: 93.73)
1206000 5838.894720554352 206.55 q/s (% mem usage: 6.30, % mem avail: 93.73)
1206500 5840.572558641434 206.57 q/s (% mem usage: 6.30, % mem avail: 93.73)
1207000 5840.6201984882355 206.66 q/s (% mem usage: 6.30, % mem avail: 93.73)
1207500 5841.010299444199 206.73 q/s (% mem usage: 6.30, % mem avail: 93.73)
1208000 5843.438543081284 206.73 q/s (% mem usage: 6.30, % mem avail: 93.73)
1208500 5843.489221572876 206.81 q/s (% mem usage: 6.30, % mem avail: 93.73)
1209000 5843.931415557861 206.88 q/s (% mem usage: 6.30, % mem avail: 93.73)
1209500 5844.7688682079315 206.94 q/s (% mem usage: 6.30, % mem avail: 93.73)
1210000 5845.874433994293 206.98 q/s (% mem usage: 6.30, % mem avail: 93.73)
1210500 5846.965145349503 207.03 q/s (% mem usage: 6.30, % mem avail: 93.73)
1211000 5847.989793539047 207.08 q/s (% mem usage: 6.30, % mem avail: 93.73)
1211500 5848.963275432587 207.13 q/s (% mem usage: 6.30, % mem avail: 93.73)
1212000 5849.911310195923 207.18 q/s (% mem usage: 6.30, % mem avail: 93.73)
1212500 5850.892610549927 207.23 q/s (% mem usage: 6.30, % mem avail: 93.73)
1213000 5852.171195983887 207.27 q/s (% mem usage: 6.30, % mem avail: 93.73)
1213500 5852.942971467972 207.33 q/s (% mem usage: 6.30, % mem avail: 93.73)
1214000 5853.826465845108 207.39 q/s (% mem usage: 6.30, % mem avail: 93.73)
1214500 5854.726651906967 207.44 q/s (% mem usage: 6.30, % mem avail: 93.73)
1215000 5855.595647096634 207.49 q/s (% mem usage: 6.30, % mem avail: 93.73)
1215500 5856.594456911087 207.54 q/s (% mem usage: 6.30, % mem avail: 93.73)
1216000 5857.515878200531 207.60 q/s (% mem usage: 6.30, % mem avail: 93.73)
1216500 5858.5447998046875 207.65 q/s (% mem usage: 6.30, % mem avail: 93.73)
1217000 5859.489746332169 207.70 q/s (% mem usage: 6.30, % mem avail: 93.73)
1217500 5860.41029047966 207.75 q/s (% mem usage: 6.30, % mem avail: 93.73)
1218000 5861.259731531143 207.81 q/s (% mem usage: 6.30, % mem avail: 93.73)
1218500 5862.265455961227 207.85 q/s (% mem usage: 6.30, % mem avail: 93.73)
1219000 5864.353121042252 207.87 q/s (% mem usage: 6.30, % mem avail: 93.73)
1219500 5864.409388542175 207.95 q/s (% mem usage: 6.30, % mem avail: 93.73)
1220000 5866.017574310303 207.98 q/s (% mem usage: 6.30, % mem avail: 93.73)
1220500 5866.084187030792 208.06 q/s (% mem usage: 6.30, % mem avail: 93.73)
1221000 5867.134261369705 208.11 q/s (% mem usage: 6.30, % mem avail: 93.74)
1221500 5867.947321176529 208.16 q/s (% mem usage: 6.30, % mem avail: 93.74)
1222000 5869.534779787064 208.19 q/s (% mem usage: 6.30, % mem avail: 93.74)
1222500 5869.787305355072 208.27 q/s (% mem usage: 6.30, % mem avail: 93.74)
1223000 5870.757055282593 208.32 q/s (% mem usage: 6.30, % mem avail: 93.74)
1223500 5871.626227617264 208.37 q/s (% mem usage: 6.30, % mem avail: 93.74)
1224000 5872.463487625122 208.43 q/s (% mem usage: 6.30, % mem avail: 93.73)
1224500 5873.495906829834 208.48 q/s (% mem usage: 6.30, % mem avail: 93.73)
1225000 5875.709561347961 208.49 q/s (% mem usage: 6.30, % mem avail: 93.73)
1225500 5875.762054681778 208.57 q/s (% mem usage: 6.30, % mem avail: 93.73)
1226000 5876.374512195587 208.63 q/s (% mem usage: 6.30, % mem avail: 93.73)
1226500 5878.239610910416 208.65 q/s (% mem usage: 6.30, % mem avail: 93.74)
1227000 5878.435595750809 208.73 q/s (% mem usage: 6.30, % mem avail: 93.74)
1227500 5879.098257780075 208.79 q/s (% mem usage: 6.30, % mem avail: 93.74)
1228000 5880.077288866043 208.84 q/s (% mem usage: 6.30, % mem avail: 93.74)
1228500 5881.048510313034 208.89 q/s (% mem usage: 6.30, % mem avail: 93.74)
1229000 5882.051734447479 208.94 q/s (% mem usage: 6.30, % mem avail: 93.74)
1229500 5883.263817071915 208.98 q/s (% mem usage: 6.30, % mem avail: 93.74)
1230000 5884.969792127609 209.01 q/s (% mem usage: 6.30, % mem avail: 93.74)
1230500 5885.370591163635 209.08 q/s (% mem usage: 6.30, % mem avail: 93.74)
1231000 5885.849789619446 209.15 q/s (% mem usage: 6.30, % mem avail: 93.74)
1231500 5886.732969284058 209.20 q/s (% mem usage: 6.30, % mem avail: 93.74)
1232000 5887.540617465973 209.26 q/s (% mem usage: 6.30, % mem avail: 93.74)
1232500 5889.266904830933 209.28 q/s (% mem usage: 6.30, % mem avail: 93.73)
1233000 5889.591913461685 209.35 q/s (% mem usage: 6.30, % mem avail: 93.73)
1233500 5890.540075063705 209.40 q/s (% mem usage: 6.30, % mem avail: 93.73)
1234000 5892.250343799591 209.43 q/s (% mem usage: 6.30, % mem avail: 93.73)
1234500 5892.464507818222 209.50 q/s (% mem usage: 6.30, % mem avail: 93.73)
1235000 5893.553665876389 209.55 q/s (% mem usage: 6.30, % mem avail: 93.73)
1235500 5894.396170139313 209.61 q/s (% mem usage: 6.30, % mem avail: 93.73)
1236000 5895.658532619476 209.65 q/s (% mem usage: 6.30, % mem avail: 93.73)
1236500 5896.255446434021 209.71 q/s (% mem usage: 6.30, % mem avail: 93.73)
1237000 5897.21447467804 209.76 q/s (% mem usage: 6.30, % mem avail: 93.73)
1237500 5898.038157939911 209.82 q/s (% mem usage: 6.30, % mem avail: 93.73)
1238000 5899.012080907822 209.87 q/s (% mem usage: 6.30, % mem avail: 93.73)
1238500 5899.974729537964 209.92 q/s (% mem usage: 6.30, % mem avail: 93.74)
1239000 5901.00173997879 209.96 q/s (% mem usage: 6.30, % mem avail: 93.74)
1239500 5901.632762670517 210.03 q/s (% mem usage: 6.30, % mem avail: 93.74)
1240000 5902.568675279617 210.08 q/s (% mem usage: 6.30, % mem avail: 93.73)
1240500 5903.603937864304 210.13 q/s (% mem usage: 6.30, % mem avail: 93.73)
1241000 5904.793172597885 210.17 q/s (% mem usage: 6.30, % mem avail: 93.73)
1241500 5905.33417224884 210.23 q/s (% mem usage: 6.30, % mem avail: 93.73)
1242000 5906.507604837418 210.28 q/s (% mem usage: 6.30, % mem avail: 93.73)
1242500 5907.244449853897 210.33 q/s (% mem usage: 6.30, % mem avail: 93.73)
1243000 5907.995128154755 210.39 q/s (% mem usage: 6.30, % mem avail: 93.73)
1243500 5909.038429021835 210.44 q/s (% mem usage: 6.30, % mem avail: 93.73)
1244000 5909.964011192322 210.49 q/s (% mem usage: 6.30, % mem avail: 93.73)
1244500 5910.9935801029205 210.54 q/s (% mem usage: 6.30, % mem avail: 93.73)
1245000 5911.828303813934 210.59 q/s (% mem usage: 6.30, % mem avail: 93.73)
1245500 5912.915488243103 210.64 q/s (% mem usage: 6.30, % mem avail: 93.73)
1246000 5913.696963787079 210.70 q/s (% mem usage: 6.30, % mem avail: 93.73)
1246500 5914.642990112305 210.75 q/s (% mem usage: 6.30, % mem avail: 93.73)
1247000 5915.748446702957 210.79 q/s (% mem usage: 6.30, % mem avail: 93.73)
1247500 5917.250114202499 210.82 q/s (% mem usage: 6.30, % mem avail: 93.73)
1248000 5917.600639104843 210.90 q/s (% mem usage: 6.30, % mem avail: 93.73)
1248500 5918.771140098572 210.94 q/s (% mem usage: 6.30, % mem avail: 93.73)
1249000 5919.561746120453 211.00 q/s (% mem usage: 6.30, % mem avail: 93.73)
1249500 5920.510895490646 211.05 q/s (% mem usage: 6.30, % mem avail: 93.73)
1250000 5921.509517908096 211.09 q/s (% mem usage: 6.30, % mem avail: 93.73)
1250500 5923.461007595062 211.11 q/s (% mem usage: 6.30, % mem avail: 93.73)
1251000 5923.534736871719 211.19 q/s (% mem usage: 6.30, % mem avail: 93.73)
1251500 5924.460291147232 211.24 q/s (% mem usage: 6.30, % mem avail: 93.73)
1252000 5925.473025083542 211.29 q/s (% mem usage: 6.30, % mem avail: 93.73)
1252500 5926.532575368881 211.34 q/s (% mem usage: 6.30, % mem avail: 93.73)
1253000 5928.1307721138 211.37 q/s (% mem usage: 6.30, % mem avail: 93.73)
1253500 5928.457242965698 211.44 q/s (% mem usage: 6.30, % mem avail: 93.73)
1254000 5929.276383638382 211.49 q/s (% mem usage: 6.30, % mem avail: 93.73)
1254500 5930.23294711113 211.54 q/s (% mem usage: 6.30, % mem avail: 93.73)
1255000 5931.5436198711395 211.58 q/s (% mem usage: 6.30, % mem avail: 93.73)
1255500 5932.0892424583435 211.65 q/s (% mem usage: 6.30, % mem avail: 93.73)
1256000 5933.12208366394 211.69 q/s (% mem usage: 6.30, % mem avail: 93.73)
1256500 5933.9713451862335 211.75 q/s (% mem usage: 6.30, % mem avail: 93.73)
1257000 5935.77055978775 211.77 q/s (% mem usage: 6.30, % mem avail: 93.73)
1257500 5935.924784183502 211.85 q/s (% mem usage: 6.30, % mem avail: 93.73)
1258000 5936.883892774582 211.90 q/s (% mem usage: 6.30, % mem avail: 93.73)
1258500 5937.902601480484 211.94 q/s (% mem usage: 6.30, % mem avail: 93.73)
1259000 5938.934992074966 211.99 q/s (% mem usage: 6.30, % mem avail: 93.73)
1259500 5939.711368560791 212.05 q/s (% mem usage: 6.30, % mem avail: 93.73)
1260000 5940.624174594879 212.10 q/s (% mem usage: 6.30, % mem avail: 93.74)
1260500 5942.739720106125 212.11 q/s (% mem usage: 6.30, % mem avail: 93.74)
1261000 5942.787739038467 212.19 q/s (% mem usage: 6.30, % mem avail: 93.74)
1261500 5943.4355709552765 212.25 q/s (% mem usage: 6.30, % mem avail: 93.74)
1262000 5944.614303350449 212.29 q/s (% mem usage: 6.30, % mem avail: 93.74)
1262500 5945.37998509407 212.35 q/s (% mem usage: 6.30, % mem avail: 93.74)
1263000 5946.454170703888 212.40 q/s (% mem usage: 6.30, % mem avail: 93.74)
1263500 5947.3457181453705 212.45 q/s (% mem usage: 6.30, % mem avail: 93.74)
1264000 5948.500671863556 212.49 q/s (% mem usage: 6.30, % mem avail: 93.73)
1264500 5949.287415742874 212.55 q/s (% mem usage: 6.30, % mem avail: 93.73)
1265000 5950.256313800812 212.60 q/s (% mem usage: 6.30, % mem avail: 93.73)
1265500 5951.722704648972 212.63 q/s (% mem usage: 6.30, % mem avail: 93.74)
1266000 5952.213341474533 212.69 q/s (% mem usage: 6.30, % mem avail: 93.74)
1266500 5953.713439941406 212.72 q/s (% mem usage: 6.30, % mem avail: 93.74)
1267000 5954.318576812744 212.79 q/s (% mem usage: 6.30, % mem avail: 93.74)
1267500 5955.1884253025055 212.84 q/s (% mem usage: 6.30, % mem avail: 93.74)
1268000 5956.400953292847 212.88 q/s (% mem usage: 6.30, % mem avail: 93.74)
1268500 5957.052169561386 212.94 q/s (% mem usage: 6.30, % mem avail: 93.74)
1269000 5958.073459386826 212.99 q/s (% mem usage: 6.30, % mem avail: 93.74)
1269500 5959.11447262764 213.04 q/s (% mem usage: 6.30, % mem avail: 93.74)
1270000 5960.081916809082 213.08 q/s (% mem usage: 6.30, % mem avail: 93.73)
1270500 5961.229928970337 213.13 q/s (% mem usage: 6.30, % mem avail: 93.73)
1271000 5962.036702156067 213.18 q/s (% mem usage: 6.30, % mem avail: 93.73)
1271500 5963.123334646225 213.23 q/s (% mem usage: 6.30, % mem avail: 93.73)
1272000 5964.025445461273 213.28 q/s (% mem usage: 6.30, % mem avail: 93.73)
1272500 5964.914403676987 213.33 q/s (% mem usage: 6.30, % mem avail: 93.73)
1273000 5965.8150889873505 213.38 q/s (% mem usage: 6.30, % mem avail: 93.73)
1273500 5966.80758190155 213.43 q/s (% mem usage: 6.30, % mem avail: 93.74)
1274000 5967.849151134491 213.48 q/s (% mem usage: 6.30, % mem avail: 93.74)
1274500 5968.776414394379 213.53 q/s (% mem usage: 6.30, % mem avail: 93.74)
1275000 5969.806353330612 213.57 q/s (% mem usage: 6.30, % mem avail: 93.74)
1275500 5970.8017411231995 213.62 q/s (% mem usage: 6.30, % mem avail: 93.74)
1276000 5971.91689825058 213.67 q/s (% mem usage: 6.30, % mem avail: 93.74)
1276500 5972.642429828644 213.72 q/s (% mem usage: 6.30, % mem avail: 93.74)
1277000 5973.610473394394 213.77 q/s (% mem usage: 6.30, % mem avail: 93.74)
1277500 5974.651173830032 213.82 q/s (% mem usage: 6.30, % mem avail: 93.74)
1278000 5975.666895389557 213.87 q/s (% mem usage: 6.30, % mem avail: 93.74)
1278500 5976.550094366074 213.92 q/s (% mem usage: 6.30, % mem avail: 93.74)
1279000 5977.491567611694 213.97 q/s (% mem usage: 6.30, % mem avail: 93.74)
1279500 5978.432382106781 214.02 q/s (% mem usage: 6.30, % mem avail: 93.74)
1280000 5979.371305704117 214.07 q/s (% mem usage: 6.30, % mem avail: 93.74)
1280500 5980.407764434814 214.12 q/s (% mem usage: 6.30, % mem avail: 93.74)
1281000 5981.370798110962 214.16 q/s (% mem usage: 6.30, % mem avail: 93.73)
1281500 5982.281979084015 214.22 q/s (% mem usage: 6.30, % mem avail: 93.74)
1282000 5983.207988500595 214.27 q/s (% mem usage: 6.30, % mem avail: 93.74)
1282500 5984.604752063751 214.30 q/s (% mem usage: 6.30, % mem avail: 93.74)
1283000 5985.320647954941 214.36 q/s (% mem usage: 6.30, % mem avail: 93.73)
1283500 5986.237429141998 214.41 q/s (% mem usage: 6.30, % mem avail: 93.74)
1284000 5987.264266014099 214.46 q/s (% mem usage: 6.30, % mem avail: 93.73)
1284500 5988.256249666214 214.50 q/s (% mem usage: 6.30, % mem avail: 93.73)
1285000 5989.111978530884 214.56 q/s (% mem usage: 6.30, % mem avail: 93.73)
1285500 5990.029277563095 214.61 q/s (% mem usage: 6.30, % mem avail: 93.74)
1286000 5990.92976975441 214.66 q/s (% mem usage: 6.30, % mem avail: 93.73)
1286500 5991.998887300491 214.70 q/s (% mem usage: 6.30, % mem avail: 93.74)
1287000 5992.777506113052 214.76 q/s (% mem usage: 6.30, % mem avail: 93.74)
1287500 5993.731940507889 214.81 q/s (% mem usage: 6.30, % mem avail: 93.73)
1288000 5994.695504188538 214.86 q/s (% mem usage: 6.30, % mem avail: 93.74)
1288500 5995.961386680603 214.89 q/s (% mem usage: 6.30, % mem avail: 93.74)
1289000 5996.6277849674225 214.95 q/s (% mem usage: 6.30, % mem avail: 93.74)
1289500 5997.507881402969 215.01 q/s (% mem usage: 6.30, % mem avail: 93.74)
1290000 5998.377788543701 215.06 q/s (% mem usage: 6.30, % mem avail: 93.74)
1290500 5999.323233604431 215.11 q/s (% mem usage: 6.30, % mem avail: 93.74)
1291000 6000.22629237175 215.16 q/s (% mem usage: 6.30, % mem avail: 93.75)
1291500 6001.309943437576 215.20 q/s (% mem usage: 6.30, % mem avail: 93.74)
1292000 6002.226575613022 215.25 q/s (% mem usage: 6.30, % mem avail: 93.74)
1292500 6003.151651382446 215.30 q/s (% mem usage: 6.30, % mem avail: 93.74)
1293000 6004.933895111084 215.32 q/s (% mem usage: 6.30, % mem avail: 93.74)
1293500 6005.223569154739 215.40 q/s (% mem usage: 6.30, % mem avail: 93.74)
1294000 6006.614521741867 215.43 q/s (% mem usage: 6.30, % mem avail: 93.74)
1294500 6007.0389840602875 215.50 q/s (% mem usage: 6.30, % mem avail: 93.74)
1295000 6007.864127635956 215.55 q/s (% mem usage: 6.30, % mem avail: 93.74)
1295500 6008.842051267624 215.60 q/s (% mem usage: 6.30, % mem avail: 93.74)
1296000 6009.737069606781 215.65 q/s (% mem usage: 6.30, % mem avail: 93.74)
1296500 6010.810151338577 215.69 q/s (% mem usage: 6.30, % mem avail: 93.74)
1297000 6012.5190234184265 215.72 q/s (% mem usage: 6.30, % mem avail: 93.74)
1297500 6012.664790153503 215.79 q/s (% mem usage: 6.30, % mem avail: 93.74)
1298000 6013.570112705231 215.85 q/s (% mem usage: 6.30, % mem avail: 93.74)
1298500 6014.568393707275 215.89 q/s (% mem usage: 6.30, % mem avail: 93.75)
1299000 6015.614710092545 215.94 q/s (% mem usage: 6.30, % mem avail: 93.74)
1299500 6016.876322031021 215.98 q/s (% mem usage: 6.30, % mem avail: 93.74)
1300000 6017.709859371185 216.03 q/s (% mem usage: 6.30, % mem avail: 93.74)
1300500 6018.824261665344 216.07 q/s (% mem usage: 6.30, % mem avail: 93.74)
1301000 6019.673537015915 216.12 q/s (% mem usage: 6.30, % mem avail: 93.74)
1301500 6020.53248000145 216.18 q/s (% mem usage: 6.30, % mem avail: 93.74)
1302000 6021.543747186661 216.22 q/s (% mem usage: 6.30, % mem avail: 93.74)
1302500 6022.4901423454285 216.27 q/s (% mem usage: 6.30, % mem avail: 93.74)
1303000 6023.392157793045 216.32 q/s (% mem usage: 6.30, % mem avail: 93.74)
1303500 6024.379379749298 216.37 q/s (% mem usage: 6.30, % mem avail: 93.75)
1304000 6025.33434176445 216.42 q/s (% mem usage: 6.30, % mem avail: 93.74)
1304500 6026.316559553146 216.47 q/s (% mem usage: 6.30, % mem avail: 93.74)
1305000 6027.218580245972 216.52 q/s (% mem usage: 6.30, % mem avail: 93.74)
1305500 6028.26736664772 216.56 q/s (% mem usage: 6.30, % mem avail: 93.74)
1306000 6029.171505689621 216.61 q/s (% mem usage: 6.30, % mem avail: 93.74)
1306500 6030.142731428146 216.66 q/s (% mem usage: 6.30, % mem avail: 93.74)
1307000 6031.684130907059 216.69 q/s (% mem usage: 6.30, % mem avail: 93.74)
1307500 6032.195337533951 216.75 q/s (% mem usage: 6.30, % mem avail: 93.74)
1308000 6033.10119342804 216.80 q/s (% mem usage: 6.30, % mem avail: 93.74)
1308500 6034.081823348999 216.85 q/s (% mem usage: 6.30, % mem avail: 93.74)
1309000 6035.930335521698 216.87 q/s (% mem usage: 6.30, % mem avail: 93.74)
1309500 6035.976230382919 216.95 q/s (% mem usage: 6.30, % mem avail: 93.74)
1310000 6038.418276548386 216.94 q/s (% mem usage: 6.30, % mem avail: 93.74)
1310500 6038.467943191528 217.03 q/s (% mem usage: 6.30, % mem avail: 93.74)
1311000 6038.935572147369 217.09 q/s (% mem usage: 6.30, % mem avail: 93.74)
1311500 6039.737721681595 217.15 q/s (% mem usage: 6.30, % mem avail: 93.74)
1312000 6041.863063573837 217.15 q/s (% mem usage: 6.30, % mem avail: 93.74)
1312500 6041.907852172852 217.23 q/s (% mem usage: 6.30, % mem avail: 93.74)
1313000 6042.789445638657 217.28 q/s (% mem usage: 6.30, % mem avail: 93.73)
1313500 6043.9920535087585 217.32 q/s (% mem usage: 6.30, % mem avail: 93.73)
1314000 6044.677765130997 217.38 q/s (% mem usage: 6.30, % mem avail: 93.73)
1314500 6045.716906070709 217.43 q/s (% mem usage: 6.30, % mem avail: 93.73)
1315000 6046.698662281036 217.47 q/s (% mem usage: 6.30, % mem avail: 93.73)
1315500 6048.425111293793 217.49 q/s (% mem usage: 6.30, % mem avail: 93.73)
1316000 6048.667792081833 217.57 q/s (% mem usage: 6.30, % mem avail: 93.73)
1316500 6049.538803815842 217.62 q/s (% mem usage: 6.30, % mem avail: 93.73)
1317000 6050.335067510605 217.67 q/s (% mem usage: 6.30, % mem avail: 93.73)
1317500 6051.319009542465 217.72 q/s (% mem usage: 6.30, % mem avail: 93.73)
1318000 6052.303495168686 217.77 q/s (% mem usage: 6.30, % mem avail: 93.73)
1318500 6053.162576913834 217.82 q/s (% mem usage: 6.30, % mem avail: 93.73)
1319000 6054.356152296066 217.86 q/s (% mem usage: 6.30, % mem avail: 93.73)
1319500 6055.037900924683 217.92 q/s (% mem usage: 6.30, % mem avail: 93.73)
1320000 6056.049824714661 217.96 q/s (% mem usage: 6.30, % mem avail: 93.73)
1320500 6057.108634471893 218.01 q/s (% mem usage: 6.30, % mem avail: 93.73)
1321000 6058.596921682358 218.04 q/s (% mem usage: 6.30, % mem avail: 93.73)
1321500 6059.119786024094 218.10 q/s (% mem usage: 6.30, % mem avail: 93.73)
1322000 6060.075717449188 218.15 q/s (% mem usage: 6.30, % mem avail: 93.73)
1322500 6061.507738113403 218.18 q/s (% mem usage: 6.30, % mem avail: 93.73)
1323000 6061.765656709671 218.25 q/s (% mem usage: 6.30, % mem avail: 93.73)
1323500 6064.203616142273 218.25 q/s (% mem usage: 6.30, % mem avail: 93.73)
1324000 6064.25678730011 218.33 q/s (% mem usage: 6.30, % mem avail: 93.73)
1324500 6064.767102718353 218.39 q/s (% mem usage: 6.30, % mem avail: 93.73)
1325000 6066.704308509827 218.41 q/s (% mem usage: 6.30, % mem avail: 93.73)
1325500 6066.7524383068085 218.49 q/s (% mem usage: 6.30, % mem avail: 93.73)
1326000 6067.512052536011 218.54 q/s (% mem usage: 6.30, % mem avail: 93.73)
1326500 6068.41623210907 218.59 q/s (% mem usage: 6.30, % mem avail: 93.73)
1327000 6069.740098237991 218.63 q/s (% mem usage: 6.30, % mem avail: 93.73)
1327500 6071.030729532242 218.66 q/s (% mem usage: 6.30, % mem avail: 93.73)
1328000 6071.4119601249695 218.73 q/s (% mem usage: 6.30, % mem avail: 93.73)
1328500 6072.314117431641 218.78 q/s (% mem usage: 6.30, % mem avail: 93.73)
1329000 6074.10560464859 218.80 q/s (% mem usage: 6.30, % mem avail: 93.73)
1329500 6074.417800426483 218.87 q/s (% mem usage: 6.30, % mem avail: 93.73)
1330000 6075.413384437561 218.92 q/s (% mem usage: 6.30, % mem avail: 93.73)
1330500 6077.659657001495 218.92 q/s (% mem usage: 6.30, % mem avail: 93.73)
1331000 6077.705362796783 219.00 q/s (% mem usage: 6.30, % mem avail: 93.73)
1331500 6078.384426355362 219.05 q/s (% mem usage: 6.30, % mem avail: 93.73)
1332000 6079.405512332916 219.10 q/s (% mem usage: 6.30, % mem avail: 93.73)
1332500 6080.196157455444 219.15 q/s (% mem usage: 6.30, % mem avail: 93.73)
1333000 6081.0902581214905 219.20 q/s (% mem usage: 6.30, % mem avail: 93.73)
1333500 6083.400507926941 219.20 q/s (% mem usage: 6.30, % mem avail: 93.73)
1334000 6083.446362733841 219.28 q/s (% mem usage: 6.30, % mem avail: 93.73)
1334500 6084.466698169708 219.33 q/s (% mem usage: 6.30, % mem avail: 93.73)
1335000 6084.99525976181 219.39 q/s (% mem usage: 6.30, % mem avail: 93.73)
1335500 6085.906182765961 219.44 q/s (% mem usage: 6.30, % mem avail: 93.73)
1336000 6086.936658620834 219.49 q/s (% mem usage: 6.30, % mem avail: 93.73)
1336500 6087.916365861893 219.53 q/s (% mem usage: 6.30, % mem avail: 93.74)
1337000 6088.897386550903 219.58 q/s (% mem usage: 6.30, % mem avail: 93.74)
1337500 6089.945383787155 219.62 q/s (% mem usage: 6.30, % mem avail: 93.74)
1338000 6090.793973684311 219.68 q/s (% mem usage: 6.30, % mem avail: 93.74)
1338500 6093.390175819397 219.66 q/s (% mem usage: 6.30, % mem avail: 93.73)
1339000 6093.442246437073 219.74 q/s (% mem usage: 6.30, % mem avail: 93.73)
1339500 6093.658073186874 219.82 q/s (% mem usage: 6.30, % mem avail: 93.73)
1340000 6094.659678697586 219.86 q/s (% mem usage: 6.30, % mem avail: 93.73)
1340500 6095.479122161865 219.92 q/s (% mem usage: 6.30, % mem avail: 93.73)
1341000 6096.820464372635 219.95 q/s (% mem usage: 6.30, % mem avail: 93.73)
1341500 6097.388575077057 220.01 q/s (% mem usage: 6.30, % mem avail: 93.73)
1342000 6098.786259174347 220.04 q/s (% mem usage: 6.30, % mem avail: 93.74)
1342500 6099.405940532684 220.10 q/s (% mem usage: 6.30, % mem avail: 93.74)
1343000 6100.2077832221985 220.16 q/s (% mem usage: 6.30, % mem avail: 93.74)
1343500 6101.102343082428 220.21 q/s (% mem usage: 6.30, % mem avail: 93.74)
1344000 6102.136139154434 220.25 q/s (% mem usage: 6.30, % mem avail: 93.74)
1344500 6103.1306302547455 220.30 q/s (% mem usage: 6.30, % mem avail: 93.74)
1345000 6104.164347648621 220.34 q/s (% mem usage: 6.30, % mem avail: 93.73)
1345500 6104.94121837616 220.40 q/s (% mem usage: 6.30, % mem avail: 93.74)
1346000 6105.918872117996 220.44 q/s (% mem usage: 6.30, % mem avail: 93.73)
1346500 6106.858560323715 220.49 q/s (% mem usage: 6.30, % mem avail: 93.73)
1347000 6107.888032674789 220.53 q/s (% mem usage: 6.30, % mem avail: 93.73)
1347500 6108.767920732498 220.58 q/s (% mem usage: 6.30, % mem avail: 93.73)
1348000 6110.781365633011 220.59 q/s (% mem usage: 6.30, % mem avail: 93.73)
1348500 6112.529500246048 220.61 q/s (% mem usage: 6.30, % mem avail: 93.73)
1349000 6112.565385818481 220.69 q/s (% mem usage: 6.30, % mem avail: 93.73)
1349500 6113.06116104126 220.76 q/s (% mem usage: 6.30, % mem avail: 93.73)
1350000 6113.494442224503 220.82 q/s (% mem usage: 6.30, % mem avail: 93.73)
1350500 6114.442759990692 220.87 q/s (% mem usage: 6.30, % mem avail: 93.73)
1351000 6115.411950588226 220.92 q/s (% mem usage: 6.30, % mem avail: 93.73)
1351500 6116.357267141342 220.96 q/s (% mem usage: 6.30, % mem avail: 93.73)
1352000 6117.4853682518005 221.01 q/s (% mem usage: 6.30, % mem avail: 93.73)
1352500 6118.430729150772 221.05 q/s (% mem usage: 6.30, % mem avail: 93.73)
1353000 6119.504842281342 221.10 q/s (% mem usage: 6.30, % mem avail: 93.73)
1353500 6120.436629295349 221.14 q/s (% mem usage: 6.30, % mem avail: 93.73)
1354000 6121.458022594452 221.19 q/s (% mem usage: 6.30, % mem avail: 93.73)
1354500 6122.433516263962 221.24 q/s (% mem usage: 6.30, % mem avail: 93.73)
1355000 6123.19561290741 221.29 q/s (% mem usage: 6.30, % mem avail: 93.73)
1355500 6124.449405670166 221.33 q/s (% mem usage: 6.30, % mem avail: 93.73)
1356000 6125.137685060501 221.38 q/s (% mem usage: 6.30, % mem avail: 93.73)
1356500 6126.052446126938 221.43 q/s (% mem usage: 6.30, % mem avail: 93.73)
1357000 6129.038751363754 221.41 q/s (% mem usage: 6.30, % mem avail: 93.73)
1357500 6129.085076808929 221.48 q/s (% mem usage: 6.30, % mem avail: 93.73)
1358000 6129.122956037521 221.57 q/s (% mem usage: 6.30, % mem avail: 93.73)
1358500 6129.864608049393 221.62 q/s (% mem usage: 6.30, % mem avail: 93.73)
1359000 6130.8563623428345 221.67 q/s (% mem usage: 6.30, % mem avail: 93.73)
1359500 6132.273886442184 221.70 q/s (% mem usage: 6.30, % mem avail: 93.73)
1360000 6132.831706523895 221.76 q/s (% mem usage: 6.30, % mem avail: 93.73)
1360500 6133.746478796005 221.81 q/s (% mem usage: 6.30, % mem avail: 93.73)
1361000 6134.6845626831055 221.85 q/s (% mem usage: 6.30, % mem avail: 93.73)
1361500 6135.601779699326 221.90 q/s (% mem usage: 6.30, % mem avail: 93.73)
1362000 6136.636304616928 221.95 q/s (% mem usage: 6.30, % mem avail: 93.73)
1362500 6137.54435801506 221.99 q/s (% mem usage: 6.30, % mem avail: 93.73)
1363000 6138.412002325058 222.04 q/s (% mem usage: 6.30, % mem avail: 93.73)
1363500 6139.42468380928 222.09 q/s (% mem usage: 6.30, % mem avail: 93.73)
1364000 6141.429513454437 222.10 q/s (% mem usage: 6.30, % mem avail: 93.73)
1364500 6141.476100206375 222.18 q/s (% mem usage: 6.30, % mem avail: 93.73)
1365000 6142.67532658577 222.22 q/s (% mem usage: 6.30, % mem avail: 93.73)
1365500 6143.328201293945 222.27 q/s (% mem usage: 6.30, % mem avail: 93.73)
1366000 6144.418739795685 222.32 q/s (% mem usage: 6.30, % mem avail: 93.73)
1366500 6146.889308214188 222.31 q/s (% mem usage: 6.30, % mem avail: 93.73)
1367000 6147.460120439529 222.37 q/s (% mem usage: 6.30, % mem avail: 93.73)
1367500 6147.513684511185 222.45 q/s (% mem usage: 6.30, % mem avail: 93.73)
1368000 6148.261259794235 222.50 q/s (% mem usage: 6.30, % mem avail: 93.73)
1368500 6149.247105836868 222.55 q/s (% mem usage: 6.30, % mem avail: 93.73)
1369000 6150.806047677994 222.57 q/s (% mem usage: 6.30, % mem avail: 93.73)
1369500 6151.147318124771 222.64 q/s (% mem usage: 6.30, % mem avail: 93.73)
1370000 6152.2974009513855 222.68 q/s (% mem usage: 6.30, % mem avail: 93.73)
1370500 6153.092739582062 222.73 q/s (% mem usage: 6.30, % mem avail: 93.73)
1371000 6153.92577624321 222.78 q/s (% mem usage: 6.30, % mem avail: 93.73)
1371500 6154.880536317825 222.83 q/s (% mem usage: 6.30, % mem avail: 93.73)
1372000 6155.69220328331 222.88 q/s (% mem usage: 6.30, % mem avail: 93.73)
1372500 6156.677101612091 222.93 q/s (% mem usage: 6.30, % mem avail: 93.73)
1373000 6157.619544506073 222.98 q/s (% mem usage: 6.30, % mem avail: 93.73)
1373500 6158.926572799683 223.01 q/s (% mem usage: 6.30, % mem avail: 93.73)
1374000 6159.756081581116 223.06 q/s (% mem usage: 6.30, % mem avail: 93.73)
1374500 6160.701201915741 223.11 q/s (% mem usage: 6.30, % mem avail: 93.73)
1375000 6161.41290307045 223.16 q/s (% mem usage: 6.30, % mem avail: 93.73)
1375500 6162.961499214172 223.19 q/s (% mem usage: 6.30, % mem avail: 93.74)
1376000 6163.44810295105 223.25 q/s (% mem usage: 6.30, % mem avail: 93.73)
1376500 6164.56058216095 223.29 q/s (% mem usage: 6.30, % mem avail: 93.73)
1377000 6165.368008375168 223.34 q/s (% mem usage: 6.30, % mem avail: 93.73)
1377500 6166.48677444458 223.38 q/s (% mem usage: 6.30, % mem avail: 93.71)
1378000 6167.468207359314 223.43 q/s (% mem usage: 6.30, % mem avail: 93.73)
1378500 6168.334120512009 223.48 q/s (% mem usage: 6.30, % mem avail: 93.70)
1379000 6170.597059726715 223.48 q/s (% mem usage: 6.30, % mem avail: 93.74)
1379500 6170.6440443992615 223.56 q/s (% mem usage: 6.30, % mem avail: 93.74)
1380000 6171.224152565002 223.62 q/s (% mem usage: 6.30, % mem avail: 93.73)
1380500 6172.352015018463 223.66 q/s (% mem usage: 6.30, % mem avail: 93.74)
1381000 6173.239734649658 223.71 q/s (% mem usage: 6.30, % mem avail: 93.74)
1381500 6174.493008375168 223.74 q/s (% mem usage: 6.30, % mem avail: 93.74)
1382000 6175.916209220886 223.77 q/s (% mem usage: 6.30, % mem avail: 93.74)
1382500 6175.967380285263 223.85 q/s (% mem usage: 6.30, % mem avail: 93.74)
1383000 6176.996346950531 223.90 q/s (% mem usage: 6.30, % mem avail: 93.74)
1383500 6179.913657665253 223.87 q/s (% mem usage: 6.30, % mem avail: 93.74)
1384000 6179.971426486969 223.95 q/s (% mem usage: 6.30, % mem avail: 93.74)
1384500 6180.017959117889 224.03 q/s (% mem usage: 6.30, % mem avail: 93.74)
1385000 6180.842690706253 224.08 q/s (% mem usage: 6.30, % mem avail: 93.74)
1385500 6181.772154092789 224.13 q/s (% mem usage: 6.30, % mem avail: 93.74)
1386000 6182.598990678787 224.18 q/s (% mem usage: 6.30, % mem avail: 93.74)
1386500 6183.583286762238 224.22 q/s (% mem usage: 6.30, % mem avail: 93.73)
1387000 6185.477818012238 224.23 q/s (% mem usage: 6.30, % mem avail: 93.73)
1387500 6186.342631816864 224.28 q/s (% mem usage: 6.30, % mem avail: 93.73)
1388000 6186.3934733867645 224.36 q/s (% mem usage: 6.30, % mem avail: 93.73)
1388500 6187.298378944397 224.41 q/s (% mem usage: 6.30, % mem avail: 93.73)
1389000 6188.256742238998 224.46 q/s (% mem usage: 6.30, % mem avail: 93.73)
1389500 6189.210979938507 224.50 q/s (% mem usage: 6.30, % mem avail: 93.73)
1390000 6190.168401002884 224.55 q/s (% mem usage: 6.30, % mem avail: 93.73)
1390500 6191.670577764511 224.58 q/s (% mem usage: 6.30, % mem avail: 93.73)
1391000 6192.211151361465 224.64 q/s (% mem usage: 6.30, % mem avail: 93.73)
1391500 6193.173659801483 224.68 q/s (% mem usage: 6.30, % mem avail: 93.73)
1392000 6194.658970832825 224.71 q/s (% mem usage: 6.30, % mem avail: 93.73)
1392500 6194.9073741436005 224.78 q/s (% mem usage: 6.30, % mem avail: 93.73)
1393000 6195.882800579071 224.83 q/s (% mem usage: 6.30, % mem avail: 93.73)
1393500 6197.360558986664 224.85 q/s (% mem usage: 6.30, % mem avail: 93.73)
1394000 6197.950529575348 224.91 q/s (% mem usage: 6.30, % mem avail: 93.73)
1394500 6198.988375663757 224.96 q/s (% mem usage: 6.30, % mem avail: 93.73)
1395000 6199.863763332367 225.00 q/s (% mem usage: 6.30, % mem avail: 93.73)
1395500 6200.812326192856 225.05 q/s (% mem usage: 6.30, % mem avail: 93.73)
1396000 6201.806762218475 225.10 q/s (% mem usage: 6.30, % mem avail: 93.73)
1396500 6203.880859136581 225.10 q/s (% mem usage: 6.30, % mem avail: 93.73)
1397000 6203.931380271912 225.18 q/s (% mem usage: 6.30, % mem avail: 93.73)
1397500 6204.6575319767 225.23 q/s (% mem usage: 6.30, % mem avail: 93.73)
1398000 6205.710848808289 225.28 q/s (% mem usage: 6.30, % mem avail: 93.73)
1398500 6206.674573421478 225.32 q/s (% mem usage: 6.30, % mem avail: 93.73)
1399000 6207.542787075043 225.37 q/s (% mem usage: 6.30, % mem avail: 93.73)
1399500 6208.569411277771 225.41 q/s (% mem usage: 6.30, % mem avail: 93.73)
1400000 6211.034349441528 225.41 q/s (% mem usage: 6.30, % mem avail: 93.73)
1400500 6211.08550453186 225.48 q/s (% mem usage: 6.30, % mem avail: 93.73)
1401000 6211.530545949936 225.55 q/s (% mem usage: 6.30, % mem avail: 93.73)
1401500 6212.355019330978 225.60 q/s (% mem usage: 6.30, % mem avail: 93.73)
1402000 6214.091244220734 225.62 q/s (% mem usage: 6.30, % mem avail: 93.73)
1402500 6214.195718288422 225.69 q/s (% mem usage: 6.30, % mem avail: 93.73)
1403000 6215.422361373901 225.73 q/s (% mem usage: 6.30, % mem avail: 93.73)
1403500 6216.349416732788 225.78 q/s (% mem usage: 6.30, % mem avail: 93.73)
1404000 6217.161598205566 225.83 q/s (% mem usage: 6.30, % mem avail: 93.73)
1404500 6217.996058940887 225.88 q/s (% mem usage: 6.30, % mem avail: 93.73)
1405000 6218.937951564789 225.92 q/s (% mem usage: 6.30, % mem avail: 93.73)
1405500 6219.947434186935 225.97 q/s (% mem usage: 6.30, % mem avail: 93.73)
1406000 6221.727056026459 225.98 q/s (% mem usage: 6.30, % mem avail: 93.73)
1406500 6221.815747261047 226.06 q/s (% mem usage: 6.30, % mem avail: 93.73)
1407000 6222.710695505142 226.11 q/s (% mem usage: 6.30, % mem avail: 93.73)
1407500 6223.743485450745 226.15 q/s (% mem usage: 6.30, % mem avail: 93.73)
1408000 6224.671179771423 226.20 q/s (% mem usage: 6.30, % mem avail: 93.73)
1408500 6225.86581659317 226.23 q/s (% mem usage: 6.30, % mem avail: 93.74)
1409000 6226.788472414017 226.28 q/s (% mem usage: 6.30, % mem avail: 93.73)
1409500 6227.480177640915 226.34 q/s (% mem usage: 6.30, % mem avail: 93.74)
1410000 6228.3543746471405 226.38 q/s (% mem usage: 6.30, % mem avail: 93.73)
1410500 6229.334242582321 226.43 q/s (% mem usage: 6.30, % mem avail: 93.73)
1411000 6231.193060874939 226.44 q/s (% mem usage: 6.30, % mem avail: 93.74)
1411500 6231.238758087158 226.52 q/s (% mem usage: 6.30, % mem avail: 93.73)
1412000 6232.147024154663 226.57 q/s (% mem usage: 6.30, % mem avail: 93.74)
1412500 6233.1030304431915 226.61 q/s (% mem usage: 6.30, % mem avail: 93.74)
1413000 6234.122586488724 226.66 q/s (% mem usage: 6.30, % mem avail: 93.73)
1413500 6235.189958810806 226.70 q/s (% mem usage: 6.30, % mem avail: 93.74)
1414000 6235.933713436127 226.75 q/s (% mem usage: 6.30, % mem avail: 93.74)
1414500 6236.918696641922 226.79 q/s (% mem usage: 6.30, % mem avail: 93.74)
1415000 6237.751962661743 226.84 q/s (% mem usage: 6.30, % mem avail: 93.74)
1415500 6238.82411646843 226.89 q/s (% mem usage: 6.30, % mem avail: 93.74)
1416000 6239.748243570328 226.93 q/s (% mem usage: 6.30, % mem avail: 93.74)
1416500 6241.673626899719 226.94 q/s (% mem usage: 6.30, % mem avail: 93.74)
1417000 6241.716222286224 227.02 q/s (% mem usage: 6.30, % mem avail: 93.74)
1417500 6244.067868232727 227.02 q/s (% mem usage: 6.30, % mem avail: 93.74)
1418000 6244.113459825516 227.09 q/s (% mem usage: 6.30, % mem avail: 93.74)
1418500 6245.966676712036 227.11 q/s (% mem usage: 6.30, % mem avail: 93.74)
1419000 6246.017475605011 227.18 q/s (% mem usage: 6.30, % mem avail: 93.74)
1419500 6246.345842838287 227.25 q/s (% mem usage: 6.30, % mem avail: 93.74)
1420000 6247.282191753387 227.30 q/s (% mem usage: 6.30, % mem avail: 93.74)
1420500 6248.092859506607 227.35 q/s (% mem usage: 6.30, % mem avail: 93.74)
1421000 6249.015958786011 227.40 q/s (% mem usage: 6.30, % mem avail: 93.74)
1421500 6250.0964431762695 227.44 q/s (% mem usage: 6.30, % mem avail: 93.74)
1422000 6251.023574352264 227.48 q/s (% mem usage: 6.30, % mem avail: 93.74)
1422500 6252.187213897705 227.52 q/s (% mem usage: 6.30, % mem avail: 93.74)
1423000 6252.893823862076 227.57 q/s (% mem usage: 6.30, % mem avail: 93.74)
1423500 6253.879208803177 227.62 q/s (% mem usage: 6.30, % mem avail: 93.74)
1424000 6254.789021730423 227.67 q/s (% mem usage: 6.30, % mem avail: 93.74)
1424500 6255.764667749405 227.71 q/s (% mem usage: 6.30, % mem avail: 93.74)
1425000 6257.6419932842255 227.72 q/s (% mem usage: 6.30, % mem avail: 93.74)
1425500 6257.692677974701 227.80 q/s (% mem usage: 6.30, % mem avail: 93.74)
1426000 6258.59089589119 227.85 q/s (% mem usage: 6.30, % mem avail: 93.74)
1426500 6260.191862821579 227.87 q/s (% mem usage: 6.30, % mem avail: 93.73)
1427000 6260.849309206009 227.92 q/s (% mem usage: 6.30, % mem avail: 93.73)
1427500 6261.399972677231 227.98 q/s (% mem usage: 6.30, % mem avail: 93.73)
1428000 6262.3058450222015 228.03 q/s (% mem usage: 6.30, % mem avail: 93.73)
1428500 6263.63282585144 228.06 q/s (% mem usage: 6.30, % mem avail: 93.73)
1429000 6264.164371728897 228.12 q/s (% mem usage: 6.30, % mem avail: 93.73)
1429500 6265.11315369606 228.17 q/s (% mem usage: 6.30, % mem avail: 93.73)
1430000 6266.0489094257355 228.21 q/s (% mem usage: 6.30, % mem avail: 93.73)
1430500 6267.2395486831665 228.25 q/s (% mem usage: 6.30, % mem avail: 93.73)
1431000 6268.156588792801 228.30 q/s (% mem usage: 6.30, % mem avail: 93.73)
1431500 6269.235251665115 228.34 q/s (% mem usage: 6.30, % mem avail: 93.73)
1432000 6270.075167655945 228.39 q/s (% mem usage: 6.30, % mem avail: 93.73)
1432500 6270.992007017136 228.43 q/s (% mem usage: 6.30, % mem avail: 93.73)
1433000 6271.834074020386 228.48 q/s (% mem usage: 6.30, % mem avail: 93.73)
1433500 6272.965489864349 228.52 q/s (% mem usage: 6.30, % mem avail: 93.73)
1434000 6274.064907073975 228.56 q/s (% mem usage: 6.30, % mem avail: 93.73)
1434500 6275.053496599197 228.60 q/s (% mem usage: 6.30, % mem avail: 93.73)
1435000 6276.06032705307 228.65 q/s (% mem usage: 6.30, % mem avail: 93.73)
1435500 6277.541127920151 228.67 q/s (% mem usage: 6.30, % mem avail: 93.73)
1436000 6278.59939622879 228.71 q/s (% mem usage: 6.30, % mem avail: 93.73)
1436500 6278.882014274597 228.78 q/s (% mem usage: 6.30, % mem avail: 93.73)
1437000 6279.767205953598 228.83 q/s (% mem usage: 6.30, % mem avail: 93.73)
1437500 6280.758209228516 228.87 q/s (% mem usage: 6.30, % mem avail: 93.73)
1438000 6281.736023902893 228.92 q/s (% mem usage: 6.30, % mem avail: 93.73)
1438500 6283.436722755432 228.94 q/s (% mem usage: 6.30, % mem avail: 93.73)
1439000 6283.570940732956 229.01 q/s (% mem usage: 6.30, % mem avail: 93.73)
1439500 6284.896329164505 229.04 q/s (% mem usage: 6.30, % mem avail: 93.73)
1440000 6285.470883369446 229.10 q/s (% mem usage: 6.30, % mem avail: 93.73)
1440500 6286.358682155609 229.15 q/s (% mem usage: 6.30, % mem avail: 93.73)
1441000 6287.234993457794 229.19 q/s (% mem usage: 6.30, % mem avail: 93.73)
1441500 6288.262380599976 229.24 q/s (% mem usage: 6.30, % mem avail: 93.73)
1442000 6289.339730262756 229.28 q/s (% mem usage: 6.30, % mem avail: 93.73)
1442500 6290.3019490242 229.32 q/s (% mem usage: 6.30, % mem avail: 93.73)
1443000 6291.281100273132 229.37 q/s (% mem usage: 6.30, % mem avail: 93.73)
1443500 6292.172961950302 229.41 q/s (% mem usage: 6.30, % mem avail: 93.73)
1444000 6293.130625486374 229.46 q/s (% mem usage: 6.30, % mem avail: 93.73)
1444500 6294.107360601425 229.50 q/s (% mem usage: 6.30, % mem avail: 93.73)
1445000 6295.036668300629 229.55 q/s (% mem usage: 6.30, % mem avail: 93.73)
1445500 6296.026650667191 229.59 q/s (% mem usage: 6.30, % mem avail: 93.73)
1446000 6298.226469993591 229.59 q/s (% mem usage: 6.30, % mem avail: 93.73)
1446500 6298.275662899017 229.67 q/s (% mem usage: 6.30, % mem avail: 93.73)
1447000 6298.774042367935 229.73 q/s (% mem usage: 6.30, % mem avail: 93.73)
1447500 6299.737377405167 229.77 q/s (% mem usage: 6.30, % mem avail: 93.73)
1448000 6300.594956636429 229.82 q/s (% mem usage: 6.30, % mem avail: 93.73)
1448500 6301.654997825623 229.86 q/s (% mem usage: 6.30, % mem avail: 93.73)
1449000 6302.550033569336 229.91 q/s (% mem usage: 6.30, % mem avail: 93.73)
1449500 6303.493944883347 229.95 q/s (% mem usage: 6.30, % mem avail: 93.73)
1450000 6304.477672576904 230.00 q/s (% mem usage: 6.30, % mem avail: 93.73)
1450500 6305.447816848755 230.04 q/s (% mem usage: 6.30, % mem avail: 93.73)
1451000 6306.3258645534515 230.09 q/s (% mem usage: 6.30, % mem avail: 93.73)
1451500 6307.322518110275 230.13 q/s (% mem usage: 6.30, % mem avail: 93.73)
1452000 6308.530990362167 230.16 q/s (% mem usage: 6.30, % mem avail: 93.73)
1452500 6309.175625085831 230.22 q/s (% mem usage: 6.30, % mem avail: 93.74)
1453000 6310.246012210846 230.26 q/s (% mem usage: 6.30, % mem avail: 93.74)
1453500 6311.097946882248 230.31 q/s (% mem usage: 6.30, % mem avail: 93.74)
1454000 6312.326293706894 230.34 q/s (% mem usage: 6.30, % mem avail: 93.74)
1454500 6313.212445259094 230.39 q/s (% mem usage: 6.30, % mem avail: 93.74)
1455000 6314.1037356853485 230.44 q/s (% mem usage: 6.30, % mem avail: 93.74)
1455500 6315.023882627487 230.48 q/s (% mem usage: 6.30, % mem avail: 93.74)
1456000 6315.9929575920105 230.53 q/s (% mem usage: 6.30, % mem avail: 93.74)
1456500 6316.90327334404 230.57 q/s (% mem usage: 6.30, % mem avail: 93.74)
1457000 6317.721814870834 230.62 q/s (% mem usage: 6.30, % mem avail: 93.74)
1457500 6319.148703098297 230.65 q/s (% mem usage: 6.30, % mem avail: 93.74)
1458000 6320.344166994095 230.68 q/s (% mem usage: 6.30, % mem avail: 93.74)
1458500 6320.694556713104 230.75 q/s (% mem usage: 6.30, % mem avail: 93.74)
1459000 6321.770459651947 230.79 q/s (% mem usage: 6.30, % mem avail: 93.74)
1459500 6324.066650629044 230.79 q/s (% mem usage: 6.30, % mem avail: 93.74)
1460000 6324.107536077499 230.86 q/s (% mem usage: 6.30, % mem avail: 93.74)
1460500 6325.836084842682 230.88 q/s (% mem usage: 6.30, % mem avail: 93.74)
1461000 6325.886870384216 230.96 q/s (% mem usage: 6.30, % mem avail: 93.73)
1461500 6326.802998781204 231.00 q/s (% mem usage: 6.30, % mem avail: 93.74)
1462000 6327.410537958145 231.06 q/s (% mem usage: 6.30, % mem avail: 93.74)
1462500 6328.2807738780975 231.11 q/s (% mem usage: 6.30, % mem avail: 93.74)
1463000 6329.297204732895 231.15 q/s (% mem usage: 6.30, % mem avail: 93.74)
1463500 6330.9609298706055 231.17 q/s (% mem usage: 6.30, % mem avail: 93.74)
1464000 6331.471675634384 231.23 q/s (% mem usage: 6.30, % mem avail: 93.73)
1464500 6332.0207052230835 231.28 q/s (% mem usage: 6.30, % mem avail: 93.73)
1465000 6333.0472638607025 231.33 q/s (% mem usage: 6.30, % mem avail: 93.73)
1465500 6335.23507142067 231.33 q/s (% mem usage: 6.30, % mem avail: 93.73)
1466000 6335.282731294632 231.40 q/s (% mem usage: 6.30, % mem avail: 93.73)
1466500 6336.436475515366 231.44 q/s (% mem usage: 6.30, % mem avail: 93.73)
1467000 6337.096976041794 231.49 q/s (% mem usage: 6.30, % mem avail: 93.73)
1467500 6337.780589580536 231.55 q/s (% mem usage: 6.30, % mem avail: 93.73)
1468000 6338.67543721199 231.59 q/s (% mem usage: 6.30, % mem avail: 93.73)
1468500 6339.635429382324 231.64 q/s (% mem usage: 6.30, % mem avail: 93.73)
1469000 6341.750371217728 231.64 q/s (% mem usage: 6.30, % mem avail: 93.73)
1469500 6342.201591730118 231.70 q/s (% mem usage: 6.30, % mem avail: 93.73)
1470000 6342.771386384964 231.76 q/s (% mem usage: 6.30, % mem avail: 93.73)
1470500 6343.681027889252 231.81 q/s (% mem usage: 6.30, % mem avail: 93.73)
1471000 6344.386569023132 231.86 q/s (% mem usage: 6.30, % mem avail: 93.73)
1471500 6346.705053567886 231.85 q/s (% mem usage: 6.30, % mem avail: 93.73)
1472000 6347.200109004974 231.91 q/s (% mem usage: 6.30, % mem avail: 93.73)
1472500 6348.623295307159 231.94 q/s (% mem usage: 6.30, % mem avail: 93.73)
1473000 6348.70721077919 232.02 q/s (% mem usage: 6.30, % mem avail: 93.73)
1473500 6349.091378688812 232.08 q/s (% mem usage: 6.30, % mem avail: 93.73)
1474000 6350.260994911194 232.12 q/s (% mem usage: 6.30, % mem avail: 93.73)
1474500 6351.576585769653 232.15 q/s (% mem usage: 6.30, % mem avail: 93.73)
1475000 6352.131034374237 232.21 q/s (% mem usage: 6.30, % mem avail: 93.73)
1475500 6353.021682024002 232.25 q/s (% mem usage: 6.30, % mem avail: 93.73)
1476000 6354.144642591476 232.29 q/s (% mem usage: 6.30, % mem avail: 93.73)
1476500 6356.615042448044 232.28 q/s (% mem usage: 6.30, % mem avail: 93.73)
1477000 6356.658086538315 232.35 q/s (% mem usage: 6.30, % mem avail: 93.73)
1477500 6357.579563856125 232.40 q/s (% mem usage: 6.30, % mem avail: 93.73)
1478000 6357.91971039772 232.47 q/s (% mem usage: 6.30, % mem avail: 93.73)
1478500 6358.797056674957 232.51 q/s (% mem usage: 6.30, % mem avail: 93.73)
1479000 6359.987284898758 232.55 q/s (% mem usage: 6.30, % mem avail: 93.73)
1479500 6360.674211263657 232.60 q/s (% mem usage: 6.30, % mem avail: 93.73)
1480000 6362.222003698349 232.62 q/s (% mem usage: 6.30, % mem avail: 93.73)
1480500 6362.540519475937 232.69 q/s (% mem usage: 6.30, % mem avail: 93.73)
1481000 6363.565291881561 232.73 q/s (% mem usage: 6.30, % mem avail: 93.73)
1481500 6364.437786817551 232.78 q/s (% mem usage: 6.30, % mem avail: 93.73)
1482000 6365.489139795303 232.82 q/s (% mem usage: 6.30, % mem avail: 93.73)
1482500 6366.4559960365295 232.86 q/s (% mem usage: 6.30, % mem avail: 93.73)
1483000 6367.612005233765 232.90 q/s (% mem usage: 6.30, % mem avail: 93.73)
1483500 6368.48063492775 232.94 q/s (% mem usage: 6.30, % mem avail: 93.73)
1484000 6370.481292963028 232.95 q/s (% mem usage: 6.30, % mem avail: 93.73)
1484500 6370.533786773682 233.03 q/s (% mem usage: 6.30, % mem avail: 93.73)
1485000 6371.174522161484 233.08 q/s (% mem usage: 6.30, % mem avail: 93.73)
1485500 6372.182386875153 233.12 q/s (% mem usage: 6.30, % mem avail: 93.73)
1486000 6373.037289142609 233.17 q/s (% mem usage: 6.30, % mem avail: 93.73)
1486500 6374.080213546753 233.21 q/s (% mem usage: 6.30, % mem avail: 93.73)
1487000 6374.982483863831 233.26 q/s (% mem usage: 6.30, % mem avail: 93.73)
1487500 6376.051687717438 233.29 q/s (% mem usage: 6.30, % mem avail: 93.73)
1488000 6376.968822479248 233.34 q/s (% mem usage: 6.30, % mem avail: 93.73)
1488500 6377.883739471436 233.38 q/s (% mem usage: 6.30, % mem avail: 93.73)
1489000 6378.722539901733 233.43 q/s (% mem usage: 6.30, % mem avail: 93.73)
1489500 6379.659809589386 233.48 q/s (% mem usage: 6.30, % mem avail: 93.73)
1490000 6380.695081233978 233.52 q/s (% mem usage: 6.30, % mem avail: 93.73)
1490500 6381.5370082855225 233.56 q/s (% mem usage: 6.30, % mem avail: 93.73)
1491000 6382.4853529930115 233.61 q/s (% mem usage: 6.30, % mem avail: 93.74)
1491500 6383.33190870285 233.66 q/s (% mem usage: 6.30, % mem avail: 93.74)
1492000 6384.34677195549 233.70 q/s (% mem usage: 6.30, % mem avail: 93.74)
1492500 6385.443942785263 233.73 q/s (% mem usage: 6.30, % mem avail: 93.74)
1493000 6386.741470575333 233.77 q/s (% mem usage: 6.30, % mem avail: 93.74)
1493500 6387.4026556015015 233.82 q/s (% mem usage: 6.30, % mem avail: 93.74)
1494000 6388.5125415325165 233.86 q/s (% mem usage: 6.30, % mem avail: 93.74)
1494500 6389.53151512146 233.90 q/s (% mem usage: 6.30, % mem avail: 93.74)
1495000 6390.478501558304 233.94 q/s (% mem usage: 6.30, % mem avail: 93.74)
1495500 6391.333408355713 233.99 q/s (% mem usage: 6.30, % mem avail: 93.73)
1496000 6392.632157802582 234.02 q/s (% mem usage: 6.30, % mem avail: 93.74)
1496500 6393.159900665283 234.08 q/s (% mem usage: 6.30, % mem avail: 93.74)
1497000 6394.091373682022 234.12 q/s (% mem usage: 6.30, % mem avail: 93.74)
1497500 6394.974261045456 234.17 q/s (% mem usage: 6.30, % mem avail: 93.74)
1498000 6396.0369284152985 234.21 q/s (% mem usage: 6.30, % mem avail: 93.74)
1498500 6397.45908164978 234.23 q/s (% mem usage: 6.30, % mem avail: 93.74)
1499000 6398.060523033142 234.29 q/s (% mem usage: 6.30, % mem avail: 93.74)
1499500 6398.977358579636 234.33 q/s (% mem usage: 6.30, % mem avail: 93.73)
1500000 6400.0196142196655 234.37 q/s (% mem usage: 6.30, % mem avail: 93.73)
1500500 6400.915338039398 234.42 q/s (% mem usage: 6.30, % mem avail: 93.73)
1501000 6401.903075218201 234.46 q/s (% mem usage: 6.30, % mem avail: 93.73)
1501500 6402.812531709671 234.51 q/s (% mem usage: 6.30, % mem avail: 93.73)
1502000 6403.716197967529 234.55 q/s (% mem usage: 6.30, % mem avail: 93.73)
1502500 6404.781048774719 234.59 q/s (% mem usage: 6.30, % mem avail: 93.73)
1503000 6405.563499927521 234.64 q/s (% mem usage: 6.30, % mem avail: 93.73)
1503500 6407.537926197052 234.65 q/s (% mem usage: 6.30, % mem avail: 93.73)
1504000 6407.6396198272705 234.72 q/s (% mem usage: 6.30, % mem avail: 93.73)
1504500 6409.285957574844 234.74 q/s (% mem usage: 6.30, % mem avail: 93.73)
1505000 6409.638698816299 234.80 q/s (% mem usage: 6.30, % mem avail: 93.73)
1505500 6410.6966547966 234.84 q/s (% mem usage: 6.30, % mem avail: 93.73)
1506000 6411.903474807739 234.88 q/s (% mem usage: 6.30, % mem avail: 93.73)
1506500 6412.492551088333 234.93 q/s (% mem usage: 6.30, % mem avail: 93.73)
1507000 6413.269877672195 234.98 q/s (% mem usage: 6.30, % mem avail: 93.73)
1507500 6414.571496248245 235.01 q/s (% mem usage: 6.30, % mem avail: 93.73)
1508000 6415.403815031052 235.06 q/s (% mem usage: 6.30, % mem avail: 93.73)
1508500 6416.373508930206 235.10 q/s (% mem usage: 6.30, % mem avail: 93.73)
1509000 6417.107964992523 235.15 q/s (% mem usage: 6.30, % mem avail: 93.73)
1509500 6418.333924770355 235.19 q/s (% mem usage: 6.30, % mem avail: 93.73)
1510000 6420.762355804443 235.17 q/s (% mem usage: 6.30, % mem avail: 93.73)
1510500 6420.80699968338 235.25 q/s (% mem usage: 6.30, % mem avail: 93.73)
1511000 6420.847822666168 235.33 q/s (% mem usage: 6.30, % mem avail: 93.73)
1511500 6421.689241170883 235.37 q/s (% mem usage: 6.30, % mem avail: 93.73)
1512000 6422.641896247864 235.42 q/s (% mem usage: 6.30, % mem avail: 93.73)
1512500 6423.431038856506 235.47 q/s (% mem usage: 6.30, % mem avail: 93.73)
1513000 6424.2833025455475 235.51 q/s (% mem usage: 6.30, % mem avail: 93.73)
1513500 6425.28672337532 235.55 q/s (% mem usage: 6.30, % mem avail: 93.73)
1514000 6426.1915147304535 235.60 q/s (% mem usage: 6.30, % mem avail: 93.73)
1514500 6427.178266525269 235.64 q/s (% mem usage: 6.30, % mem avail: 93.73)
1515000 6428.100803375244 235.68 q/s (% mem usage: 6.30, % mem avail: 93.73)
1515500 6429.1967804431915 235.72 q/s (% mem usage: 6.30, % mem avail: 93.73)
1516000 6430.229643344879 235.76 q/s (% mem usage: 6.30, % mem avail: 93.73)
1516500 6431.036992549896 235.81 q/s (% mem usage: 6.30, % mem avail: 93.73)
1517000 6431.894070386887 235.86 q/s (% mem usage: 6.30, % mem avail: 93.73)
1517500 6434.2497045993805 235.85 q/s (% mem usage: 6.30, % mem avail: 93.73)
1518000 6434.297921180725 235.92 q/s (% mem usage: 6.30, % mem avail: 93.73)
1518500 6434.843192815781 235.98 q/s (% mem usage: 6.30, % mem avail: 93.73)
1519000 6435.719939470291 236.03 q/s (% mem usage: 6.30, % mem avail: 93.73)
1519500 6436.649936437607 236.07 q/s (% mem usage: 6.30, % mem avail: 93.73)
1520000 6437.957860946655 236.10 q/s (% mem usage: 6.30, % mem avail: 93.73)
1520500 6438.482380390167 236.16 q/s (% mem usage: 6.30, % mem avail: 93.73)
1521000 6439.471038103104 236.20 q/s (% mem usage: 6.30, % mem avail: 93.73)
1521500 6440.467074632645 236.24 q/s (% mem usage: 6.30, % mem avail: 93.73)
1522000 6441.370579004288 236.29 q/s (% mem usage: 6.30, % mem avail: 93.73)
1522500 6442.425577640533 236.32 q/s (% mem usage: 6.30, % mem avail: 93.73)
1523000 6443.429920434952 236.36 q/s (% mem usage: 6.30, % mem avail: 93.73)
1523500 6444.324065923691 236.41 q/s (% mem usage: 6.30, % mem avail: 93.73)
1524000 6445.187861919403 236.46 q/s (% mem usage: 6.30, % mem avail: 93.73)
1524500 6446.025571346283 236.50 q/s (% mem usage: 6.30, % mem avail: 93.73)
1525000 6446.982627153397 236.54 q/s (% mem usage: 6.30, % mem avail: 93.73)
1525500 6447.883895397186 236.59 q/s (% mem usage: 6.30, % mem avail: 93.73)
1526000 6448.782819509506 236.63 q/s (% mem usage: 6.30, % mem avail: 93.73)
1526500 6449.929659366608 236.67 q/s (% mem usage: 6.30, % mem avail: 93.73)
1527000 6452.06945514679 236.67 q/s (% mem usage: 6.30, % mem avail: 93.73)
1527500 6452.113291978836 236.74 q/s (% mem usage: 6.30, % mem avail: 93.73)
1528000 6452.83610200882 236.80 q/s (% mem usage: 6.30, % mem avail: 93.73)
1528500 6453.63284444809 236.84 q/s (% mem usage: 6.30, % mem avail: 93.73)
1529000 6454.548744678497 236.89 q/s (% mem usage: 6.30, % mem avail: 93.73)
1529500 6455.595799922943 236.93 q/s (% mem usage: 6.30, % mem avail: 93.73)
1530000 6456.486050605774 236.97 q/s (% mem usage: 6.30, % mem avail: 93.75)
1530500 6457.395802259445 237.02 q/s (% mem usage: 6.30, % mem avail: 93.74)
1531000 6458.483485460281 237.05 q/s (% mem usage: 6.30, % mem avail: 93.74)
1531500 6459.509083509445 237.09 q/s (% mem usage: 6.30, % mem avail: 93.74)
1532000 6460.281352996826 237.14 q/s (% mem usage: 6.30, % mem avail: 93.74)
1532500 6461.492687702179 237.17 q/s (% mem usage: 6.30, % mem avail: 93.74)
1533000 6462.171748638153 237.23 q/s (% mem usage: 6.30, % mem avail: 93.74)
1533500 6463.313086271286 237.26 q/s (% mem usage: 6.30, % mem avail: 93.74)
1534000 6464.08172082901 237.31 q/s (% mem usage: 6.30, % mem avail: 93.74)
1534500 6464.999190330505 237.36 q/s (% mem usage: 6.30, % mem avail: 93.74)
1535000 6465.931160449982 237.40 q/s (% mem usage: 6.30, % mem avail: 93.74)
1535500 6466.987457513809 237.44 q/s (% mem usage: 6.30, % mem avail: 93.74)
1536000 6467.881573438644 237.48 q/s (% mem usage: 6.30, % mem avail: 93.74)
1536500 6468.852221727371 237.52 q/s (% mem usage: 6.30, % mem avail: 93.74)
1537000 6469.891071796417 237.56 q/s (% mem usage: 6.30, % mem avail: 93.74)
1537500 6470.717799425125 237.61 q/s (% mem usage: 6.30, % mem avail: 93.74)
1538000 6471.616570711136 237.65 q/s (% mem usage: 6.30, % mem avail: 93.74)
1538500 6472.560368299484 237.70 q/s (% mem usage: 6.30, % mem avail: 93.74)
1539000 6473.5695650577545 237.74 q/s (% mem usage: 6.30, % mem avail: 93.74)
1539500 6475.574513435364 237.74 q/s (% mem usage: 6.30, % mem avail: 93.74)
1540000 6475.619904518127 237.82 q/s (% mem usage: 6.30, % mem avail: 93.74)
1540500 6476.423257350922 237.86 q/s (% mem usage: 6.30, % mem avail: 93.74)
1541000 6477.82633638382 237.89 q/s (% mem usage: 6.30, % mem avail: 93.74)
1541500 6479.610939741135 237.90 q/s (% mem usage: 6.30, % mem avail: 93.74)
1542000 6479.6516671180725 237.98 q/s (% mem usage: 6.30, % mem avail: 93.74)
1542500 6480.514637231827 238.02 q/s (% mem usage: 6.30, % mem avail: 93.74)
1543000 6481.44803404808 238.06 q/s (% mem usage: 6.30, % mem avail: 93.74)
1543500 6482.398801803589 238.11 q/s (% mem usage: 6.30, % mem avail: 93.74)
1544000 6483.336663722992 238.15 q/s (% mem usage: 6.30, % mem avail: 93.73)
1544500 6484.240604877472 238.19 q/s (% mem usage: 6.30, % mem avail: 93.73)
1545000 6485.25856924057 238.23 q/s (% mem usage: 6.30, % mem avail: 93.73)
1545500 6486.239185333252 238.27 q/s (% mem usage: 6.30, % mem avail: 93.73)
1546000 6487.198745965958 238.32 q/s (% mem usage: 6.30, % mem avail: 93.73)
1546500 6489.497874498367 238.31 q/s (% mem usage: 6.30, % mem avail: 93.73)
1547000 6489.544223070145 238.38 q/s (% mem usage: 6.30, % mem avail: 93.73)
1547500 6489.872988462448 238.45 q/s (% mem usage: 6.30, % mem avail: 93.73)
1548000 6490.755650281906 238.49 q/s (% mem usage: 6.30, % mem avail: 93.73)
1548500 6492.235019207001 238.52 q/s (% mem usage: 6.30, % mem avail: 93.73)
1549000 6492.486662149429 238.58 q/s (% mem usage: 6.30, % mem avail: 93.73)
1549500 6493.611793994904 238.62 q/s (% mem usage: 6.30, % mem avail: 93.73)
1550000 6494.458489656448 238.67 q/s (% mem usage: 6.30, % mem avail: 93.73)
1550500 6496.046862125397 238.68 q/s (% mem usage: 6.30, % mem avail: 93.73)
1551000 6496.33696436882 238.75 q/s (% mem usage: 6.30, % mem avail: 93.73)
1551500 6497.317384004593 238.79 q/s (% mem usage: 6.30, % mem avail: 93.73)
1552000 6498.317498922348 238.83 q/s (% mem usage: 6.30, % mem avail: 93.73)
1552500 6500.941062927246 238.81 q/s (% mem usage: 6.30, % mem avail: 93.73)
1553000 6500.985827445984 238.89 q/s (% mem usage: 6.30, % mem avail: 93.73)
1553500 6501.292926073074 238.95 q/s (% mem usage: 6.30, % mem avail: 93.73)
1554000 6502.173431634903 239.00 q/s (% mem usage: 6.30, % mem avail: 93.73)
1554500 6503.474272012711 239.03 q/s (% mem usage: 6.30, % mem avail: 93.73)
1555000 6504.48512673378 239.07 q/s (% mem usage: 6.30, % mem avail: 93.73)
1555500 6505.067623615265 239.12 q/s (% mem usage: 6.30, % mem avail: 93.73)
1556000 6506.011015415192 239.16 q/s (% mem usage: 6.30, % mem avail: 93.73)
1556500 6506.86302447319 239.21 q/s (% mem usage: 6.30, % mem avail: 93.73)
1557000 6509.526904344559 239.19 q/s (% mem usage: 6.30, % mem avail: 93.73)
1557500 6509.572498083115 239.26 q/s (% mem usage: 6.30, % mem avail: 93.73)
1558000 6509.750376701355 239.33 q/s (% mem usage: 6.30, % mem avail: 93.73)
1558500 6512.19030046463 239.32 q/s (% mem usage: 6.30, % mem avail: 93.73)
1559000 6512.241365671158 239.40 q/s (% mem usage: 6.30, % mem avail: 93.73)
1559500 6512.9573674201965 239.45 q/s (% mem usage: 6.30, % mem avail: 93.73)
1560000 6513.629251241684 239.50 q/s (% mem usage: 6.30, % mem avail: 93.73)
1560500 6514.656058311462 239.54 q/s (% mem usage: 6.30, % mem avail: 93.73)
1561000 6515.411264181137 239.59 q/s (% mem usage: 6.30, % mem avail: 93.73)
1561500 6516.316196680069 239.63 q/s (% mem usage: 6.30, % mem avail: 93.73)
1562000 6517.362102031708 239.67 q/s (% mem usage: 6.30, % mem avail: 93.73)
1562500 6518.723947286606 239.69 q/s (% mem usage: 6.30, % mem avail: 93.73)
1563000 6519.056186199188 239.76 q/s (% mem usage: 6.30, % mem avail: 93.73)
1563500 6520.229216814041 239.79 q/s (% mem usage: 6.30, % mem avail: 93.73)
1564000 6521.219560623169 239.83 q/s (% mem usage: 6.30, % mem avail: 93.73)
1564500 6522.157207965851 239.87 q/s (% mem usage: 6.30, % mem avail: 93.73)
1565000 6523.920558929443 239.89 q/s (% mem usage: 6.30, % mem avail: 93.73)
1565500 6523.973331689835 239.96 q/s (% mem usage: 6.30, % mem avail: 93.73)
1566000 6525.376322507858 239.99 q/s (% mem usage: 6.30, % mem avail: 93.74)
1566500 6525.972995519638 240.04 q/s (% mem usage: 6.30, % mem avail: 93.74)
1567000 6526.932495594025 240.08 q/s (% mem usage: 6.30, % mem avail: 93.74)
1567500 6527.768985033035 240.13 q/s (% mem usage: 6.30, % mem avail: 93.74)
1568000 6528.66929936409 240.17 q/s (% mem usage: 6.30, % mem avail: 93.74)
1568500 6529.5554785728455 240.22 q/s (% mem usage: 6.30, % mem avail: 93.74)
1569000 6530.56893157959 240.25 q/s (% mem usage: 6.30, % mem avail: 93.75)
1569500 6531.500647544861 240.30 q/s (% mem usage: 6.30, % mem avail: 93.75)
1570000 6533.930390834808 240.28 q/s (% mem usage: 6.30, % mem avail: 93.74)
1570500 6535.382225036621 240.31 q/s (% mem usage: 6.30, % mem avail: 93.74)
1571000 6536.557644128799 240.34 q/s (% mem usage: 6.30, % mem avail: 93.74)
1571500 6536.609951019287 240.42 q/s (% mem usage: 6.30, % mem avail: 93.74)
1572000 6536.660860776901 240.49 q/s (% mem usage: 6.30, % mem avail: 93.74)
1572500 6538.357442855835 240.50 q/s (% mem usage: 6.30, % mem avail: 93.74)
1573000 6538.45969748497 240.58 q/s (% mem usage: 6.30, % mem avail: 93.74)
1573500 6540.457007408142 240.58 q/s (% mem usage: 6.30, % mem avail: 93.75)
1574000 6540.507334470749 240.65 q/s (% mem usage: 6.30, % mem avail: 93.75)
1574500 6542.050644874573 240.67 q/s (% mem usage: 6.30, % mem avail: 93.74)
1575000 6543.379296541214 240.70 q/s (% mem usage: 6.30, % mem avail: 93.74)
1575500 6544.501940250397 240.74 q/s (% mem usage: 6.30, % mem avail: 93.74)
1576000 6544.5482885837555 240.81 q/s (% mem usage: 6.30, % mem avail: 93.74)
1576500 6545.235221147537 240.86 q/s (% mem usage: 6.30, % mem avail: 93.74)
1577000 6546.238355636597 240.90 q/s (% mem usage: 6.30, % mem avail: 93.74)
1577500 6548.303112268448 240.90 q/s (% mem usage: 6.30, % mem avail: 93.74)
1578000 6548.560158967972 240.97 q/s (% mem usage: 6.30, % mem avail: 93.74)
1578500 6549.0773413181305 241.03 q/s (% mem usage: 6.30, % mem avail: 93.74)
1579000 6550.1637625694275 241.06 q/s (% mem usage: 6.30, % mem avail: 93.74)
1579500 6551.164254903793 241.10 q/s (% mem usage: 6.30, % mem avail: 93.74)
1580000 6552.112619400024 241.14 q/s (% mem usage: 6.30, % mem avail: 93.74)
1580500 6553.5306096076965 241.17 q/s (% mem usage: 6.30, % mem avail: 93.74)
1581000 6553.955655097961 241.23 q/s (% mem usage: 6.30, % mem avail: 93.74)
1581500 6554.965346097946 241.27 q/s (% mem usage: 6.30, % mem avail: 93.74)
1582000 6556.046943426132 241.30 q/s (% mem usage: 6.30, % mem avail: 93.74)
1582500 6557.112096786499 241.34 q/s (% mem usage: 6.30, % mem avail: 93.74)
1583000 6557.960143089294 241.39 q/s (% mem usage: 6.30, % mem avail: 93.74)
1583500 6558.80051279068 241.43 q/s (% mem usage: 6.30, % mem avail: 93.74)
1584000 6559.76672410965 241.47 q/s (% mem usage: 6.30, % mem avail: 93.74)
1584500 6562.827598333359 241.44 q/s (% mem usage: 6.30, % mem avail: 93.74)
1585000 6562.880130290985 241.51 q/s (% mem usage: 6.30, % mem avail: 93.74)
1585500 6562.927469730377 241.58 q/s (% mem usage: 6.30, % mem avail: 93.74)
1586000 6563.713232755661 241.63 q/s (% mem usage: 6.30, % mem avail: 93.74)
1586500 6565.363211154938 241.65 q/s (% mem usage: 6.30, % mem avail: 93.74)
1587000 6565.5663113594055 241.72 q/s (% mem usage: 6.30, % mem avail: 93.74)
1587500 6566.493059873581 241.76 q/s (% mem usage: 6.30, % mem avail: 93.74)
1588000 6567.458574056625 241.80 q/s (% mem usage: 6.30, % mem avail: 93.74)
1588500 6568.348294734955 241.84 q/s (% mem usage: 6.30, % mem avail: 93.74)
1589000 6569.138562440872 241.89 q/s (% mem usage: 6.30, % mem avail: 93.74)
1589500 6570.116692781448 241.93 q/s (% mem usage: 6.30, % mem avail: 93.74)
1590000 6570.981803178787 241.97 q/s (% mem usage: 6.30, % mem avail: 93.74)
1590500 6571.968003988266 242.01 q/s (% mem usage: 6.30, % mem avail: 93.74)
1591000 6572.970506191254 242.05 q/s (% mem usage: 6.30, % mem avail: 93.74)
1591500 6574.031187772751 242.09 q/s (% mem usage: 6.30, % mem avail: 93.74)
1592000 6574.84369802475 242.14 q/s (% mem usage: 6.30, % mem avail: 93.74)
1592500 6575.963052034378 242.17 q/s (% mem usage: 6.30, % mem avail: 93.74)
1593000 6576.882548093796 242.21 q/s (% mem usage: 6.30, % mem avail: 93.74)
1593500 6577.902547121048 242.25 q/s (% mem usage: 6.30, % mem avail: 93.74)
1594000 6578.886203289032 242.29 q/s (% mem usage: 6.30, % mem avail: 93.74)
1594500 6580.605152606964 242.30 q/s (% mem usage: 6.30, % mem avail: 93.74)
1595000 6580.641998291016 242.38 q/s (% mem usage: 6.30, % mem avail: 93.74)
1595500 6582.332808494568 242.39 q/s (% mem usage: 6.30, % mem avail: 93.74)
1596000 6582.796487569809 242.45 q/s (% mem usage: 6.30, % mem avail: 93.74)
1596500 6583.657407045364 242.49 q/s (% mem usage: 6.30, % mem avail: 93.74)
1597000 6584.669560670853 242.53 q/s (% mem usage: 6.30, % mem avail: 93.74)
1597500 6585.8963458538055 242.56 q/s (% mem usage: 6.30, % mem avail: 93.74)
1598000 6586.516423940659 242.62 q/s (% mem usage: 6.30, % mem avail: 93.74)
1598500 6587.531071424484 242.66 q/s (% mem usage: 6.30, % mem avail: 93.74)
1599000 6588.8894300460815 242.68 q/s (% mem usage: 6.30, % mem avail: 93.74)
1599500 6589.487814426422 242.74 q/s (% mem usage: 6.30, % mem avail: 93.74)
1600000 6590.503528356552 242.77 q/s (% mem usage: 6.30, % mem avail: 93.74)
1600500 6591.4168176651 242.82 q/s (% mem usage: 6.30, % mem avail: 93.74)
1601000 6592.347450733185 242.86 q/s (% mem usage: 6.30, % mem avail: 93.74)
1601500 6593.317979335785 242.90 q/s (% mem usage: 6.30, % mem avail: 93.73)
1602000 6594.680229187012 242.92 q/s (% mem usage: 6.30, % mem avail: 93.74)
1602500 6595.141788721085 242.98 q/s (% mem usage: 6.30, % mem avail: 93.74)
1603000 6596.198266744614 243.02 q/s (% mem usage: 6.30, % mem avail: 93.74)
1603500 6596.96164894104 243.07 q/s (% mem usage: 6.30, % mem avail: 93.74)
1604000 6597.986275672913 243.10 q/s (% mem usage: 6.30, % mem avail: 93.74)
1604500 6598.9419956207275 243.15 q/s (% mem usage: 6.30, % mem avail: 93.74)
1605000 6599.969655036926 243.18 q/s (% mem usage: 6.30, % mem avail: 93.74)
1605500 6600.846347093582 243.23 q/s (% mem usage: 6.30, % mem avail: 93.74)
1606000 6601.951947450638 243.26 q/s (% mem usage: 6.30, % mem avail: 93.74)
1606500 6602.9168174266815 243.30 q/s (% mem usage: 6.30, % mem avail: 93.74)
1607000 6603.782461166382 243.35 q/s (% mem usage: 6.30, % mem avail: 93.74)
1607500 6604.8456790447235 243.38 q/s (% mem usage: 6.30, % mem avail: 93.74)
1608000 6605.848114967346 243.42 q/s (% mem usage: 6.30, % mem avail: 93.74)
1608500 6606.783764123917 243.46 q/s (% mem usage: 6.30, % mem avail: 93.74)
1609000 6608.135883331299 243.49 q/s (% mem usage: 6.30, % mem avail: 93.74)
1609500 6608.572156906128 243.55 q/s (% mem usage: 6.30, % mem avail: 93.74)
1610000 6609.515694618225 243.59 q/s (% mem usage: 6.30, % mem avail: 93.74)
1610500 6610.4749228954315 243.63 q/s (% mem usage: 6.30, % mem avail: 93.74)
1611000 6611.416428804398 243.67 q/s (% mem usage: 6.30, % mem avail: 93.74)
1611500 6612.278520584106 243.71 q/s (% mem usage: 6.30, % mem avail: 93.74)
1612000 6613.339647769928 243.75 q/s (% mem usage: 6.30, % mem avail: 93.74)
1612500 6614.205938816071 243.79 q/s (% mem usage: 6.30, % mem avail: 93.74)
1613000 6615.278511762619 243.83 q/s (% mem usage: 6.30, % mem avail: 93.75)
1613500 6615.969622850418 243.88 q/s (% mem usage: 6.30, % mem avail: 93.74)
1614000 6617.082030534744 243.91 q/s (% mem usage: 6.30, % mem avail: 93.74)
1614500 6617.884799003601 243.96 q/s (% mem usage: 6.30, % mem avail: 93.74)
1615000 6618.8770134449005 244.00 q/s (% mem usage: 6.30, % mem avail: 93.74)
1615500 6619.857718706131 244.04 q/s (% mem usage: 6.30, % mem avail: 93.74)
1616000 6620.9256064891815 244.07 q/s (% mem usage: 6.30, % mem avail: 93.74)
1616500 6622.111145734787 244.11 q/s (% mem usage: 6.30, % mem avail: 93.74)
1617000 6622.763475894928 244.16 q/s (% mem usage: 6.30, % mem avail: 93.74)
1617500 6623.652721405029 244.20 q/s (% mem usage: 6.30, % mem avail: 93.74)
1618000 6624.6026611328125 244.24 q/s (% mem usage: 6.30, % mem avail: 93.74)
1618500 6626.8929708004 244.23 q/s (% mem usage: 6.30, % mem avail: 93.73)
1619000 6626.946805238724 244.31 q/s (% mem usage: 6.30, % mem avail: 93.73)
1619500 6627.648093223572 244.36 q/s (% mem usage: 6.30, % mem avail: 93.73)
1620000 6629.4526970386505 244.36 q/s (% mem usage: 6.30, % mem avail: 93.73)
1620500 6629.503648281097 244.44 q/s (% mem usage: 6.30, % mem avail: 93.73)
1621000 6632.3335473537445 244.41 q/s (% mem usage: 6.30, % mem avail: 93.73)
1621500 6632.383444070816 244.48 q/s (% mem usage: 6.30, % mem avail: 93.73)
1622000 6633.0403027534485 244.53 q/s (% mem usage: 6.30, % mem avail: 93.73)
1622500 6634.73739027977 244.55 q/s (% mem usage: 6.30, % mem avail: 93.73)
1623000 6634.784111022949 244.62 q/s (% mem usage: 6.30, % mem avail: 93.73)
1623500 6635.363709688187 244.67 q/s (% mem usage: 6.30, % mem avail: 93.73)
1624000 6636.296020269394 244.71 q/s (% mem usage: 6.30, % mem avail: 93.73)
1624500 6637.237151622772 244.76 q/s (% mem usage: 6.30, % mem avail: 93.73)
1625000 6638.186986446381 244.80 q/s (% mem usage: 6.30, % mem avail: 93.73)
1625500 6639.087023496628 244.84 q/s (% mem usage: 6.30, % mem avail: 93.73)
1626000 6639.999679327011 244.88 q/s (% mem usage: 6.30, % mem avail: 93.73)
1626500 6641.250348806381 244.91 q/s (% mem usage: 6.30, % mem avail: 93.73)
1627000 6641.9322600364685 244.96 q/s (% mem usage: 6.30, % mem avail: 93.73)
1627500 6642.857912778854 245.00 q/s (% mem usage: 6.30, % mem avail: 93.73)
1628000 6643.848216295242 245.04 q/s (% mem usage: 6.30, % mem avail: 93.73)
1628500 6644.851708173752 245.08 q/s (% mem usage: 6.30, % mem avail: 93.73)
1629000 6645.645688295364 245.12 q/s (% mem usage: 6.30, % mem avail: 93.73)
1629500 6646.708951473236 245.16 q/s (% mem usage: 6.30, % mem avail: 93.73)
1630000 6647.7372307777405 245.20 q/s (% mem usage: 6.30, % mem avail: 93.73)
1630500 6649.110809326172 245.22 q/s (% mem usage: 6.30, % mem avail: 93.73)
1631000 6649.528375864029 245.28 q/s (% mem usage: 6.30, % mem avail: 93.73)
1631500 6652.385048627853 245.25 q/s (% mem usage: 6.30, % mem avail: 93.73)
1632000 6652.426292896271 245.32 q/s (% mem usage: 6.30, % mem avail: 93.73)
1632500 6652.498553276062 245.40 q/s (% mem usage: 6.30, % mem avail: 93.73)
1633000 6653.373781442642 245.44 q/s (% mem usage: 6.30, % mem avail: 93.73)
1633500 6654.479388475418 245.47 q/s (% mem usage: 6.30, % mem avail: 93.73)
1634000 6655.349527597427 245.52 q/s (% mem usage: 6.30, % mem avail: 93.73)
1634500 6656.141181230545 245.56 q/s (% mem usage: 6.30, % mem avail: 93.73)
1635000 6657.1930503845215 245.60 q/s (% mem usage: 6.30, % mem avail: 93.73)
1635500 6659.119225025177 245.60 q/s (% mem usage: 6.30, % mem avail: 93.73)
1636000 6659.169310331345 245.68 q/s (% mem usage: 6.30, % mem avail: 93.73)
1636500 6659.986782550812 245.72 q/s (% mem usage: 6.30, % mem avail: 93.73)
1637000 6660.990332841873 245.76 q/s (% mem usage: 6.30, % mem avail: 93.73)
1637500 6662.061672210693 245.79 q/s (% mem usage: 6.30, % mem avail: 93.73)
1638000 6663.978197336197 245.80 q/s (% mem usage: 6.30, % mem avail: 93.73)
1638500 6664.010787248611 245.87 q/s (% mem usage: 6.30, % mem avail: 93.73)
1639000 6665.149460315704 245.91 q/s (% mem usage: 6.30, % mem avail: 93.73)
1639500 6665.800129175186 245.96 q/s (% mem usage: 6.30, % mem avail: 93.73)
1640000 6666.674093008041 246.00 q/s (% mem usage: 6.30, % mem avail: 93.73)
1640500 6667.6126210689545 246.04 q/s (% mem usage: 6.30, % mem avail: 93.73)
1641000 6668.502227067947 246.08 q/s (% mem usage: 6.30, % mem avail: 93.73)
1641500 6669.509991407394 246.12 q/s (% mem usage: 6.30, % mem avail: 93.73)
1642000 6670.524755239487 246.16 q/s (% mem usage: 6.30, % mem avail: 93.73)
1642500 6671.602693557739 246.19 q/s (% mem usage: 6.30, % mem avail: 93.73)
1643000 6672.457382917404 246.24 q/s (% mem usage: 6.30, % mem avail: 93.73)
1643500 6673.501514911652 246.27 q/s (% mem usage: 6.30, % mem avail: 93.73)
1644000 6674.280565500259 246.32 q/s (% mem usage: 6.30, % mem avail: 93.73)
1644500 6675.355269193649 246.35 q/s (% mem usage: 6.30, % mem avail: 93.73)
1645000 6677.732971191406 246.34 q/s (% mem usage: 6.30, % mem avail: 93.73)
1645500 6677.784283399582 246.41 q/s (% mem usage: 6.30, % mem avail: 93.73)
1646000 6678.203914642334 246.47 q/s (% mem usage: 6.30, % mem avail: 93.73)
1646500 6680.398129940033 246.47 q/s (% mem usage: 6.30, % mem avail: 93.73)
1647000 6681.58434009552 246.50 q/s (% mem usage: 6.30, % mem avail: 93.73)
1647500 6681.630609035492 246.57 q/s (% mem usage: 6.30, % mem avail: 93.73)
1648000 6682.183079957962 246.63 q/s (% mem usage: 6.30, % mem avail: 93.73)
1648500 6682.918051481247 246.67 q/s (% mem usage: 6.30, % mem avail: 93.73)
1649000 6685.372663497925 246.66 q/s (% mem usage: 6.30, % mem avail: 93.73)
1649500 6685.414128780365 246.73 q/s (% mem usage: 6.30, % mem avail: 93.73)
1650000 6685.989671230316 246.78 q/s (% mem usage: 6.30, % mem avail: 93.73)
1650500 6686.787595510483 246.83 q/s (% mem usage: 6.30, % mem avail: 93.73)
1651000 6687.611862659454 246.87 q/s (% mem usage: 6.30, % mem avail: 93.73)
1651500 6688.485546350479 246.92 q/s (% mem usage: 6.30, % mem avail: 93.73)
1652000 6689.472141981125 246.96 q/s (% mem usage: 6.30, % mem avail: 93.73)
1652500 6690.3194460868835 247.00 q/s (% mem usage: 6.30, % mem avail: 93.73)
1653000 6691.2476375103 247.04 q/s (% mem usage: 6.30, % mem avail: 93.73)
1653500 6692.266644716263 247.08 q/s (% mem usage: 6.30, % mem avail: 93.73)
1654000 6693.096254110336 247.12 q/s (% mem usage: 6.30, % mem avail: 93.73)
1654500 6693.949642419815 247.16 q/s (% mem usage: 6.30, % mem avail: 93.73)
1655000 6695.0950655937195 247.20 q/s (% mem usage: 6.30, % mem avail: 93.73)
1655500 6695.929550170898 247.24 q/s (% mem usage: 6.30, % mem avail: 93.73)
1656000 6697.648412227631 247.25 q/s (% mem usage: 6.30, % mem avail: 93.73)
1656500 6697.8387362957 247.32 q/s (% mem usage: 6.30, % mem avail: 93.73)
1657000 6698.850291967392 247.36 q/s (% mem usage: 6.30, % mem avail: 93.73)
1657500 6700.033631324768 247.39 q/s (% mem usage: 6.30, % mem avail: 93.73)
1658000 6700.658586502075 247.44 q/s (% mem usage: 6.30, % mem avail: 93.73)
1658500 6701.614399909973 247.48 q/s (% mem usage: 6.30, % mem avail: 93.73)
1659000 6702.502407550812 247.52 q/s (% mem usage: 6.30, % mem avail: 93.73)
1659500 6703.444226980209 247.56 q/s (% mem usage: 6.30, % mem avail: 93.72)
1660000 6704.437922000885 247.60 q/s (% mem usage: 6.30, % mem avail: 93.73)
1660500 6705.190771579742 247.64 q/s (% mem usage: 6.30, % mem avail: 93.73)
1661000 6706.256019353867 247.68 q/s (% mem usage: 6.30, % mem avail: 93.73)
1661500 6707.197340726852 247.72 q/s (% mem usage: 6.30, % mem avail: 93.73)
1662000 6708.008373260498 247.76 q/s (% mem usage: 6.30, % mem avail: 93.73)
1662500 6708.905972242355 247.80 q/s (% mem usage: 6.30, % mem avail: 93.74)
1663000 6709.722211122513 247.85 q/s (% mem usage: 6.30, % mem avail: 93.73)
1663500 6710.613352775574 247.89 q/s (% mem usage: 6.30, % mem avail: 93.73)
1664000 6713.367979764938 247.86 q/s (% mem usage: 6.30, % mem avail: 93.73)
1664500 6713.410295248032 247.94 q/s (% mem usage: 6.30, % mem avail: 93.73)
1665000 6713.547106027603 248.01 q/s (% mem usage: 6.30, % mem avail: 93.73)
1665500 6714.493134021759 248.05 q/s (% mem usage: 6.30, % mem avail: 93.73)
1666000 6715.44993853569 248.08 q/s (% mem usage: 6.30, % mem avail: 93.73)
1666500 6716.378536701202 248.12 q/s (% mem usage: 6.30, % mem avail: 93.73)
1667000 6718.553170442581 248.12 q/s (% mem usage: 6.30, % mem avail: 93.74)
1667500 6718.603178501129 248.19 q/s (% mem usage: 6.30, % mem avail: 93.73)
1668000 6719.434013366699 248.24 q/s (% mem usage: 6.30, % mem avail: 93.73)
1668500 6720.602574586868 248.27 q/s (% mem usage: 6.30, % mem avail: 93.73)
1669000 6721.522725820541 248.31 q/s (% mem usage: 6.30, % mem avail: 93.73)
1669500 6722.519655227661 248.34 q/s (% mem usage: 6.30, % mem avail: 93.73)
1670000 6723.416969060898 248.39 q/s (% mem usage: 6.30, % mem avail: 93.73)
1670500 6725.477826356888 248.38 q/s (% mem usage: 6.30, % mem avail: 93.73)
1671000 6725.527171373367 248.46 q/s (% mem usage: 6.30, % mem avail: 93.73)
1671500 6726.483528375626 248.50 q/s (% mem usage: 6.30, % mem avail: 93.73)
1672000 6727.335425853729 248.54 q/s (% mem usage: 6.30, % mem avail: 93.73)
1672500 6728.188344955444 248.58 q/s (% mem usage: 6.30, % mem avail: 93.73)
1673000 6729.171772480011 248.62 q/s (% mem usage: 6.30, % mem avail: 93.73)
1673500 6729.929709434509 248.67 q/s (% mem usage: 6.30, % mem avail: 93.73)
1674000 6730.915664672852 248.70 q/s (% mem usage: 6.30, % mem avail: 93.73)
1674500 6731.871856212616 248.74 q/s (% mem usage: 6.30, % mem avail: 93.73)
1675000 6732.866691350937 248.78 q/s (% mem usage: 6.30, % mem avail: 93.73)
1675500 6733.710729122162 248.82 q/s (% mem usage: 6.30, % mem avail: 93.73)
1676000 6734.685693740845 248.86 q/s (% mem usage: 6.30, % mem avail: 93.73)
1676500 6736.49790930748 248.87 q/s (% mem usage: 6.30, % mem avail: 93.73)
1677000 6736.598338603973 248.94 q/s (% mem usage: 6.30, % mem avail: 93.73)
1677500 6737.482820272446 248.98 q/s (% mem usage: 6.30, % mem avail: 93.73)
1678000 6738.427764415741 249.02 q/s (% mem usage: 6.30, % mem avail: 93.73)
1678500 6739.450714111328 249.06 q/s (% mem usage: 6.30, % mem avail: 93.73)
1679000 6740.499954462051 249.09 q/s (% mem usage: 6.30, % mem avail: 93.73)
1679500 6741.540215969086 249.13 q/s (% mem usage: 6.30, % mem avail: 93.73)
1680000 6743.313241243362 249.14 q/s (% mem usage: 6.30, % mem avail: 93.73)
1680500 6743.553925991058 249.20 q/s (% mem usage: 6.30, % mem avail: 93.73)
1681000 6744.571892738342 249.24 q/s (% mem usage: 6.30, % mem avail: 93.73)
1681500 6746.069454669952 249.26 q/s (% mem usage: 6.30, % mem avail: 93.73)
1682000 6746.428512811661 249.32 q/s (% mem usage: 6.30, % mem avail: 93.73)
1682500 6747.399795293808 249.36 q/s (% mem usage: 6.30, % mem avail: 93.73)
1683000 6748.376586437225 249.39 q/s (% mem usage: 6.30, % mem avail: 93.73)
1683500 6749.489264965057 249.43 q/s (% mem usage: 6.30, % mem avail: 93.73)
1684000 6750.381621599197 249.47 q/s (% mem usage: 6.30, % mem avail: 93.73)
1684500 6751.23468708992 249.51 q/s (% mem usage: 6.30, % mem avail: 93.73)
1685000 6752.166519880295 249.55 q/s (% mem usage: 6.30, % mem avail: 93.73)
1685500 6753.176959991455 249.59 q/s (% mem usage: 6.30, % mem avail: 93.73)
1686000 6754.5750987529755 249.61 q/s (% mem usage: 6.30, % mem avail: 93.73)
1686500 6755.082578897476 249.66 q/s (% mem usage: 6.30, % mem avail: 93.73)
1687000 6755.998391866684 249.70 q/s (% mem usage: 6.30, % mem avail: 93.73)
1687500 6758.372510671616 249.69 q/s (% mem usage: 6.30, % mem avail: 93.73)
1688000 6758.419007539749 249.76 q/s (% mem usage: 6.30, % mem avail: 93.73)
1688500 6759.153694152832 249.81 q/s (% mem usage: 6.30, % mem avail: 93.73)
1689000 6760.103547811508 249.85 q/s (% mem usage: 6.30, % mem avail: 93.73)
1689500 6761.024636030197 249.89 q/s (% mem usage: 6.30, % mem avail: 93.73)
1690000 6761.9247007369995 249.93 q/s (% mem usage: 6.30, % mem avail: 93.73)
1690500 6762.895097494125 249.97 q/s (% mem usage: 6.30, % mem avail: 93.73)
1691000 6763.770783424377 250.01 q/s (% mem usage: 6.30, % mem avail: 93.73)
1691500 6764.719213247299 250.05 q/s (% mem usage: 6.30, % mem avail: 93.73)
1692000 6766.396114110947 250.06 q/s (% mem usage: 6.30, % mem avail: 93.73)
1692500 6768.262854337692 250.06 q/s (% mem usage: 6.30, % mem avail: 93.73)
1693000 6768.308161735535 250.14 q/s (% mem usage: 6.30, % mem avail: 93.73)
1693500 6770.116173505783 250.14 q/s (% mem usage: 6.30, % mem avail: 93.73)
1694000 6770.160299777985 250.22 q/s (% mem usage: 6.30, % mem avail: 93.73)
1694500 6770.661381006241 250.27 q/s (% mem usage: 6.30, % mem avail: 93.73)
1695000 6771.5473692417145 250.31 q/s (% mem usage: 6.30, % mem avail: 93.73)
1695500 6772.512503623962 250.35 q/s (% mem usage: 6.30, % mem avail: 93.73)
1696000 6773.572446346283 250.38 q/s (% mem usage: 6.30, % mem avail: 93.73)
1696500 6774.551550865173 250.42 q/s (% mem usage: 6.30, % mem avail: 93.73)
1697000 6775.554606437683 250.46 q/s (% mem usage: 6.30, % mem avail: 93.73)
1697500 6776.423045873642 250.50 q/s (% mem usage: 6.30, % mem avail: 93.73)
1698000 6777.279095411301 250.54 q/s (% mem usage: 6.30, % mem avail: 93.73)
1698500 6778.278960466385 250.58 q/s (% mem usage: 6.30, % mem avail: 93.73)
1699000 6779.111440658569 250.62 q/s (% mem usage: 6.30, % mem avail: 93.73)
1699500 6780.116165876389 250.66 q/s (% mem usage: 6.30, % mem avail: 93.73)
1700000 6781.0859405994415 250.70 q/s (% mem usage: 6.30, % mem avail: 93.73)
1700500 6782.487242937088 250.72 q/s (% mem usage: 6.30, % mem avail: 93.73)
1701000 6782.981937646866 250.77 q/s (% mem usage: 6.30, % mem avail: 93.73)
1701500 6786.227333068848 250.73 q/s (% mem usage: 6.30, % mem avail: 93.72)
1702000 6786.274214982986 250.80 q/s (% mem usage: 6.30, % mem avail: 93.72)
1702500 6786.306377887726 250.87 q/s (% mem usage: 6.30, % mem avail: 93.73)
1703000 6787.168742418289 250.91 q/s (% mem usage: 6.30, % mem avail: 93.73)
1703500 6787.6884660720825 250.97 q/s (% mem usage: 6.30, % mem avail: 93.72)
1704000 6788.48250746727 251.01 q/s (% mem usage: 6.30, % mem avail: 93.73)
1704500 6789.3718185424805 251.05 q/s (% mem usage: 6.30, % mem avail: 93.73)
1705000 6790.238805055618 251.10 q/s (% mem usage: 6.30, % mem avail: 93.73)
1705500 6791.207899570465 251.13 q/s (% mem usage: 6.30, % mem avail: 93.73)
1706000 6792.9810173511505 251.14 q/s (% mem usage: 6.30, % mem avail: 93.72)
1706500 6793.216448545456 251.21 q/s (% mem usage: 6.30, % mem avail: 93.72)
1707000 6794.244286060333 251.24 q/s (% mem usage: 6.30, % mem avail: 93.72)
1707500 6795.510850191116 251.27 q/s (% mem usage: 6.30, % mem avail: 93.72)
1708000 6796.1306574344635 251.32 q/s (% mem usage: 6.30, % mem avail: 93.72)
1708500 6797.069819927216 251.36 q/s (% mem usage: 6.30, % mem avail: 93.73)
1709000 6798.021121740341 251.40 q/s (% mem usage: 6.30, % mem avail: 93.72)
1709500 6798.973751306534 251.44 q/s (% mem usage: 6.30, % mem avail: 93.72)
1710000 6800.021789550781 251.47 q/s (% mem usage: 6.30, % mem avail: 93.73)
1710500 6801.20357632637 251.50 q/s (% mem usage: 6.30, % mem avail: 93.73)
1711000 6801.910434961319 251.55 q/s (% mem usage: 6.30, % mem avail: 93.73)
1711500 6803.769395828247 251.55 q/s (% mem usage: 6.30, % mem avail: 93.73)
1712000 6803.824944257736 251.62 q/s (% mem usage: 6.30, % mem avail: 93.73)
1712500 6804.8455719947815 251.66 q/s (% mem usage: 6.30, % mem avail: 93.73)
1713000 6805.698627233505 251.70 q/s (% mem usage: 6.30, % mem avail: 93.73)
1713500 6808.1989159584045 251.68 q/s (% mem usage: 6.30, % mem avail: 93.73)
1714000 6808.562119245529 251.74 q/s (% mem usage: 6.30, % mem avail: 93.73)
1714500 6808.614607810974 251.81 q/s (% mem usage: 6.30, % mem avail: 93.73)
1715000 6811.014288663864 251.80 q/s (% mem usage: 6.30, % mem avail: 93.73)
1715500 6811.067412614822 251.87 q/s (% mem usage: 6.30, % mem avail: 93.73)
1716000 6811.901516199112 251.91 q/s (% mem usage: 6.30, % mem avail: 93.73)
1716500 6812.694842100143 251.96 q/s (% mem usage: 6.30, % mem avail: 93.73)
1717000 6813.623637676239 252.00 q/s (% mem usage: 6.30, % mem avail: 93.72)
1717500 6818.941759109497 251.87 q/s (% mem usage: 6.30, % mem avail: 93.71)
1718000 6818.997651100159 251.94 q/s (% mem usage: 6.30, % mem avail: 93.71)
1718500 6819.048380613327 252.01 q/s (% mem usage: 6.30, % mem avail: 93.71)
1719000 6819.129685878754 252.08 q/s (% mem usage: 6.30, % mem avail: 93.71)
1719500 6819.18373298645 252.16 q/s (% mem usage: 6.30, % mem avail: 93.71)
1720000 6819.265198945999 252.23 q/s (% mem usage: 6.30, % mem avail: 93.71)
1720500 6820.175994873047 252.27 q/s (% mem usage: 6.30, % mem avail: 93.71)
1721000 6821.330633163452 252.30 q/s (% mem usage: 6.30, % mem avail: 93.72)
1721500 6822.535087108612 252.33 q/s (% mem usage: 6.30, % mem avail: 93.72)
1722000 6823.167399406433 252.38 q/s (% mem usage: 6.30, % mem avail: 93.72)
1722500 6824.35165309906 252.40 q/s (% mem usage: 6.30, % mem avail: 93.72)
1723000 6825.29377245903 252.44 q/s (% mem usage: 6.30, % mem avail: 93.72)
1723500 6826.164108753204 252.48 q/s (% mem usage: 6.30, % mem avail: 93.72)
1724000 6827.026675462723 252.53 q/s (% mem usage: 6.30, % mem avail: 93.72)
1724500 6827.9982533454895 252.56 q/s (% mem usage: 6.30, % mem avail: 93.72)
1725000 6828.968108654022 252.60 q/s (% mem usage: 6.30, % mem avail: 93.72)
1725500 6829.914952516556 252.64 q/s (% mem usage: 6.30, % mem avail: 93.72)
1726000 6830.809448957443 252.68 q/s (% mem usage: 6.30, % mem avail: 93.72)
1726500 6831.757791042328 252.72 q/s (% mem usage: 6.30, % mem avail: 93.72)
1727000 6832.910744190216 252.75 q/s (% mem usage: 6.30, % mem avail: 93.72)
1727500 6833.66526722908 252.79 q/s (% mem usage: 6.30, % mem avail: 93.72)
1728000 6834.576882839203 252.83 q/s (% mem usage: 6.30, % mem avail: 93.72)
1728500 6835.489418745041 252.87 q/s (% mem usage: 6.30, % mem avail: 93.72)
1729000 6836.447593927383 252.91 q/s (% mem usage: 6.30, % mem avail: 93.72)
1729500 6837.416181087494 252.95 q/s (% mem usage: 6.30, % mem avail: 93.72)
1730000 6838.524959087372 252.98 q/s (% mem usage: 6.30, % mem avail: 93.72)
1730500 6839.579244375229 253.01 q/s (% mem usage: 6.30, % mem avail: 93.72)
1731000 6840.166323661804 253.06 q/s (% mem usage: 6.30, % mem avail: 93.72)
1731500 6841.810150146484 253.08 q/s (% mem usage: 6.30, % mem avail: 93.71)
1732000 6842.053448200226 253.14 q/s (% mem usage: 6.30, % mem avail: 93.71)
1732500 6843.22313451767 253.17 q/s (% mem usage: 6.30, % mem avail: 93.71)
1733000 6844.055593490601 253.21 q/s (% mem usage: 6.30, % mem avail: 93.71)
1733500 6845.983901023865 253.21 q/s (% mem usage: 6.30, % mem avail: 93.71)
1734000 6846.030244350433 253.29 q/s (% mem usage: 6.30, % mem avail: 93.71)
1734500 6846.936013698578 253.32 q/s (% mem usage: 6.30, % mem avail: 93.71)
1735000 6847.926747560501 253.36 q/s (% mem usage: 6.30, % mem avail: 93.71)
1735500 6848.806422948837 253.40 q/s (% mem usage: 6.30, % mem avail: 93.71)
1736000 6849.978639364243 253.43 q/s (% mem usage: 6.30, % mem avail: 93.71)
1736500 6851.648478031158 253.44 q/s (% mem usage: 6.30, % mem avail: 93.71)
1737000 6851.78760266304 253.51 q/s (% mem usage: 6.30, % mem avail: 93.71)
1737500 6852.704847335815 253.55 q/s (% mem usage: 6.30, % mem avail: 93.71)
1738000 6853.643471002579 253.59 q/s (% mem usage: 6.30, % mem avail: 93.71)
1738500 6854.744379758835 253.62 q/s (% mem usage: 6.30, % mem avail: 93.71)
1739000 6855.742151498795 253.66 q/s (% mem usage: 6.30, % mem avail: 93.71)
1739500 6856.532737731934 253.70 q/s (% mem usage: 6.30, % mem avail: 93.71)
1740000 6857.555500268936 253.73 q/s (% mem usage: 6.30, % mem avail: 93.71)
1740500 6858.450513601303 253.77 q/s (% mem usage: 6.30, % mem avail: 93.71)
1741000 6859.34463095665 253.81 q/s (% mem usage: 6.30, % mem avail: 93.71)
1741500 6860.191798210144 253.86 q/s (% mem usage: 6.30, % mem avail: 93.71)
1742000 6861.48134469986 253.88 q/s (% mem usage: 6.30, % mem avail: 93.71)
1742500 6862.171298980713 253.93 q/s (% mem usage: 6.30, % mem avail: 93.71)
1743000 6863.0400149822235 253.97 q/s (% mem usage: 6.30, % mem avail: 93.71)
1743500 6864.350607395172 253.99 q/s (% mem usage: 6.30, % mem avail: 93.71)
1744000 6865.006057500839 254.04 q/s (% mem usage: 6.30, % mem avail: 93.72)
1744500 6866.078437805176 254.08 q/s (% mem usage: 6.30, % mem avail: 93.72)
1745000 6866.984192848206 254.11 q/s (% mem usage: 6.30, % mem avail: 93.71)
1745500 6868.0144510269165 254.15 q/s (% mem usage: 6.30, % mem avail: 93.72)
1746000 6868.922565937042 254.19 q/s (% mem usage: 6.30, % mem avail: 93.71)
1746500 6869.774960279465 254.23 q/s (% mem usage: 6.30, % mem avail: 93.72)
1747000 6871.128147363663 254.25 q/s (% mem usage: 6.30, % mem avail: 93.72)
1747500 6871.891255140305 254.30 q/s (% mem usage: 6.30, % mem avail: 93.72)
1748000 6872.467124223709 254.35 q/s (% mem usage: 6.30, % mem avail: 93.72)
1748500 6874.569274663925 254.34 q/s (% mem usage: 6.30, % mem avail: 93.71)
1749000 6874.6188621521 254.41 q/s (% mem usage: 6.30, % mem avail: 93.71)
1749500 6875.3898203372955 254.46 q/s (% mem usage: 6.30, % mem avail: 93.71)
1750000 6876.234209537506 254.50 q/s (% mem usage: 6.30, % mem avail: 93.71)
1750500 6877.221624851227 254.54 q/s (% mem usage: 6.30, % mem avail: 93.71)
1751000 6878.287733078003 254.57 q/s (% mem usage: 6.30, % mem avail: 93.71)
1751500 6879.091450452805 254.61 q/s (% mem usage: 6.30, % mem avail: 93.71)
1752000 6880.069993019104 254.65 q/s (% mem usage: 6.30, % mem avail: 93.71)
1752500 6880.988220453262 254.69 q/s (% mem usage: 6.30, % mem avail: 93.71)
1753000 6881.948627471924 254.72 q/s (% mem usage: 6.30, % mem avail: 93.71)
1753500 6882.792683124542 254.77 q/s (% mem usage: 6.30, % mem avail: 93.71)
1754000 6883.771490573883 254.80 q/s (% mem usage: 6.30, % mem avail: 93.72)
1754500 6884.811513185501 254.84 q/s (% mem usage: 6.30, % mem avail: 93.72)
1755000 6885.66090965271 254.88 q/s (% mem usage: 6.30, % mem avail: 93.72)
1755500 6886.577598810196 254.92 q/s (% mem usage: 6.30, % mem avail: 93.72)
1756000 6887.53723025322 254.95 q/s (% mem usage: 6.30, % mem avail: 93.72)
1756500 6889.395241975784 254.96 q/s (% mem usage: 6.30, % mem avail: 93.72)
1757000 6889.608791589737 255.02 q/s (% mem usage: 6.30, % mem avail: 93.72)
1757500 6890.383857488632 255.07 q/s (% mem usage: 6.30, % mem avail: 93.72)
1758000 6891.405719995499 255.10 q/s (% mem usage: 6.30, % mem avail: 93.72)
1758500 6892.370577573776 255.14 q/s (% mem usage: 6.30, % mem avail: 93.72)
1759000 6893.779150009155 255.16 q/s (% mem usage: 6.30, % mem avail: 93.72)
1759500 6894.75669336319 255.19 q/s (% mem usage: 6.30, % mem avail: 93.72)
1760000 6896.442143917084 255.20 q/s (% mem usage: 6.30, % mem avail: 93.72)
1760500 6896.48984003067 255.27 q/s (% mem usage: 6.30, % mem avail: 93.72)
1761000 6897.065760374069 255.33 q/s (% mem usage: 6.30, % mem avail: 93.72)
1761500 6898.465095281601 255.35 q/s (% mem usage: 6.30, % mem avail: 93.72)
1762000 6898.962930440903 255.40 q/s (% mem usage: 6.30, % mem avail: 93.72)
1762500 6899.89114689827 255.44 q/s (% mem usage: 6.30, % mem avail: 93.72)
1763000 6901.9638521671295 255.43 q/s (% mem usage: 6.30, % mem avail: 93.72)
1763500 6902.138657569885 255.50 q/s (% mem usage: 6.30, % mem avail: 93.72)
1764000 6902.708753824234 255.55 q/s (% mem usage: 6.30, % mem avail: 93.72)
1764500 6904.830727815628 255.55 q/s (% mem usage: 6.30, % mem avail: 93.72)
1765000 6904.880736589432 255.62 q/s (% mem usage: 6.30, % mem avail: 93.72)
1765500 6905.647734880447 255.66 q/s (% mem usage: 6.30, % mem avail: 93.73)
1766000 6906.640735387802 255.70 q/s (% mem usage: 6.30, % mem avail: 93.72)
1766500 6907.603775501251 255.73 q/s (% mem usage: 6.30, % mem avail: 93.72)
1767000 6909.467754602432 255.74 q/s (% mem usage: 6.30, % mem avail: 93.72)
1767500 6909.512976408005 255.81 q/s (% mem usage: 6.30, % mem avail: 93.72)
1768000 6910.711797237396 255.83 q/s (% mem usage: 6.30, % mem avail: 93.72)
1768500 6911.097826957703 255.89 q/s (% mem usage: 6.30, % mem avail: 93.72)
1769000 6912.1208708286285 255.93 q/s (% mem usage: 6.30, % mem avail: 93.72)
1769500 6913.3482801914215 255.95 q/s (% mem usage: 6.30, % mem avail: 93.72)
1770000 6914.625982284546 255.98 q/s (% mem usage: 6.30, % mem avail: 93.72)
1770500 6915.176851987839 256.03 q/s (% mem usage: 6.30, % mem avail: 93.72)
1771000 6916.150339603424 256.07 q/s (% mem usage: 6.30, % mem avail: 93.72)
1771500 6917.756224155426 256.08 q/s (% mem usage: 6.30, % mem avail: 93.72)
1772000 6917.952427864075 256.15 q/s (% mem usage: 6.30, % mem avail: 93.72)
1772500 6918.935336828232 256.18 q/s (% mem usage: 6.30, % mem avail: 93.72)
1773000 6919.771014928818 256.22 q/s (% mem usage: 6.30, % mem avail: 93.72)
1773500 6920.730142354965 256.26 q/s (% mem usage: 6.30, % mem avail: 93.72)
1774000 6921.661232948303 256.30 q/s (% mem usage: 6.30, % mem avail: 93.72)
1774500 6922.597190141678 256.33 q/s (% mem usage: 6.30, % mem avail: 93.72)
1775000 6923.6792006492615 256.37 q/s (% mem usage: 6.30, % mem avail: 93.72)
1775500 6924.677814722061 256.40 q/s (% mem usage: 6.30, % mem avail: 93.72)
1776000 6925.597005605698 256.44 q/s (% mem usage: 6.30, % mem avail: 93.72)
1776500 6926.50049495697 256.48 q/s (% mem usage: 6.30, % mem avail: 93.72)
1777000 6927.338932514191 256.52 q/s (% mem usage: 6.30, % mem avail: 93.72)
1777500 6928.280781984329 256.56 q/s (% mem usage: 6.30, % mem avail: 93.72)
1778000 6929.199734449387 256.60 q/s (% mem usage: 6.30, % mem avail: 93.72)
1778500 6930.108067512512 256.63 q/s (% mem usage: 6.30, % mem avail: 93.72)
1779000 6930.998572587967 256.67 q/s (% mem usage: 6.30, % mem avail: 93.72)
1779500 6932.132957935333 256.70 q/s (% mem usage: 6.30, % mem avail: 93.72)
1780000 6932.872973203659 256.75 q/s (% mem usage: 6.30, % mem avail: 93.72)
1780500 6934.260407447815 256.77 q/s (% mem usage: 6.30, % mem avail: 93.72)
1781000 6935.055276155472 256.81 q/s (% mem usage: 6.30, % mem avail: 93.72)
1781500 6935.703074932098 256.86 q/s (% mem usage: 6.30, % mem avail: 93.72)
1782000 6936.759952545166 256.89 q/s (% mem usage: 6.30, % mem avail: 93.72)
1782500 6937.797111272812 256.93 q/s (% mem usage: 6.30, % mem avail: 93.72)
1783000 6938.714347362518 256.96 q/s (% mem usage: 6.30, % mem avail: 93.72)
1783500 6939.744631290436 257.00 q/s (% mem usage: 6.30, % mem avail: 93.72)
1784000 6940.66233587265 257.04 q/s (% mem usage: 6.30, % mem avail: 93.72)
1784500 6941.504098892212 257.08 q/s (% mem usage: 6.30, % mem avail: 93.72)
1785000 6942.5424015522 257.11 q/s (% mem usage: 6.30, % mem avail: 93.72)
1785500 6943.465892791748 257.15 q/s (% mem usage: 6.30, % mem avail: 93.72)
1786000 6948.3237998485565 257.04 q/s (% mem usage: 6.30, % mem avail: 93.72)
1786500 6948.382898569107 257.11 q/s (% mem usage: 6.30, % mem avail: 93.72)
1787000 6948.436011791229 257.18 q/s (% mem usage: 6.30, % mem avail: 93.72)
1787500 6948.489871025085 257.25 q/s (% mem usage: 6.30, % mem avail: 93.72)
1788000 6948.542896032333 257.32 q/s (% mem usage: 6.30, % mem avail: 93.72)
1788500 6949.068285226822 257.37 q/s (% mem usage: 6.30, % mem avail: 93.72)
1789000 6949.97277712822 257.41 q/s (% mem usage: 6.30, % mem avail: 93.72)
1789500 6950.889937639236 257.45 q/s (% mem usage: 6.30, % mem avail: 93.72)
1790000 6951.713632583618 257.49 q/s (% mem usage: 6.30, % mem avail: 93.72)
1790500 6952.664496898651 257.53 q/s (% mem usage: 6.30, % mem avail: 93.71)
1791000 6953.504222869873 257.57 q/s (% mem usage: 6.30, % mem avail: 93.71)
1791500 6954.510708808899 257.60 q/s (% mem usage: 6.30, % mem avail: 93.71)
1792000 6955.343122243881 257.64 q/s (% mem usage: 6.30, % mem avail: 93.71)
1792500 6958.168889760971 257.61 q/s (% mem usage: 6.30, % mem avail: 93.71)
1793000 6958.21746969223 257.68 q/s (% mem usage: 6.30, % mem avail: 93.71)
1793500 6959.527336359024 257.70 q/s (% mem usage: 6.30, % mem avail: 93.71)
1794000 6959.562875509262 257.77 q/s (% mem usage: 6.30, % mem avail: 93.71)
1794500 6962.3432059288025 257.74 q/s (% mem usage: 6.30, % mem avail: 93.71)
1795000 6962.3937203884125 257.81 q/s (% mem usage: 6.30, % mem avail: 93.71)
1795500 6962.436351776123 257.88 q/s (% mem usage: 6.30, % mem avail: 93.71)
1796000 6963.193294286728 257.93 q/s (% mem usage: 6.30, % mem avail: 93.71)
1796500 6964.367189645767 257.96 q/s (% mem usage: 6.30, % mem avail: 93.71)
1797000 6965.361570119858 257.99 q/s (% mem usage: 6.30, % mem avail: 93.71)
1797500 6967.803750276566 257.97 q/s (% mem usage: 6.30, % mem avail: 93.71)
1798000 6967.84392952919 258.04 q/s (% mem usage: 6.30, % mem avail: 93.71)
1798500 6968.338628530502 258.10 q/s (% mem usage: 6.30, % mem avail: 93.72)
1799000 6969.244178771973 258.13 q/s (% mem usage: 6.30, % mem avail: 93.72)
1799500 6970.1384127140045 258.17 q/s (% mem usage: 6.30, % mem avail: 93.72)
1800000 6971.087288379669 258.21 q/s (% mem usage: 6.30, % mem avail: 93.72)
1800500 6972.135792732239 258.24 q/s (% mem usage: 6.30, % mem avail: 93.72)
1801000 6973.935457229614 258.25 q/s (% mem usage: 6.30, % mem avail: 93.72)
1801500 6974.298869609833 258.31 q/s (% mem usage: 6.30, % mem avail: 93.72)
1802000 6974.852680206299 258.36 q/s (% mem usage: 6.30, % mem avail: 93.72)
1802500 6975.846051692963 258.39 q/s (% mem usage: 6.30, % mem avail: 93.72)
1803000 6976.850909233093 258.43 q/s (% mem usage: 6.30, % mem avail: 93.72)
1803500 6977.993746042252 258.46 q/s (% mem usage: 6.30, % mem avail: 93.72)
1804000 6978.949498653412 258.49 q/s (% mem usage: 6.30, % mem avail: 93.72)
1804500 6979.6271460056305 258.54 q/s (% mem usage: 6.30, % mem avail: 93.72)
1805000 6980.579340696335 258.57 q/s (% mem usage: 6.30, % mem avail: 93.72)
1805500 6981.863280057907 258.60 q/s (% mem usage: 6.30, % mem avail: 93.72)
1806000 6982.459300041199 258.65 q/s (% mem usage: 6.30, % mem avail: 93.72)
1806500 6983.374703645706 258.69 q/s (% mem usage: 6.30, % mem avail: 93.72)
1807000 6984.360266685486 258.72 q/s (% mem usage: 6.30, % mem avail: 93.72)
1807500 6985.363232851028 258.76 q/s (% mem usage: 6.30, % mem avail: 93.72)
1808000 6986.21727347374 258.80 q/s (% mem usage: 6.30, % mem avail: 93.72)
1808500 6987.25882768631 258.83 q/s (% mem usage: 6.30, % mem avail: 93.72)
1809000 6988.27295422554 258.86 q/s (% mem usage: 6.30, % mem avail: 93.72)
1809500 6989.359967470169 258.89 q/s (% mem usage: 6.30, % mem avail: 93.72)
1810000 6990.233431339264 258.93 q/s (% mem usage: 6.30, % mem avail: 93.72)
1810500 6991.119001865387 258.97 q/s (% mem usage: 6.30, % mem avail: 93.72)
1811000 6993.481303453445 258.96 q/s (% mem usage: 6.30, % mem avail: 93.72)
1811500 6993.529677629471 259.03 q/s (% mem usage: 6.30, % mem avail: 93.72)
1812000 6994.076371908188 259.08 q/s (% mem usage: 6.30, % mem avail: 93.72)
1812500 6995.070248842239 259.11 q/s (% mem usage: 6.30, % mem avail: 93.72)
1813000 6996.239694595337 259.14 q/s (% mem usage: 6.30, % mem avail: 93.72)
1813500 6996.976252794266 259.18 q/s (% mem usage: 6.30, % mem avail: 93.72)
1814000 6997.968212366104 259.22 q/s (% mem usage: 6.30, % mem avail: 93.72)
1814500 6998.793842792511 259.26 q/s (% mem usage: 6.30, % mem avail: 93.72)
1815000 6999.75803399086 259.29 q/s (% mem usage: 6.30, % mem avail: 93.72)
1815500 7000.6912705898285 259.33 q/s (% mem usage: 6.30, % mem avail: 93.72)
1816000 7001.6435379981995 259.37 q/s (% mem usage: 6.30, % mem avail: 93.72)
1816500 7003.374453783035 259.37 q/s (% mem usage: 6.30, % mem avail: 93.72)
1817000 7003.903396606445 259.43 q/s (% mem usage: 6.30, % mem avail: 93.72)
1817500 7005.484649658203 259.44 q/s (% mem usage: 6.30, % mem avail: 93.72)
1818000 7007.543294906616 259.43 q/s (% mem usage: 6.30, % mem avail: 93.71)
1818500 7007.596859693527 259.50 q/s (% mem usage: 6.30, % mem avail: 93.71)
1819000 7007.90566778183 259.56 q/s (% mem usage: 6.30, % mem avail: 93.71)
1819500 7008.357971906662 259.62 q/s (% mem usage: 6.30, % mem avail: 93.71)
1820000 7010.917230844498 259.60 q/s (% mem usage: 6.30, % mem avail: 93.71)
1820500 7010.9606783390045 259.66 q/s (% mem usage: 6.30, % mem avail: 93.71)
1821000 7011.413789987564 259.72 q/s (% mem usage: 6.30, % mem avail: 93.72)
1821500 7012.338715314865 259.76 q/s (% mem usage: 6.30, % mem avail: 93.71)
1822000 7013.351488351822 259.79 q/s (% mem usage: 6.30, % mem avail: 93.72)
1822500 7014.3762793540955 259.82 q/s (% mem usage: 6.30, % mem avail: 93.72)
1823000 7015.167344331741 259.87 q/s (% mem usage: 6.30, % mem avail: 93.72)
1823500 7017.2815454006195 259.86 q/s (% mem usage: 6.30, % mem avail: 93.71)
1824000 7017.325176715851 259.93 q/s (% mem usage: 6.30, % mem avail: 93.71)
1824500 7017.935900449753 259.98 q/s (% mem usage: 6.30, % mem avail: 93.71)
1825000 7018.91851401329 260.01 q/s (% mem usage: 6.30, % mem avail: 93.71)
1825500 7019.916917085648 260.05 q/s (% mem usage: 6.30, % mem avail: 93.71)
1826000 7020.820056915283 260.08 q/s (% mem usage: 6.30, % mem avail: 93.72)
1826500 7021.74461555481 260.12 q/s (% mem usage: 6.30, % mem avail: 93.71)
1827000 7022.730433702469 260.16 q/s (% mem usage: 6.30, % mem avail: 93.71)
1827500 7023.658312320709 260.19 q/s (% mem usage: 6.30, % mem avail: 93.72)
1828000 7024.628868818283 260.23 q/s (% mem usage: 6.30, % mem avail: 93.72)
1828500 7025.572523593903 260.26 q/s (% mem usage: 6.30, % mem avail: 93.72)
1829000 7027.268486499786 260.27 q/s (% mem usage: 6.30, % mem avail: 93.72)
1829500 7027.468009233475 260.34 q/s (% mem usage: 6.30, % mem avail: 93.72)
1830000 7028.4355905056 260.37 q/s (% mem usage: 6.30, % mem avail: 93.72)
1830500 7029.492633104324 260.40 q/s (% mem usage: 6.30, % mem avail: 93.72)
1831000 7030.280049324036 260.44 q/s (% mem usage: 6.30, % mem avail: 93.72)
1831500 7031.294715166092 260.48 q/s (% mem usage: 6.30, % mem avail: 93.72)
1832000 7033.315388679504 260.47 q/s (% mem usage: 6.30, % mem avail: 93.72)
1832500 7033.362185716629 260.54 q/s (% mem usage: 6.30, % mem avail: 93.72)
1833000 7034.168672323227 260.59 q/s (% mem usage: 6.30, % mem avail: 93.72)
1833500 7035.492199420929 260.61 q/s (% mem usage: 6.30, % mem avail: 93.72)
1834000 7037.331917524338 260.61 q/s (% mem usage: 6.30, % mem avail: 93.72)
1834500 7037.3830144405365 260.68 q/s (% mem usage: 6.30, % mem avail: 93.72)
1835000 7038.605493545532 260.71 q/s (% mem usage: 6.30, % mem avail: 93.72)
1835500 7039.364273548126 260.75 q/s (% mem usage: 6.30, % mem avail: 93.71)
1836000 7039.996451854706 260.80 q/s (% mem usage: 6.30, % mem avail: 93.72)
1836500 7040.97269487381 260.83 q/s (% mem usage: 6.30, % mem avail: 93.72)
1837000 7041.888415813446 260.87 q/s (% mem usage: 6.30, % mem avail: 93.72)
1837500 7042.860721349716 260.90 q/s (% mem usage: 6.30, % mem avail: 93.73)
1838000 7043.802632570267 260.94 q/s (% mem usage: 6.30, % mem avail: 93.73)
1838500 7044.737416267395 260.97 q/s (% mem usage: 6.30, % mem avail: 93.73)
1839000 7045.57391166687 261.01 q/s (% mem usage: 6.30, % mem avail: 93.72)
1839500 7046.545720100403 261.05 q/s (% mem usage: 6.30, % mem avail: 93.72)
1840000 7047.521195411682 261.08 q/s (% mem usage: 6.30, % mem avail: 93.72)
1840500 7048.718763589859 261.11 q/s (% mem usage: 6.30, % mem avail: 93.72)
1841000 7049.569146633148 261.15 q/s (% mem usage: 6.30, % mem avail: 93.72)
1841500 7050.630565881729 261.18 q/s (% mem usage: 6.30, % mem avail: 93.72)
1842000 7051.529259443283 261.22 q/s (% mem usage: 6.30, % mem avail: 93.72)
1842500 7052.8833956718445 261.24 q/s (% mem usage: 6.30, % mem avail: 93.73)
1843000 7055.411117076874 261.22 q/s (% mem usage: 6.30, % mem avail: 93.72)
1843500 7055.461754322052 261.29 q/s (% mem usage: 6.30, % mem avail: 93.72)
1844000 7057.415226221085 261.29 q/s (% mem usage: 6.30, % mem avail: 93.72)
1844500 7057.464366436005 261.35 q/s (% mem usage: 6.30, % mem avail: 93.72)
1845000 7057.515110492706 261.42 q/s (% mem usage: 6.30, % mem avail: 93.72)
1845500 7058.23952794075 261.47 q/s (% mem usage: 6.30, % mem avail: 93.72)
1846000 7059.118923664093 261.51 q/s (% mem usage: 6.30, % mem avail: 93.72)
1846500 7060.129057168961 261.54 q/s (% mem usage: 6.30, % mem avail: 93.72)
1847000 7061.188253879547 261.57 q/s (% mem usage: 6.30, % mem avail: 93.72)
1847500 7062.042119503021 261.61 q/s (% mem usage: 6.30, % mem avail: 93.72)
1848000 7062.952254772186 261.65 q/s (% mem usage: 6.30, % mem avail: 93.72)
1848500 7064.872230052948 261.65 q/s (% mem usage: 6.30, % mem avail: 93.72)
1849000 7064.99524641037 261.71 q/s (% mem usage: 6.30, % mem avail: 93.72)
1849500 7065.92862868309 261.75 q/s (% mem usage: 6.30, % mem avail: 93.72)
1850000 7066.680741548538 261.79 q/s (% mem usage: 6.30, % mem avail: 93.72)
1850500 7067.837092161179 261.82 q/s (% mem usage: 6.30, % mem avail: 93.72)
1851000 7068.967063188553 261.85 q/s (% mem usage: 6.30, % mem avail: 93.72)
1851500 7069.953715801239 261.88 q/s (% mem usage: 6.30, % mem avail: 93.72)
1852000 7070.921008110046 261.92 q/s (% mem usage: 6.30, % mem avail: 93.72)
1852500 7072.619273424149 261.93 q/s (% mem usage: 6.30, % mem avail: 93.72)
1853000 7072.659203529358 261.99 q/s (% mem usage: 6.30, % mem avail: 93.72)
1853500 7073.629725456238 262.03 q/s (% mem usage: 6.30, % mem avail: 93.72)
1854000 7074.602063655853 262.06 q/s (% mem usage: 6.30, % mem avail: 93.72)
1854500 7075.579341411591 262.10 q/s (% mem usage: 6.30, % mem avail: 93.72)
1855000 7076.550795078278 262.13 q/s (% mem usage: 6.30, % mem avail: 93.72)
1855500 7078.375172615051 262.14 q/s (% mem usage: 6.30, % mem avail: 93.72)
1856000 7078.491765737534 262.20 q/s (% mem usage: 6.30, % mem avail: 93.72)
1856500 7079.6543872356415 262.23 q/s (% mem usage: 6.30, % mem avail: 93.72)
1857000 7081.2449951171875 262.24 q/s (% mem usage: 6.30, % mem avail: 93.72)
1857500 7081.415206670761 262.31 q/s (% mem usage: 6.30, % mem avail: 93.72)
1858000 7083.03170466423 262.32 q/s (% mem usage: 6.30, % mem avail: 93.72)
1858500 7083.302930355072 262.38 q/s (% mem usage: 6.30, % mem avail: 93.72)
1859000 7084.384559869766 262.41 q/s (% mem usage: 6.30, % mem avail: 93.72)
1859500 7085.479559421539 262.44 q/s (% mem usage: 6.30, % mem avail: 93.72)
1860000 7086.317631721497 262.48 q/s (% mem usage: 6.30, % mem avail: 93.72)
1860500 7087.245648622513 262.51 q/s (% mem usage: 6.30, % mem avail: 93.72)
1861000 7088.210592746735 262.55 q/s (% mem usage: 6.30, % mem avail: 93.72)
1861500 7089.379205465317 262.58 q/s (% mem usage: 6.30, % mem avail: 93.72)
1862000 7091.615429639816 262.56 q/s (% mem usage: 6.30, % mem avail: 93.71)
1862500 7091.6591255664825 262.63 q/s (% mem usage: 6.30, % mem avail: 93.71)
1863000 7092.277724266052 262.68 q/s (% mem usage: 6.30, % mem avail: 93.71)
1863500 7093.123603343964 262.72 q/s (% mem usage: 6.30, % mem avail: 93.71)
1864000 7094.0537981987 262.76 q/s (% mem usage: 6.30, % mem avail: 93.71)
1864500 7095.677098035812 262.77 q/s (% mem usage: 6.30, % mem avail: 93.71)
1865000 7095.927969932556 262.83 q/s (% mem usage: 6.30, % mem avail: 93.71)
1865500 7096.850537061691 262.86 q/s (% mem usage: 6.30, % mem avail: 93.71)
1866000 7097.812284708023 262.90 q/s (% mem usage: 6.30, % mem avail: 93.71)
1866500 7098.70361495018 262.94 q/s (% mem usage: 6.30, % mem avail: 93.71)
1867000 7099.625286817551 262.97 q/s (% mem usage: 6.30, % mem avail: 93.72)
1867500 7100.50470662117 263.01 q/s (% mem usage: 6.30, % mem avail: 93.72)
1868000 7101.332277536392 263.05 q/s (% mem usage: 6.30, % mem avail: 93.72)
1868500 7102.335225343704 263.08 q/s (% mem usage: 6.30, % mem avail: 93.72)
1869000 7103.677930593491 263.10 q/s (% mem usage: 6.30, % mem avail: 93.72)
1869500 7104.240037918091 263.15 q/s (% mem usage: 6.30, % mem avail: 93.72)
1870000 7105.303510427475 263.18 q/s (% mem usage: 6.30, % mem avail: 93.72)
1870500 7106.676628351212 263.20 q/s (% mem usage: 6.30, % mem avail: 93.72)
1871000 7107.1217176914215 263.26 q/s (% mem usage: 6.30, % mem avail: 93.72)
1871500 7109.016636610031 263.26 q/s (% mem usage: 6.30, % mem avail: 93.72)
1872000 7109.249645233154 263.32 q/s (% mem usage: 6.30, % mem avail: 93.72)
1872500 7110.118474245071 263.36 q/s (% mem usage: 6.30, % mem avail: 93.72)
1873000 7111.204091310501 263.39 q/s (% mem usage: 6.30, % mem avail: 93.72)
1873500 7112.803616762161 263.40 q/s (% mem usage: 6.30, % mem avail: 93.72)
1874000 7113.092624902725 263.46 q/s (% mem usage: 6.30, % mem avail: 93.72)
1874500 7114.024960041046 263.49 q/s (% mem usage: 6.30, % mem avail: 93.72)
1875000 7114.740888595581 263.54 q/s (% mem usage: 6.30, % mem avail: 93.72)
1875500 7115.743321180344 263.57 q/s (% mem usage: 6.30, % mem avail: 93.73)
1876000 7117.029407262802 263.59 q/s (% mem usage: 6.30, % mem avail: 93.73)
1876500 7117.695497274399 263.64 q/s (% mem usage: 6.30, % mem avail: 93.73)
1877000 7118.74391412735 263.67 q/s (% mem usage: 6.30, % mem avail: 93.73)
1877500 7119.778331279755 263.70 q/s (% mem usage: 6.30, % mem avail: 93.73)
1878000 7120.710282087326 263.74 q/s (% mem usage: 6.30, % mem avail: 93.72)
1878500 7121.592097043991 263.78 q/s (% mem usage: 6.30, % mem avail: 93.72)
1879000 7122.468192815781 263.81 q/s (% mem usage: 6.30, % mem avail: 93.72)
1879176 7122.631577014923 263.83 q/s (% mem usage: 5.10, % mem avail: 94.91)
[32mDone[0m
[1;33mResult files:[0m
   /prodigal/func.emapper.hits
   /prodigal/func.emapper.seed_orthologs
   /prodigal/func.emapper.annotations

================================================================================
CITATION:
If you use this software, please cite:

[1] eggNOG-mapper v2: functional annotation, orthology assignments, and domain 
      prediction at the metagenomic scale. Carlos P. Cantalapiedra, 
      Ana Hernandez-Plaza, Ivica Letunic, Peer Bork, Jaime Huerta-Cepas. 2021.
      Molecular Biology and Evolution, msab293, https://doi.org/10.1093/molbev/msab293

[2] eggNOG 5.0: a hierarchical, functionally and phylogenetically annotated
      orthology resource based on 5090 organisms and 2502 viruses. Jaime
      Huerta-Cepas, Damian Szklarczyk, Davide Heller, Ana Hernandez-Plaza,
      Sofia K Forslund, Helen Cook, Daniel R Mende, Ivica Letunic, Thomas
      Rattei, Lars J Jensen, Christian von Mering and Peer Bork. Nucleic Acids
      Research, Volume 47, Issue D1, 8 January 2019, Pages D309-D314,
      https://doi.org/10.1093/nar/gky1085 

[3] Sensitive protein alignments at tree-of-life scale using DIAMOND.
       Buchfink B, Reuter K, Drost HG. 2021.
       Nature Methods 18, 366–368 (2021). https://doi.org/10.1038/s41592-021-01101-x

e.g. Functional annotation was performed using eggNOG-mapper (version emapper-2.1.10) [1]
 based on eggNOG orthology data [2]. Sequence searches were performed using [3].

================================================================================

Total hits processed: 1879176
Total time: 9598 secs
FINISHED

real	160m15.691s
user	1698m49.442s
sys	2419m53.472s
==========================================
结束时间: 
2026-06-26 12:15:12
==========================================
