==========================================
开始时间: 
2026-06-26 13:12:44
==========================================
=== 检查输入文件 ===
-rw-r--r-- 1 root root 1563333158 6月  23 16:14 /prodigal/unique_gene.fasta
total 49747148
drwxr-xr-x  2 root root        4096 6月  16 15:23 .
drwxr-xr-x 21 root root        4096 6月  17 04:15 ..
-rwxr-xr-x  1 root root 41370988544 6月  16 15:18 eggnog.db
-rwxr-xr-x  1 root root  9285439161 6月  16 15:23 eggnog_proteins.dmnd
-rwxr-xr-x  1 root root   278003712 6月  16 15:18 eggnog.taxa.db
-rwxr-xr-x  1 root root     6628719 6月  16 15:23 eggnog.taxa.db.traverse.pkl
-rwxrwxr-x 1 1001 1001 41475 5月   8  2023 /app/eggnog-mapper/emapper.py
=== 开始运行 func_anno 优化版 ===
[INFO] prodigal_dir: /prodigal
[INFO] anno_dir: /workdir/func_anno_update
[INFO] dbdir: /metagenome-DB/database
[INFO] emapperdir: /app/eggnog-mapper
[INFO] cpu: 50
[INFO] Starting eggNOG-mapper annotation...
[CMD] 
set -euo pipefail

file_size=$(du -b "/prodigal/unique_gene.fasta" | awk '{print $1}')
mkdir -p "/workdir/func_anno_update"

if [ "$file_size" -gt 16106127360 ]; then
    echo "[INFO] File is larger than 15GB, using --sensmode fast"
    python "/app/eggnog-mapper/emapper.py" --cpu 50         -i "/prodigal/unique_gene.fasta"         --itype CDS -m diamond --evalue 1e-5         --sensmode fast --dmnd_iterate no         --data_dir "/metagenome-DB/database/eggNOG"         -o "func"         --output_dir "/workdir/func_anno_update"
else
    echo "[INFO] File is smaller than 15GB, using --sensmode mid-sensitive"
    python "/app/eggnog-mapper/emapper.py" --cpu 50         -i "/prodigal/unique_gene.fasta"         --itype CDS -m diamond --evalue 1e-5         --sensmode mid-sensitive         --data_dir "/metagenome-DB/database/eggNOG"         -o "func"         --output_dir "/workdir/func_anno_update"
fi

# 去掉 eggnog-mapper 输出的前 4 行注释和最后 2 行统计信息
annotations="/workdir/func_anno_update/func.emapper.annotations"
sed '1,4d' "$annotations" > "/workdir/func_anno_update/func.emapper.annotations.tmp"
num=$(wc -l < "/workdir/func_anno_update/func.emapper.annotations.tmp")
start=$((num - 2))
sed "${start},${num}d" "/workdir/func_anno_update/func.emapper.annotations.tmp" > "/workdir/func_anno_update/func.emapper.annotations"
rm -f "/workdir/func_anno_update/func.emapper.annotations.tmp"

[INFO] File is smaller than 15GB, using --sensmode mid-sensitive
#  emapper-2.1.10
# emapper.py  --cpu 50 -i /prodigal/unique_gene.fasta --itype CDS -m diamond --evalue 1e-5 --sensmode mid-sensitive --data_dir /metagenome-DB/database/eggNOG -o func --output_dir /workdir/func_anno_update
[1;33m  /root/anaconda3/envs/biobakery/bin/diamond blastx -d '/metagenome-DB/database/eggNOG/eggnog_proteins.dmnd' -q '/prodigal/unique_gene.fasta' --threads 50 -o '/workdir/func_anno_update/func.emapper.hits' --tmpdir '/emappertmp_dmdn_b9mph1_g' --mid-sensitive --iterate -e 1e-05 --top 3  --outfmt 6 qseqid sseqid pident length mismatch gapopen qstart qend sstart send evalue bitscore qcovhsp scovhsp[0m
[1;32mFunctional annotation of hits...[0m
500 2.4263057708740234 206.07 q/s (% mem usage: 4.90, % mem avail: 95.07)
1000 2.775228977203369 360.33 q/s (% mem usage: 4.90, % mem avail: 95.06)
1500 3.7614402770996094 398.78 q/s (% mem usage: 4.90, % mem avail: 95.06)
2000 4.6845481395721436 426.94 q/s (% mem usage: 4.90, % mem avail: 95.05)
2500 7.711901903152466 324.17 q/s (% mem usage: 5.00, % mem avail: 95.02)
3000 7.763752222061157 386.41 q/s (% mem usage: 5.00, % mem avail: 95.02)
3500 7.822164535522461 447.45 q/s (% mem usage: 5.00, % mem avail: 95.02)
4000 8.446470737457275 473.57 q/s (% mem usage: 5.00, % mem avail: 95.02)
4500 9.34326457977295 481.63 q/s (% mem usage: 5.00, % mem avail: 95.02)
5000 10.639449834823608 469.95 q/s (% mem usage: 5.00, % mem avail: 95.01)
5500 11.22769570350647 489.86 q/s (% mem usage: 5.00, % mem avail: 95.01)
6000 13.189413785934448 454.91 q/s (% mem usage: 5.00, % mem avail: 95.01)
6500 13.237052202224731 491.05 q/s (% mem usage: 5.00, % mem avail: 95.01)
7000 15.638680458068848 447.61 q/s (% mem usage: 5.00, % mem avail: 95.00)
7500 15.686861753463745 478.11 q/s (% mem usage: 5.00, % mem avail: 95.00)
8000 16.083203554153442 497.41 q/s (% mem usage: 5.00, % mem avail: 95.00)
8500 17.14249563217163 495.84 q/s (% mem usage: 5.00, % mem avail: 95.00)
9000 18.157783269882202 495.66 q/s (% mem usage: 5.00, % mem avail: 95.00)
9500 19.06953501701355 498.18 q/s (% mem usage: 5.00, % mem avail: 94.99)
10000 19.987147092819214 500.32 q/s (% mem usage: 5.00, % mem avail: 94.99)
10500 21.032549619674683 499.23 q/s (% mem usage: 5.00, % mem avail: 94.99)
11000 21.970243453979492 500.68 q/s (% mem usage: 5.00, % mem avail: 94.99)
11500 22.872588872909546 502.79 q/s (% mem usage: 5.00, % mem avail: 94.99)
12000 23.68394947052002 506.67 q/s (% mem usage: 5.00, % mem avail: 94.99)
12500 24.92565393447876 501.49 q/s (% mem usage: 5.00, % mem avail: 94.99)
13000 25.90706753730774 501.79 q/s (% mem usage: 5.00, % mem avail: 94.99)
13500 27.170598030090332 496.86 q/s (% mem usage: 5.00, % mem avail: 94.98)
14000 29.487277269363403 474.78 q/s (% mem usage: 5.00, % mem avail: 94.98)
14500 29.53528070449829 490.94 q/s (% mem usage: 5.00, % mem avail: 94.98)
15000 29.93003535270691 501.17 q/s (% mem usage: 5.00, % mem avail: 94.98)
15500 30.83804941177368 502.63 q/s (% mem usage: 5.00, % mem avail: 94.98)
16000 31.840176105499268 502.51 q/s (% mem usage: 5.00, % mem avail: 94.98)
16500 32.78829908370972 503.23 q/s (% mem usage: 5.00, % mem avail: 94.98)
17000 33.64019966125488 505.35 q/s (% mem usage: 5.00, % mem avail: 94.98)
17500 34.57268238067627 506.18 q/s (% mem usage: 5.00, % mem avail: 94.98)
18000 35.57890486717224 505.92 q/s (% mem usage: 5.00, % mem avail: 94.98)
18500 36.35238695144653 508.91 q/s (% mem usage: 5.00, % mem avail: 94.98)
19000 37.325608253479004 509.03 q/s (% mem usage: 5.00, % mem avail: 94.98)
19500 38.160712242126465 511.00 q/s (% mem usage: 5.00, % mem avail: 94.97)
20000 39.25482964515686 509.49 q/s (% mem usage: 5.00, % mem avail: 94.97)
20500 40.344170570373535 508.13 q/s (% mem usage: 5.00, % mem avail: 94.97)
21000 41.23886680603027 509.23 q/s (% mem usage: 5.00, % mem avail: 94.97)
21500 42.12971591949463 510.33 q/s (% mem usage: 5.00, % mem avail: 94.97)
22000 44.1227924823761 498.61 q/s (% mem usage: 5.00, % mem avail: 94.97)
22500 44.16786789894104 509.42 q/s (% mem usage: 5.00, % mem avail: 94.97)
23000 44.87392544746399 512.55 q/s (% mem usage: 5.00, % mem avail: 94.97)
23500 45.880292654037476 512.20 q/s (% mem usage: 5.00, % mem avail: 94.97)
24000 46.83891248703003 512.39 q/s (% mem usage: 5.00, % mem avail: 94.97)
24500 47.8278431892395 512.25 q/s (% mem usage: 5.00, % mem avail: 94.97)
25000 48.72714829444885 513.06 q/s (% mem usage: 5.00, % mem avail: 94.97)
25500 51.59979009628296 494.19 q/s (% mem usage: 5.00, % mem avail: 94.96)
26000 51.64743399620056 503.41 q/s (% mem usage: 5.00, % mem avail: 94.96)
26500 52.09081315994263 508.73 q/s (% mem usage: 5.00, % mem avail: 94.96)
27000 52.98212909698486 509.61 q/s (% mem usage: 5.00, % mem avail: 94.96)
27500 53.85712170600891 510.61 q/s (% mem usage: 5.00, % mem avail: 94.96)
28000 56.583741903305054 494.84 q/s (% mem usage: 5.00, % mem avail: 94.96)
28500 56.62700176239014 503.29 q/s (% mem usage: 5.00, % mem avail: 94.96)
29000 58.342567920684814 497.06 q/s (% mem usage: 5.00, % mem avail: 94.96)
29500 58.386133670806885 505.26 q/s (% mem usage: 5.00, % mem avail: 94.96)
30000 59.052242040634155 508.02 q/s (% mem usage: 5.00, % mem avail: 94.95)
30500 59.830061197280884 509.78 q/s (% mem usage: 5.00, % mem avail: 94.96)
31000 60.66724133491516 510.98 q/s (% mem usage: 5.00, % mem avail: 94.95)
31500 61.49399662017822 512.25 q/s (% mem usage: 5.00, % mem avail: 94.95)
32000 62.450732707977295 512.40 q/s (% mem usage: 5.00, % mem avail: 94.95)
32500 63.446813344955444 512.24 q/s (% mem usage: 5.00, % mem avail: 94.95)
33000 64.77470231056213 509.46 q/s (% mem usage: 5.00, % mem avail: 94.95)
33500 65.3125410079956 512.92 q/s (% mem usage: 5.00, % mem avail: 94.95)
34000 66.73723530769348 509.46 q/s (% mem usage: 5.10, % mem avail: 94.95)
34500 67.1951687335968 513.43 q/s (% mem usage: 5.10, % mem avail: 94.95)
35000 68.12929224967957 513.73 q/s (% mem usage: 5.00, % mem avail: 94.95)
35500 70.90109348297119 500.70 q/s (% mem usage: 5.10, % mem avail: 94.94)
36000 70.94744443893433 507.42 q/s (% mem usage: 5.10, % mem avail: 94.94)
36500 71.17855334281921 512.79 q/s (% mem usage: 5.10, % mem avail: 94.94)
37000 72.04887318611145 513.54 q/s (% mem usage: 5.10, % mem avail: 94.94)
37500 73.04297018051147 513.40 q/s (% mem usage: 5.10, % mem avail: 94.94)
38000 74.02898335456848 513.31 q/s (% mem usage: 5.10, % mem avail: 94.94)
38500 74.98548007011414 513.43 q/s (% mem usage: 5.10, % mem avail: 94.94)
39000 75.9247555732727 513.67 q/s (% mem usage: 5.10, % mem avail: 94.94)
39500 76.93936228752136 513.39 q/s (% mem usage: 5.10, % mem avail: 94.94)
40000 78.09109044075012 512.22 q/s (% mem usage: 5.10, % mem avail: 94.94)
40500 80.14760041236877 505.32 q/s (% mem usage: 5.10, % mem avail: 94.94)
41000 81.1397111415863 505.30 q/s (% mem usage: 5.10, % mem avail: 94.94)
41500 81.18741941452026 511.16 q/s (% mem usage: 5.10, % mem avail: 94.94)
42000 81.92532205581665 512.66 q/s (% mem usage: 5.10, % mem avail: 94.94)
42500 82.7578604221344 513.55 q/s (% mem usage: 5.10, % mem avail: 94.94)
43000 85.06551051139832 505.49 q/s (% mem usage: 5.10, % mem avail: 94.94)
43500 85.11415195465088 511.08 q/s (% mem usage: 5.10, % mem avail: 94.94)
44000 86.04990100860596 511.33 q/s (% mem usage: 5.10, % mem avail: 94.94)
44500 86.79201912879944 512.72 q/s (% mem usage: 5.10, % mem avail: 94.94)
45000 88.16240549087524 510.42 q/s (% mem usage: 5.10, % mem avail: 94.94)
45500 88.58816456794739 513.61 q/s (% mem usage: 5.10, % mem avail: 94.94)
46000 89.377277135849 514.67 q/s (% mem usage: 5.10, % mem avail: 94.94)
46500 90.4163110256195 514.29 q/s (% mem usage: 5.10, % mem avail: 94.94)
47000 91.29783725738525 514.80 q/s (% mem usage: 5.10, % mem avail: 94.94)
47500 92.2411458492279 514.95 q/s (% mem usage: 5.10, % mem avail: 94.94)
48000 93.23719191551208 514.82 q/s (% mem usage: 5.10, % mem avail: 94.94)
48500 94.15479564666748 515.11 q/s (% mem usage: 5.10, % mem avail: 94.94)
49000 95.11687898635864 515.16 q/s (% mem usage: 5.10, % mem avail: 94.94)
49500 96.21149516105652 514.49 q/s (% mem usage: 5.10, % mem avail: 94.94)
50000 97.83913540840149 511.04 q/s (% mem usage: 5.10, % mem avail: 94.94)
50500 98.22749662399292 514.11 q/s (% mem usage: 5.10, % mem avail: 94.94)
51000 99.09172630310059 514.67 q/s (% mem usage: 5.10, % mem avail: 94.94)
51500 100.03232097625732 514.83 q/s (% mem usage: 5.10, % mem avail: 94.94)
52000 101.02303338050842 514.73 q/s (% mem usage: 5.10, % mem avail: 94.94)
52500 101.93223810195923 515.05 q/s (% mem usage: 5.10, % mem avail: 94.94)
53000 102.93435859680176 514.89 q/s (% mem usage: 5.10, % mem avail: 94.94)
53500 103.85574841499329 515.14 q/s (% mem usage: 5.10, % mem avail: 94.94)
54000 104.92367315292358 514.66 q/s (% mem usage: 5.10, % mem avail: 94.94)
54500 105.80847764015198 515.08 q/s (% mem usage: 5.10, % mem avail: 94.94)
55000 107.2291886806488 512.92 q/s (% mem usage: 5.10, % mem avail: 94.94)
55500 107.81732988357544 514.76 q/s (% mem usage: 5.10, % mem avail: 94.94)
56000 109.26843857765198 512.50 q/s (% mem usage: 5.10, % mem avail: 94.94)
56500 109.66384720802307 515.21 q/s (% mem usage: 5.10, % mem avail: 94.94)
57000 110.51321077346802 515.78 q/s (% mem usage: 5.10, % mem avail: 94.93)
57500 111.58978343009949 515.28 q/s (% mem usage: 5.10, % mem avail: 94.93)
58000 112.60797166824341 515.06 q/s (% mem usage: 5.10, % mem avail: 94.93)
58500 113.44367909431458 515.67 q/s (% mem usage: 5.10, % mem avail: 94.93)
59000 114.45484685897827 515.49 q/s (% mem usage: 5.10, % mem avail: 94.93)
59500 115.3072099685669 516.01 q/s (% mem usage: 5.10, % mem avail: 94.93)
60000 116.19108891487122 516.39 q/s (% mem usage: 5.10, % mem avail: 94.93)
60500 117.2385151386261 516.04 q/s (% mem usage: 5.10, % mem avail: 94.93)
61000 117.99248576164246 516.98 q/s (% mem usage: 5.10, % mem avail: 94.93)
61500 118.92062640190125 517.15 q/s (% mem usage: 5.10, % mem avail: 94.93)
62000 119.97524905204773 516.77 q/s (% mem usage: 5.10, % mem avail: 94.93)
62500 120.9324676990509 516.82 q/s (% mem usage: 5.10, % mem avail: 94.93)
63000 121.67222356796265 517.78 q/s (% mem usage: 5.10, % mem avail: 94.93)
63500 122.71222496032715 517.47 q/s (% mem usage: 5.10, % mem avail: 94.93)
64000 123.70238065719604 517.37 q/s (% mem usage: 5.10, % mem avail: 94.93)
64500 124.63326001167297 517.52 q/s (% mem usage: 5.10, % mem avail: 94.93)
65000 125.69957900047302 517.11 q/s (% mem usage: 5.10, % mem avail: 94.93)
65500 126.60366463661194 517.36 q/s (% mem usage: 5.10, % mem avail: 94.92)
66000 127.56779384613037 517.37 q/s (% mem usage: 5.10, % mem avail: 94.93)
66500 128.5161998271942 517.44 q/s (% mem usage: 5.10, % mem avail: 94.93)
67000 129.5833089351654 517.04 q/s (% mem usage: 5.10, % mem avail: 94.93)
67500 130.30388283729553 518.02 q/s (% mem usage: 5.10, % mem avail: 94.93)
68000 131.18467688560486 518.35 q/s (% mem usage: 5.10, % mem avail: 94.93)
68500 132.2994065284729 517.76 q/s (% mem usage: 5.10, % mem avail: 94.93)
69000 133.29967069625854 517.63 q/s (% mem usage: 5.10, % mem avail: 94.93)
69500 134.5406186580658 516.57 q/s (% mem usage: 5.10, % mem avail: 94.93)
70000 135.16399145126343 517.89 q/s (% mem usage: 5.10, % mem avail: 94.93)
70500 136.15795278549194 517.78 q/s (% mem usage: 5.10, % mem avail: 94.92)
71000 137.08206844329834 517.94 q/s (% mem usage: 5.10, % mem avail: 94.93)
71500 140.01413679122925 510.66 q/s (% mem usage: 5.10, % mem avail: 94.92)
72000 140.06844854354858 514.03 q/s (% mem usage: 5.10, % mem avail: 94.92)
72500 140.11840677261353 517.42 q/s (% mem usage: 5.10, % mem avail: 94.92)
73000 140.98247265815735 517.79 q/s (% mem usage: 5.10, % mem avail: 94.92)
73500 142.3123607635498 516.47 q/s (% mem usage: 5.10, % mem avail: 94.92)
74000 142.7388596534729 518.43 q/s (% mem usage: 5.10, % mem avail: 94.92)
74500 143.92650723457336 517.63 q/s (% mem usage: 5.10, % mem avail: 94.93)
75000 144.48166060447693 519.10 q/s (% mem usage: 5.10, % mem avail: 94.92)
75500 145.16255736351013 520.11 q/s (% mem usage: 5.10, % mem avail: 94.93)
76000 146.17240643501282 519.93 q/s (% mem usage: 5.10, % mem avail: 94.92)
76500 147.181303024292 519.77 q/s (% mem usage: 5.10, % mem avail: 94.92)
77000 148.06884050369263 520.03 q/s (% mem usage: 5.10, % mem avail: 94.92)
77500 148.99942135810852 520.14 q/s (% mem usage: 5.10, % mem avail: 94.92)
78000 149.94338965415955 520.20 q/s (% mem usage: 5.10, % mem avail: 94.92)
78500 151.49747610092163 518.16 q/s (% mem usage: 5.10, % mem avail: 94.92)
79000 151.69947838783264 520.77 q/s (% mem usage: 5.10, % mem avail: 94.92)
79500 152.7274613380432 520.54 q/s (% mem usage: 5.10, % mem avail: 94.92)
80000 153.68569564819336 520.54 q/s (% mem usage: 5.10, % mem avail: 94.92)
80500 154.67068576812744 520.46 q/s (% mem usage: 5.10, % mem avail: 94.92)
81000 155.55534172058105 520.72 q/s (% mem usage: 5.10, % mem avail: 94.92)
81500 157.0567057132721 518.92 q/s (% mem usage: 5.10, % mem avail: 94.92)
82000 157.4757297039032 520.72 q/s (% mem usage: 5.10, % mem avail: 94.92)
82500 158.8196132183075 519.46 q/s (% mem usage: 5.10, % mem avail: 94.92)
83000 159.2245352268219 521.28 q/s (% mem usage: 5.10, % mem avail: 94.91)
83500 161.5955934524536 516.72 q/s (% mem usage: 5.10, % mem avail: 94.91)
84000 161.64397287368774 519.66 q/s (% mem usage: 5.10, % mem avail: 94.91)
84500 162.1979238986969 520.97 q/s (% mem usage: 5.10, % mem avail: 94.91)
85000 163.1355197429657 521.04 q/s (% mem usage: 5.10, % mem avail: 94.91)
85500 164.0635266304016 521.14 q/s (% mem usage: 5.10, % mem avail: 94.91)
86000 164.94124174118042 521.40 q/s (% mem usage: 5.10, % mem avail: 94.91)
86500 165.87917947769165 521.46 q/s (% mem usage: 5.10, % mem avail: 94.91)
87000 166.71609735488892 521.85 q/s (% mem usage: 5.10, % mem avail: 94.91)
87500 169.00055503845215 517.75 q/s (% mem usage: 5.10, % mem avail: 94.91)
88000 169.04494428634644 520.57 q/s (% mem usage: 5.10, % mem avail: 94.91)
88500 169.59050154685974 521.85 q/s (% mem usage: 5.10, % mem avail: 94.91)
89000 170.45129585266113 522.14 q/s (% mem usage: 5.10, % mem avail: 94.91)
89500 171.3424837589264 522.35 q/s (% mem usage: 5.10, % mem avail: 94.91)
90000 172.27676224708557 522.42 q/s (% mem usage: 5.10, % mem avail: 94.91)
90500 175.01370000839233 517.10 q/s (% mem usage: 5.10, % mem avail: 94.90)
91000 175.06088376045227 519.82 q/s (% mem usage: 5.10, % mem avail: 94.90)
91500 176.97862720489502 517.01 q/s (% mem usage: 5.10, % mem avail: 94.90)
92000 177.02283883094788 519.71 q/s (% mem usage: 5.10, % mem avail: 94.90)
92500 177.06673216819763 522.40 q/s (% mem usage: 5.10, % mem avail: 94.90)
93000 178.03198766708374 522.38 q/s (% mem usage: 5.10, % mem avail: 94.90)
93500 178.93644261360168 522.53 q/s (% mem usage: 5.10, % mem avail: 94.90)
94000 179.88106226921082 522.57 q/s (% mem usage: 5.10, % mem avail: 94.90)
94500 180.77134728431702 522.76 q/s (% mem usage: 5.10, % mem avail: 94.91)
95000 181.8177089691162 522.50 q/s (% mem usage: 5.10, % mem avail: 94.90)
95500 182.7305450439453 522.63 q/s (% mem usage: 5.10, % mem avail: 94.90)
96000 184.21648907661438 521.13 q/s (% mem usage: 5.10, % mem avail: 94.90)
96500 184.5987367630005 522.76 q/s (% mem usage: 5.10, % mem avail: 94.90)
97000 185.49338126182556 522.93 q/s (% mem usage: 5.10, % mem avail: 94.90)
97500 186.57539010047913 522.58 q/s (% mem usage: 5.10, % mem avail: 94.90)
98000 187.4270942211151 522.87 q/s (% mem usage: 5.10, % mem avail: 94.90)
98500 188.27519488334656 523.17 q/s (% mem usage: 5.10, % mem avail: 94.91)
99000 189.3109655380249 522.95 q/s (% mem usage: 5.10, % mem avail: 94.90)
99500 192.13672971725464 517.86 q/s (% mem usage: 5.10, % mem avail: 94.90)
100000 192.1837022304535 520.34 q/s (% mem usage: 5.10, % mem avail: 94.90)
100500 192.22897672653198 522.81 q/s (% mem usage: 5.10, % mem avail: 94.90)
101000 193.1647708415985 522.87 q/s (% mem usage: 5.10, % mem avail: 94.90)
101500 194.12435698509216 522.86 q/s (% mem usage: 5.10, % mem avail: 94.90)
102000 195.04080247879028 522.97 q/s (% mem usage: 5.10, % mem avail: 94.90)
102500 195.7121787071228 523.73 q/s (% mem usage: 5.10, % mem avail: 94.90)
103000 196.81328916549683 523.34 q/s (% mem usage: 5.10, % mem avail: 94.90)
103500 197.68664479255676 523.56 q/s (% mem usage: 5.10, % mem avail: 94.90)
104000 198.5108187198639 523.90 q/s (% mem usage: 5.10, % mem avail: 94.90)
104500 199.53600549697876 523.72 q/s (% mem usage: 5.10, % mem avail: 94.90)
105000 200.430504322052 523.87 q/s (% mem usage: 5.10, % mem avail: 94.90)
105500 201.35872387886047 523.94 q/s (% mem usage: 5.10, % mem avail: 94.90)
106000 202.3101465702057 523.95 q/s (% mem usage: 5.10, % mem avail: 94.90)
106500 203.2288098335266 524.04 q/s (% mem usage: 5.10, % mem avail: 94.90)
107000 204.13382983207703 524.17 q/s (% mem usage: 5.10, % mem avail: 94.90)
107500 205.19720244407654 523.89 q/s (% mem usage: 5.10, % mem avail: 94.90)
108000 206.22179245948792 523.71 q/s (% mem usage: 5.10, % mem avail: 94.90)
108500 207.0046935081482 524.14 q/s (% mem usage: 5.10, % mem avail: 94.90)
109000 208.0207679271698 523.99 q/s (% mem usage: 5.10, % mem avail: 94.90)
109500 208.96626091003418 524.01 q/s (% mem usage: 5.10, % mem avail: 94.90)
110000 209.86950302124023 524.14 q/s (% mem usage: 5.10, % mem avail: 94.90)
110500 210.65936827659607 524.54 q/s (% mem usage: 5.10, % mem avail: 94.90)
111000 211.64679336547852 524.46 q/s (% mem usage: 5.10, % mem avail: 94.90)
111500 212.67181253433228 524.28 q/s (% mem usage: 5.10, % mem avail: 94.90)
112000 213.66577100753784 524.18 q/s (% mem usage: 5.10, % mem avail: 94.90)
112500 214.61874341964722 524.19 q/s (% mem usage: 5.10, % mem avail: 94.90)
113000 216.71079468727112 521.43 q/s (% mem usage: 5.10, % mem avail: 94.90)
113500 216.7575762271881 523.63 q/s (% mem usage: 5.10, % mem avail: 94.90)
114000 217.43646335601807 524.29 q/s (% mem usage: 5.10, % mem avail: 94.90)
114500 219.3464515209198 522.01 q/s (% mem usage: 5.10, % mem avail: 94.89)
115000 219.60356736183167 523.67 q/s (% mem usage: 5.10, % mem avail: 94.90)
115500 220.47683358192444 523.86 q/s (% mem usage: 5.10, % mem avail: 94.90)
116000 221.41202425956726 523.91 q/s (% mem usage: 5.10, % mem avail: 94.90)
116500 222.8883397579193 522.68 q/s (% mem usage: 5.10, % mem avail: 94.89)
117000 224.3228793144226 521.57 q/s (% mem usage: 5.10, % mem avail: 94.89)
117500 224.4341058731079 523.54 q/s (% mem usage: 5.10, % mem avail: 94.89)
118000 225.28099179267883 523.79 q/s (% mem usage: 5.10, % mem avail: 94.89)
118500 226.24055862426758 523.78 q/s (% mem usage: 5.10, % mem avail: 94.89)
119000 227.24546217918396 523.66 q/s (% mem usage: 5.10, % mem avail: 94.89)
119500 228.1617133617401 523.75 q/s (% mem usage: 5.10, % mem avail: 94.90)
120000 229.13779950141907 523.70 q/s (% mem usage: 5.10, % mem avail: 94.89)
120500 230.105299949646 523.67 q/s (% mem usage: 5.10, % mem avail: 94.89)
121000 231.06044745445251 523.67 q/s (% mem usage: 5.10, % mem avail: 94.89)
121500 232.32006311416626 522.99 q/s (% mem usage: 5.10, % mem avail: 94.90)
122000 233.11723160743713 523.34 q/s (% mem usage: 5.10, % mem avail: 94.90)
122500 234.05522513389587 523.38 q/s (% mem usage: 5.10, % mem avail: 94.90)
123000 234.99105787277222 523.42 q/s (% mem usage: 5.10, % mem avail: 94.90)
123500 236.98974800109863 521.12 q/s (% mem usage: 5.10, % mem avail: 94.90)
124000 237.04028868675232 523.12 q/s (% mem usage: 5.10, % mem avail: 94.90)
124500 238.30482387542725 522.44 q/s (% mem usage: 5.10, % mem avail: 94.90)
125000 240.0165593624115 520.80 q/s (% mem usage: 5.10, % mem avail: 94.90)
125500 240.05989003181458 522.79 q/s (% mem usage: 5.10, % mem avail: 94.90)
126000 240.81093978881836 523.23 q/s (% mem usage: 5.10, % mem avail: 94.90)
126500 241.64960193634033 523.49 q/s (% mem usage: 5.10, % mem avail: 94.90)
127000 242.65146040916443 523.38 q/s (% mem usage: 5.10, % mem avail: 94.90)
127500 245.29264307022095 519.79 q/s (% mem usage: 5.10, % mem avail: 94.90)
128000 245.34388780593872 521.72 q/s (% mem usage: 5.10, % mem avail: 94.90)
128500 245.73070764541626 522.93 q/s (% mem usage: 5.10, % mem avail: 94.89)
129000 246.96076083183289 522.35 q/s (% mem usage: 5.10, % mem avail: 94.89)
129500 247.68200731277466 522.85 q/s (% mem usage: 5.10, % mem avail: 94.89)
130000 248.61608004570007 522.89 q/s (% mem usage: 5.10, % mem avail: 94.90)
130500 250.78979587554932 520.36 q/s (% mem usage: 5.10, % mem avail: 94.89)
131000 250.8427836894989 522.24 q/s (% mem usage: 5.10, % mem avail: 94.89)
131500 253.27335858345032 519.20 q/s (% mem usage: 5.10, % mem avail: 94.89)
132000 253.32431745529175 521.07 q/s (% mem usage: 5.10, % mem avail: 94.89)
132500 253.59333276748657 522.49 q/s (% mem usage: 5.10, % mem avail: 94.89)
133000 254.37981128692627 522.84 q/s (% mem usage: 5.10, % mem avail: 94.90)
133500 255.4118390083313 522.69 q/s (% mem usage: 5.10, % mem avail: 94.90)
134000 256.30934381484985 522.81 q/s (% mem usage: 5.10, % mem avail: 94.90)
134500 257.4376094341278 522.46 q/s (% mem usage: 5.10, % mem avail: 94.90)
135000 258.3871519565582 522.47 q/s (% mem usage: 5.10, % mem avail: 94.90)
135500 259.3304114341736 522.50 q/s (% mem usage: 5.10, % mem avail: 94.90)
136000 260.40889167785645 522.26 q/s (% mem usage: 5.10, % mem avail: 94.90)
136500 262.227082490921 520.54 q/s (% mem usage: 5.10, % mem avail: 94.90)
137000 262.2739200592041 522.35 q/s (% mem usage: 5.10, % mem avail: 94.90)
137500 263.82651829719543 521.18 q/s (% mem usage: 5.10, % mem avail: 94.89)
138000 265.29830718040466 520.17 q/s (% mem usage: 5.10, % mem avail: 94.89)
138500 265.34152364730835 521.97 q/s (% mem usage: 5.10, % mem avail: 94.89)
139000 266.0571765899658 522.44 q/s (% mem usage: 5.10, % mem avail: 94.89)
139500 267.5577321052551 521.38 q/s (% mem usage: 5.10, % mem avail: 94.89)
140000 267.7527205944061 522.87 q/s (% mem usage: 5.10, % mem avail: 94.89)
140500 268.7000982761383 522.89 q/s (% mem usage: 5.10, % mem avail: 94.89)
141000 269.6946792602539 522.81 q/s (% mem usage: 5.10, % mem avail: 94.89)
141500 270.6528215408325 522.81 q/s (% mem usage: 5.10, % mem avail: 94.89)
142000 271.44378209114075 523.13 q/s (% mem usage: 5.10, % mem avail: 94.89)
142500 272.3633303642273 523.20 q/s (% mem usage: 5.10, % mem avail: 94.89)
143000 273.1548914909363 523.51 q/s (% mem usage: 5.10, % mem avail: 94.89)
143500 274.259418964386 523.23 q/s (% mem usage: 5.10, % mem avail: 94.89)
144000 274.9688684940338 523.70 q/s (% mem usage: 5.10, % mem avail: 94.89)
144500 276.01208448410034 523.53 q/s (% mem usage: 5.10, % mem avail: 94.89)
145000 276.99318861961365 523.48 q/s (% mem usage: 5.10, % mem avail: 94.89)
145500 278.32864904403687 522.76 q/s (% mem usage: 5.10, % mem avail: 94.89)
146000 278.93969678878784 523.41 q/s (% mem usage: 5.10, % mem avail: 94.89)
146500 279.8397328853607 523.51 q/s (% mem usage: 5.10, % mem avail: 94.89)
147000 280.69046425819397 523.71 q/s (% mem usage: 5.10, % mem avail: 94.89)
147500 281.48846673965454 524.00 q/s (% mem usage: 5.10, % mem avail: 94.89)
148000 282.4524784088135 523.98 q/s (% mem usage: 5.10, % mem avail: 94.89)
148500 283.31609177589417 524.15 q/s (% mem usage: 5.10, % mem avail: 94.88)
149000 285.06617856025696 522.69 q/s (% mem usage: 5.10, % mem avail: 94.88)
149500 285.2543890476227 524.09 q/s (% mem usage: 5.10, % mem avail: 94.88)
150000 286.10885858535767 524.28 q/s (% mem usage: 5.10, % mem avail: 94.88)
150500 287.0100128650665 524.37 q/s (% mem usage: 5.10, % mem avail: 94.88)
151000 288.15027475357056 524.03 q/s (% mem usage: 5.10, % mem avail: 94.88)
151500 289.0612654685974 524.11 q/s (% mem usage: 5.10, % mem avail: 94.88)
152000 289.99428820610046 524.15 q/s (% mem usage: 5.10, % mem avail: 94.88)
152500 290.95230746269226 524.14 q/s (% mem usage: 5.10, % mem avail: 94.88)
153000 291.9054126739502 524.14 q/s (% mem usage: 5.10, % mem avail: 94.88)
153500 292.8896918296814 524.09 q/s (% mem usage: 5.10, % mem avail: 94.88)
154000 293.69693779945374 524.35 q/s (% mem usage: 5.10, % mem avail: 94.88)
154500 295.2213454246521 523.34 q/s (% mem usage: 5.10, % mem avail: 94.88)
155000 295.5503671169281 524.45 q/s (% mem usage: 5.10, % mem avail: 94.88)
155500 296.9035015106201 523.74 q/s (% mem usage: 5.10, % mem avail: 94.88)
156000 297.1867754459381 524.92 q/s (% mem usage: 5.10, % mem avail: 94.88)
156500 298.17604517936707 524.86 q/s (% mem usage: 5.10, % mem avail: 94.88)
157000 299.33856105804443 524.49 q/s (% mem usage: 5.10, % mem avail: 94.88)
157500 300.49187421798706 524.14 q/s (% mem usage: 5.10, % mem avail: 94.88)
158000 300.8872091770172 525.11 q/s (% mem usage: 5.10, % mem avail: 94.88)
158500 301.7443428039551 525.28 q/s (% mem usage: 5.10, % mem avail: 94.88)
159000 302.6643235683441 525.33 q/s (% mem usage: 5.10, % mem avail: 94.88)
159500 303.6007249355316 525.36 q/s (% mem usage: 5.10, % mem avail: 94.88)
160000 304.45891404151917 525.52 q/s (% mem usage: 5.10, % mem avail: 94.88)
160500 307.0808033943176 522.66 q/s (% mem usage: 5.10, % mem avail: 94.88)
161000 307.12479877471924 524.22 q/s (% mem usage: 5.10, % mem avail: 94.88)
161500 307.36261105537415 525.44 q/s (% mem usage: 5.10, % mem avail: 94.88)
162000 308.37967109680176 525.33 q/s (% mem usage: 5.10, % mem avail: 94.88)
162500 309.35926580429077 525.28 q/s (% mem usage: 5.10, % mem avail: 94.88)
163000 310.3254072666168 525.26 q/s (% mem usage: 5.10, % mem avail: 94.88)
163500 311.3514528274536 525.13 q/s (% mem usage: 5.10, % mem avail: 94.88)
164000 312.2165811061859 525.28 q/s (% mem usage: 5.10, % mem avail: 94.88)
164500 313.34881353378296 524.97 q/s (% mem usage: 5.10, % mem avail: 94.88)
165000 314.2883462905884 525.00 q/s (% mem usage: 5.10, % mem avail: 94.88)
165500 316.96092772483826 522.15 q/s (% mem usage: 5.10, % mem avail: 94.88)
166000 317.0151481628418 523.63 q/s (% mem usage: 5.10, % mem avail: 94.88)
166500 317.06140303611755 525.13 q/s (% mem usage: 5.10, % mem avail: 94.88)
167000 320.13261461257935 521.66 q/s (% mem usage: 5.10, % mem avail: 94.87)
167500 320.1759819984436 523.15 q/s (% mem usage: 5.10, % mem avail: 94.87)
168000 320.2240514755249 524.63 q/s (% mem usage: 5.10, % mem avail: 94.87)
168500 320.97091817855835 524.97 q/s (% mem usage: 5.10, % mem avail: 94.87)
169000 321.9909152984619 524.86 q/s (% mem usage: 5.10, % mem avail: 94.87)
169500 322.9763967990875 524.81 q/s (% mem usage: 5.10, % mem avail: 94.87)
170000 323.9697422981262 524.74 q/s (% mem usage: 5.10, % mem avail: 94.87)
170500 324.8505165576935 524.86 q/s (% mem usage: 5.10, % mem avail: 94.88)
171000 325.90449142456055 524.69 q/s (% mem usage: 5.10, % mem avail: 94.88)
171500 326.78704810142517 524.81 q/s (% mem usage: 5.10, % mem avail: 94.88)
172000 327.7435791492462 524.80 q/s (% mem usage: 5.10, % mem avail: 94.88)
172500 328.72583198547363 524.75 q/s (% mem usage: 5.10, % mem avail: 94.88)
173000 329.70889592170715 524.71 q/s (% mem usage: 5.10, % mem avail: 94.88)
173500 330.4842212200165 524.99 q/s (% mem usage: 5.10, % mem avail: 94.88)
174000 331.3562226295471 525.11 q/s (% mem usage: 5.10, % mem avail: 94.88)
174500 333.8932731151581 522.62 q/s (% mem usage: 5.10, % mem avail: 94.88)
175000 333.9425120353699 524.04 q/s (% mem usage: 5.10, % mem avail: 94.88)
175500 335.1147813796997 523.70 q/s (% mem usage: 5.10, % mem avail: 94.88)
176000 335.1700038909912 525.11 q/s (% mem usage: 5.10, % mem avail: 94.88)
176500 337.8865909576416 522.36 q/s (% mem usage: 5.10, % mem avail: 94.87)
177000 337.93032026290894 523.78 q/s (% mem usage: 5.10, % mem avail: 94.87)
177500 337.97003722190857 525.19 q/s (% mem usage: 5.10, % mem avail: 94.87)
178000 338.7505521774292 525.46 q/s (% mem usage: 5.10, % mem avail: 94.87)
178500 339.57092237472534 525.66 q/s (% mem usage: 5.10, % mem avail: 94.87)
179000 340.50772070884705 525.69 q/s (% mem usage: 5.10, % mem avail: 94.87)
179500 341.4537582397461 525.69 q/s (% mem usage: 5.10, % mem avail: 94.87)
180000 342.358628988266 525.76 q/s (% mem usage: 5.10, % mem avail: 94.87)
180500 343.33078026771545 525.73 q/s (% mem usage: 5.10, % mem avail: 94.88)
181000 344.1813876628876 525.89 q/s (% mem usage: 5.10, % mem avail: 94.88)
181500 345.1186032295227 525.91 q/s (% mem usage: 5.10, % mem avail: 94.88)
182000 346.05434465408325 525.93 q/s (% mem usage: 5.10, % mem avail: 94.88)
182500 348.1424162387848 524.21 q/s (% mem usage: 5.10, % mem avail: 94.87)
183000 348.1830744743347 525.59 q/s (% mem usage: 5.10, % mem avail: 94.87)
183500 350.2645642757416 523.89 q/s (% mem usage: 5.10, % mem avail: 94.87)
184000 350.5544104576111 524.88 q/s (% mem usage: 5.10, % mem avail: 94.87)
184500 350.86776971817017 525.84 q/s (% mem usage: 5.10, % mem avail: 94.87)
185000 351.61094212532043 526.15 q/s (% mem usage: 5.10, % mem avail: 94.87)
185500 352.6387577056885 526.03 q/s (% mem usage: 5.10, % mem avail: 94.87)
186000 353.6344301700592 525.97 q/s (% mem usage: 5.10, % mem avail: 94.87)
186500 354.42258739471436 526.21 q/s (% mem usage: 5.10, % mem avail: 94.87)
187000 355.5080454349518 526.01 q/s (% mem usage: 5.10, % mem avail: 94.87)
187500 357.98192524909973 523.77 q/s (% mem usage: 5.10, % mem avail: 94.87)
188000 358.0342285633087 525.09 q/s (% mem usage: 5.10, % mem avail: 94.87)
188500 359.1611671447754 524.83 q/s (% mem usage: 5.10, % mem avail: 94.87)
189000 361.17163610458374 523.30 q/s (% mem usage: 5.10, % mem avail: 94.87)
189500 361.21280121803284 524.62 q/s (% mem usage: 5.10, % mem avail: 94.87)
190000 361.2542736530304 525.95 q/s (% mem usage: 5.10, % mem avail: 94.87)
190500 362.99737000465393 524.80 q/s (% mem usage: 5.10, % mem avail: 94.87)
191000 363.19380593299866 525.89 q/s (% mem usage: 5.10, % mem avail: 94.87)
191500 364.1163341999054 525.93 q/s (% mem usage: 5.10, % mem avail: 94.87)
192000 366.32533407211304 524.12 q/s (% mem usage: 5.10, % mem avail: 94.87)
192500 366.46712613105774 525.29 q/s (% mem usage: 5.10, % mem avail: 94.87)
193000 366.99607491493225 525.89 q/s (% mem usage: 5.10, % mem avail: 94.87)
193500 368.22106432914734 525.50 q/s (% mem usage: 5.10, % mem avail: 94.87)
194000 368.89957904815674 525.89 q/s (% mem usage: 5.10, % mem avail: 94.87)
194500 370.5810248851776 524.85 q/s (% mem usage: 5.10, % mem avail: 94.87)
195000 371.04729557037354 525.54 q/s (% mem usage: 5.10, % mem avail: 94.87)
195500 372.0256712436676 525.50 q/s (% mem usage: 5.10, % mem avail: 94.87)
196000 373.6798424720764 524.51 q/s (% mem usage: 5.10, % mem avail: 94.87)
196500 374.002224445343 525.40 q/s (% mem usage: 5.10, % mem avail: 94.87)
197000 374.936975479126 525.42 q/s (% mem usage: 5.10, % mem avail: 94.87)
197500 375.79046082496643 525.56 q/s (% mem usage: 5.10, % mem avail: 94.87)
198000 377.5787179470062 524.39 q/s (% mem usage: 5.10, % mem avail: 94.87)
198500 377.7727508544922 525.45 q/s (% mem usage: 5.10, % mem avail: 94.87)
199000 379.60734701156616 524.23 q/s (% mem usage: 5.10, % mem avail: 94.87)
199500 379.9530117511749 525.06 q/s (% mem usage: 5.10, % mem avail: 94.87)
200000 380.53635573387146 525.57 q/s (% mem usage: 5.10, % mem avail: 94.87)
200500 381.3664743900299 525.74 q/s (% mem usage: 5.10, % mem avail: 94.87)
201000 382.29085874557495 525.78 q/s (% mem usage: 5.10, % mem avail: 94.87)
201500 383.0836000442505 525.99 q/s (% mem usage: 5.10, % mem avail: 94.87)
202000 384.0349311828613 525.99 q/s (% mem usage: 5.10, % mem avail: 94.87)
202500 384.7645106315613 526.30 q/s (% mem usage: 5.10, % mem avail: 94.87)
203000 386.6158378124237 525.07 q/s (% mem usage: 5.10, % mem avail: 94.87)
203500 386.7291326522827 526.21 q/s (% mem usage: 5.10, % mem avail: 94.87)
204000 387.6948540210724 526.19 q/s (% mem usage: 5.10, % mem avail: 94.87)
204500 388.6852090358734 526.13 q/s (% mem usage: 5.10, % mem avail: 94.87)
205000 389.6629648208618 526.10 q/s (% mem usage: 5.10, % mem avail: 94.87)
205500 392.6388747692108 523.38 q/s (% mem usage: 5.10, % mem avail: 94.87)
206000 392.67969155311584 524.60 q/s (% mem usage: 5.10, % mem avail: 94.87)
206500 392.7156331539154 525.83 q/s (% mem usage: 5.10, % mem avail: 94.87)
207000 393.4132573604584 526.16 q/s (% mem usage: 5.10, % mem avail: 94.87)
207500 394.3243098258972 526.22 q/s (% mem usage: 5.10, % mem avail: 94.87)
208000 395.14693570137024 526.39 q/s (% mem usage: 5.10, % mem avail: 94.87)
208500 396.2459180355072 526.19 q/s (% mem usage: 5.10, % mem avail: 94.87)
209000 397.15593957901 526.24 q/s (% mem usage: 5.10, % mem avail: 94.87)
209500 398.08900713920593 526.26 q/s (% mem usage: 5.10, % mem avail: 94.87)
210000 398.91991782188416 526.42 q/s (% mem usage: 5.10, % mem avail: 94.87)
210500 399.9305715560913 526.34 q/s (% mem usage: 5.10, % mem avail: 94.87)
211000 400.8368248939514 526.40 q/s (% mem usage: 5.10, % mem avail: 94.87)
211500 401.88234519958496 526.27 q/s (% mem usage: 5.10, % mem avail: 94.87)
212000 402.748318195343 526.38 q/s (% mem usage: 5.10, % mem avail: 94.87)
212500 403.7499985694885 526.32 q/s (% mem usage: 5.10, % mem avail: 94.87)
213000 405.9447078704834 524.70 q/s (% mem usage: 5.10, % mem avail: 94.87)
213500 405.9930627346039 525.87 q/s (% mem usage: 5.10, % mem avail: 94.87)
214000 406.712518453598 526.17 q/s (% mem usage: 5.10, % mem avail: 94.87)
214500 407.50676703453064 526.37 q/s (% mem usage: 5.10, % mem avail: 94.87)
215000 410.1789622306824 524.16 q/s (% mem usage: 5.10, % mem avail: 94.87)
215500 410.2232961654663 525.32 q/s (% mem usage: 5.10, % mem avail: 94.87)
216000 410.46759128570557 526.23 q/s (% mem usage: 5.10, % mem avail: 94.87)
216500 411.4298446178436 526.21 q/s (% mem usage: 5.10, % mem avail: 94.87)
217000 412.3774571418762 526.22 q/s (% mem usage: 5.10, % mem avail: 94.87)
217500 413.28437399864197 526.27 q/s (% mem usage: 5.10, % mem avail: 94.87)
218000 414.1984450817108 526.32 q/s (% mem usage: 5.10, % mem avail: 94.87)
218500 415.10655903816223 526.37 q/s (% mem usage: 5.10, % mem avail: 94.87)
219000 416.07726788520813 526.34 q/s (% mem usage: 5.10, % mem avail: 94.87)
219500 417.0803802013397 526.28 q/s (% mem usage: 5.10, % mem avail: 94.87)
220000 418.7013816833496 525.43 q/s (% mem usage: 5.10, % mem avail: 94.87)
220500 418.94395780563354 526.32 q/s (% mem usage: 5.10, % mem avail: 94.87)
221000 419.8464436531067 526.38 q/s (% mem usage: 5.10, % mem avail: 94.87)
221500 420.81384229660034 526.36 q/s (% mem usage: 5.10, % mem avail: 94.87)
222000 421.4879822731018 526.71 q/s (% mem usage: 5.10, % mem avail: 94.87)
222500 422.39836955070496 526.75 q/s (% mem usage: 5.10, % mem avail: 94.87)
223000 423.39646673202515 526.69 q/s (% mem usage: 5.10, % mem avail: 94.87)
223500 424.4732472896576 526.53 q/s (% mem usage: 5.10, % mem avail: 94.87)
224000 425.3029692173004 526.68 q/s (% mem usage: 5.10, % mem avail: 94.87)
224500 426.01391339302063 526.98 q/s (% mem usage: 5.10, % mem avail: 94.87)
225000 426.89579463005066 527.06 q/s (% mem usage: 5.10, % mem avail: 94.87)
225500 428.1747100353241 526.65 q/s (% mem usage: 5.10, % mem avail: 94.87)
226000 428.94229531288147 526.88 q/s (% mem usage: 5.10, % mem avail: 94.87)
226500 430.4343800544739 526.21 q/s (% mem usage: 5.10, % mem avail: 94.87)
227000 430.9176516532898 526.78 q/s (% mem usage: 5.10, % mem avail: 94.87)
227500 433.0583794116974 525.33 q/s (% mem usage: 5.10, % mem avail: 94.87)
228000 433.1110928058624 526.42 q/s (% mem usage: 5.10, % mem avail: 94.87)
228500 433.62319254875183 526.96 q/s (% mem usage: 5.10, % mem avail: 94.87)
229000 434.5985851287842 526.92 q/s (% mem usage: 5.10, % mem avail: 94.87)
229500 435.46774458885193 527.02 q/s (% mem usage: 5.10, % mem avail: 94.86)
230000 436.4664978981018 526.96 q/s (% mem usage: 5.10, % mem avail: 94.86)
230500 437.2872281074524 527.11 q/s (% mem usage: 5.10, % mem avail: 94.86)
231000 438.05198979377747 527.33 q/s (% mem usage: 5.10, % mem avail: 94.86)
231500 439.07103657722473 527.25 q/s (% mem usage: 5.10, % mem avail: 94.87)
232000 440.0155277252197 527.25 q/s (% mem usage: 5.10, % mem avail: 94.87)
232500 440.94296050071716 527.28 q/s (% mem usage: 5.10, % mem avail: 94.87)
233000 443.21541261672974 525.70 q/s (% mem usage: 5.10, % mem avail: 94.86)
233500 443.2593779563904 526.78 q/s (% mem usage: 5.10, % mem avail: 94.86)
234000 444.0842242240906 526.93 q/s (% mem usage: 5.10, % mem avail: 94.86)
234500 445.0173921585083 526.95 q/s (% mem usage: 5.10, % mem avail: 94.86)
235000 446.9462070465088 525.79 q/s (% mem usage: 5.10, % mem avail: 94.86)
235500 446.99063992500305 526.86 q/s (% mem usage: 5.10, % mem avail: 94.86)
236000 447.7060034275055 527.13 q/s (% mem usage: 5.10, % mem avail: 94.86)
236500 448.66799902915955 527.12 q/s (% mem usage: 5.10, % mem avail: 94.86)
237000 449.6208508014679 527.11 q/s (% mem usage: 5.10, % mem avail: 94.87)
237500 450.4507722854614 527.25 q/s (% mem usage: 5.10, % mem avail: 94.87)
238000 451.59434175491333 527.02 q/s (% mem usage: 5.10, % mem avail: 94.87)
238500 452.32534098625183 527.28 q/s (% mem usage: 5.10, % mem avail: 94.87)
239000 453.35749793052673 527.18 q/s (% mem usage: 5.10, % mem avail: 94.87)
239500 454.2136604785919 527.28 q/s (% mem usage: 5.10, % mem avail: 94.86)
240000 455.08877396583557 527.37 q/s (% mem usage: 5.10, % mem avail: 94.87)
240500 456.1110112667084 527.28 q/s (% mem usage: 5.10, % mem avail: 94.86)
241000 457.15773129463196 527.17 q/s (% mem usage: 5.10, % mem avail: 94.87)
241500 457.7755811214447 527.55 q/s (% mem usage: 5.10, % mem avail: 94.87)
242000 458.6316032409668 527.66 q/s (% mem usage: 5.10, % mem avail: 94.87)
242500 459.5752217769623 527.66 q/s (% mem usage: 5.10, % mem avail: 94.87)
243000 460.5544922351837 527.62 q/s (% mem usage: 5.10, % mem avail: 94.87)
243500 461.90999364852905 527.16 q/s (% mem usage: 5.10, % mem avail: 94.86)
244000 462.3341658115387 527.76 q/s (% mem usage: 5.10, % mem avail: 94.86)
244500 463.20219802856445 527.85 q/s (% mem usage: 5.10, % mem avail: 94.86)
245000 464.09161925315857 527.91 q/s (% mem usage: 5.10, % mem avail: 94.87)
245500 465.06292843818665 527.89 q/s (% mem usage: 5.10, % mem avail: 94.86)
246000 465.98615169525146 527.91 q/s (% mem usage: 5.10, % mem avail: 94.86)
246500 467.58470940589905 527.18 q/s (% mem usage: 5.10, % mem avail: 94.86)
247000 467.67994117736816 528.14 q/s (% mem usage: 5.10, % mem avail: 94.86)
247500 468.7171504497528 528.04 q/s (% mem usage: 5.10, % mem avail: 94.86)
248000 469.7501606941223 527.94 q/s (% mem usage: 5.10, % mem avail: 94.86)
248500 470.5834529399872 528.07 q/s (% mem usage: 5.10, % mem avail: 94.87)
249000 471.6858956813812 527.89 q/s (% mem usage: 5.10, % mem avail: 94.86)
249500 472.4383907318115 528.11 q/s (% mem usage: 5.10, % mem avail: 94.87)
250000 473.41670203208923 528.08 q/s (% mem usage: 5.10, % mem avail: 94.86)
250500 474.62202167510986 527.79 q/s (% mem usage: 5.10, % mem avail: 94.86)
251000 475.4132101535797 527.96 q/s (% mem usage: 5.10, % mem avail: 94.86)
251500 476.302451133728 528.03 q/s (% mem usage: 5.10, % mem avail: 94.86)
252000 478.9427363872528 526.16 q/s (% mem usage: 5.10, % mem avail: 94.86)
252500 478.98230624198914 527.16 q/s (% mem usage: 5.10, % mem avail: 94.86)
253000 479.60534262657166 527.52 q/s (% mem usage: 5.10, % mem avail: 94.86)
253500 481.86831998825073 526.08 q/s (% mem usage: 5.10, % mem avail: 94.86)
254000 482.2626986503601 526.68 q/s (% mem usage: 5.10, % mem avail: 94.86)
254500 482.3111708164215 527.67 q/s (% mem usage: 5.10, % mem avail: 94.86)
255000 482.67574858665466 528.30 q/s (% mem usage: 5.10, % mem avail: 94.86)
255500 483.89526200294495 528.01 q/s (% mem usage: 5.10, % mem avail: 94.86)
256000 484.62047839164734 528.25 q/s (% mem usage: 5.10, % mem avail: 94.86)
256500 485.82693910598755 527.97 q/s (% mem usage: 5.10, % mem avail: 94.86)
257000 486.61485290527344 528.14 q/s (% mem usage: 5.10, % mem avail: 94.86)
257500 487.4411745071411 528.27 q/s (% mem usage: 5.10, % mem avail: 94.86)
258000 489.66420674324036 526.89 q/s (% mem usage: 5.10, % mem avail: 94.86)
258500 489.7132160663605 527.86 q/s (% mem usage: 5.10, % mem avail: 94.86)
259000 490.1821434497833 528.38 q/s (% mem usage: 5.10, % mem avail: 94.86)
259500 490.9768044948578 528.54 q/s (% mem usage: 5.10, % mem avail: 94.86)
260000 491.85858488082886 528.61 q/s (% mem usage: 5.10, % mem avail: 94.86)
260500 492.77156043052673 528.64 q/s (% mem usage: 5.10, % mem avail: 94.86)
261000 493.6779661178589 528.68 q/s (% mem usage: 5.10, % mem avail: 94.86)
261500 496.0657317638397 527.15 q/s (% mem usage: 5.10, % mem avail: 94.86)
262000 496.13632798194885 528.08 q/s (% mem usage: 5.10, % mem avail: 94.86)
262500 496.7008180618286 528.49 q/s (% mem usage: 5.10, % mem avail: 94.86)
263000 497.48825216293335 528.66 q/s (% mem usage: 5.10, % mem avail: 94.86)
263500 498.5720875263214 528.51 q/s (% mem usage: 5.10, % mem avail: 94.86)
264000 499.56223487854004 528.46 q/s (% mem usage: 5.10, % mem avail: 94.86)
264500 500.24356842041016 528.74 q/s (% mem usage: 5.10, % mem avail: 94.86)
265000 502.7343370914459 527.12 q/s (% mem usage: 5.10, % mem avail: 94.87)
265500 502.77818989753723 528.07 q/s (% mem usage: 5.10, % mem avail: 94.87)
266000 504.55482745170593 527.20 q/s (% mem usage: 5.10, % mem avail: 94.86)
266500 504.59969687461853 528.14 q/s (% mem usage: 5.10, % mem avail: 94.86)
267000 504.94417691230774 528.77 q/s (% mem usage: 5.10, % mem avail: 94.86)
267500 506.7196636199951 527.91 q/s (% mem usage: 5.10, % mem avail: 94.86)
268000 506.895409822464 528.71 q/s (% mem usage: 5.10, % mem avail: 94.86)
268500 509.65913367271423 526.82 q/s (% mem usage: 5.10, % mem avail: 94.86)
269000 509.7049734592438 527.76 q/s (% mem usage: 5.10, % mem avail: 94.86)
269500 509.74932885169983 528.69 q/s (% mem usage: 5.10, % mem avail: 94.86)
270000 510.62813997268677 528.76 q/s (% mem usage: 5.10, % mem avail: 94.86)
270500 512.1065640449524 528.21 q/s (% mem usage: 5.10, % mem avail: 94.86)
271000 512.3976287841797 528.89 q/s (% mem usage: 5.10, % mem avail: 94.86)
271500 513.2957079410553 528.93 q/s (% mem usage: 5.10, % mem avail: 94.86)
272000 514.3020725250244 528.87 q/s (% mem usage: 5.10, % mem avail: 94.86)
272500 515.2519381046295 528.87 q/s (% mem usage: 5.10, % mem avail: 94.86)
273000 516.2778232097626 528.79 q/s (% mem usage: 5.10, % mem avail: 94.86)
273500 517.1827092170715 528.83 q/s (% mem usage: 5.10, % mem avail: 94.86)
274000 518.1069467067719 528.85 q/s (% mem usage: 5.10, % mem avail: 94.86)
274500 519.1785182952881 528.72 q/s (% mem usage: 5.10, % mem avail: 94.86)
275000 520.1323103904724 528.71 q/s (% mem usage: 5.10, % mem avail: 94.86)
275500 520.9331402778625 528.86 q/s (% mem usage: 5.10, % mem avail: 94.86)
276000 521.9385452270508 528.80 q/s (% mem usage: 5.10, % mem avail: 94.86)
276500 522.7870790958405 528.90 q/s (% mem usage: 5.10, % mem avail: 94.85)
277000 523.7822136878967 528.85 q/s (% mem usage: 5.10, % mem avail: 94.86)
277500 524.7677552700043 528.81 q/s (% mem usage: 5.10, % mem avail: 94.86)
278000 525.6452419757843 528.87 q/s (% mem usage: 5.10, % mem avail: 94.86)
278500 526.5776445865631 528.89 q/s (% mem usage: 5.10, % mem avail: 94.86)
279000 527.6122174263 528.80 q/s (% mem usage: 5.10, % mem avail: 94.86)
279500 528.6178240776062 528.74 q/s (% mem usage: 5.10, % mem avail: 94.86)
280000 529.3665380477905 528.93 q/s (% mem usage: 5.10, % mem avail: 94.86)
280500 530.9077489376068 528.34 q/s (% mem usage: 5.10, % mem avail: 94.86)
281000 531.242395401001 528.95 q/s (% mem usage: 5.10, % mem avail: 94.85)
281500 532.175398349762 528.96 q/s (% mem usage: 5.10, % mem avail: 94.85)
282000 533.0944557189941 528.99 q/s (% mem usage: 5.10, % mem avail: 94.85)
282500 534.1799819469452 528.85 q/s (% mem usage: 5.10, % mem avail: 94.85)
283000 534.995349407196 528.98 q/s (% mem usage: 5.10, % mem avail: 94.85)
283500 535.8472549915314 529.07 q/s (% mem usage: 5.10, % mem avail: 94.85)
284000 537.4438025951385 528.43 q/s (% mem usage: 5.10, % mem avail: 94.85)
284500 537.7483198642731 529.06 q/s (% mem usage: 5.10, % mem avail: 94.85)
285000 538.7317769527435 529.02 q/s (% mem usage: 5.10, % mem avail: 94.85)
285500 539.5107908248901 529.18 q/s (% mem usage: 5.10, % mem avail: 94.85)
286000 540.457647562027 529.18 q/s (% mem usage: 5.10, % mem avail: 94.85)
286500 541.4395077228546 529.14 q/s (% mem usage: 5.10, % mem avail: 94.85)
287000 543.5852134227753 527.98 q/s (% mem usage: 5.10, % mem avail: 94.85)
287500 543.6296527385712 528.85 q/s (% mem usage: 5.10, % mem avail: 94.85)
288000 544.4605045318604 528.96 q/s (% mem usage: 5.10, % mem avail: 94.85)
288500 545.2751750946045 529.09 q/s (% mem usage: 5.10, % mem avail: 94.85)
289000 546.9123239517212 528.42 q/s (% mem usage: 5.10, % mem avail: 94.85)
289500 547.1186316013336 529.14 q/s (% mem usage: 5.10, % mem avail: 94.85)
290000 548.00363945961 529.19 q/s (% mem usage: 5.10, % mem avail: 94.85)
290500 548.8938648700714 529.25 q/s (% mem usage: 5.10, % mem avail: 94.85)
291000 549.8239214420319 529.26 q/s (% mem usage: 5.10, % mem avail: 94.85)
291500 551.4938926696777 528.56 q/s (% mem usage: 5.10, % mem avail: 94.85)
292000 552.5697176456451 528.44 q/s (% mem usage: 5.10, % mem avail: 94.85)
292500 552.7422292232513 529.18 q/s (% mem usage: 5.10, % mem avail: 94.85)
293000 555.090029001236 527.84 q/s (% mem usage: 5.10, % mem avail: 94.85)
293500 555.1328110694885 528.70 q/s (% mem usage: 5.10, % mem avail: 94.85)
294000 555.6250162124634 529.13 q/s (% mem usage: 5.10, % mem avail: 94.85)
294500 556.4989035129547 529.20 q/s (% mem usage: 5.10, % mem avail: 94.85)
295000 560.3253874778748 526.48 q/s (% mem usage: 5.20, % mem avail: 94.84)
295500 560.3730728626251 527.33 q/s (% mem usage: 5.20, % mem avail: 94.84)
296000 560.4189095497131 528.18 q/s (% mem usage: 5.20, % mem avail: 94.84)
296500 561.8664271831512 527.71 q/s (% mem usage: 5.20, % mem avail: 94.84)
297000 561.9114015102386 528.55 q/s (% mem usage: 5.20, % mem avail: 94.84)
297500 562.5147967338562 528.87 q/s (% mem usage: 5.20, % mem avail: 94.84)
298000 563.5007865428925 528.84 q/s (% mem usage: 5.20, % mem avail: 94.84)
298500 564.4454300403595 528.84 q/s (% mem usage: 5.20, % mem avail: 94.84)
299000 565.4148061275482 528.82 q/s (% mem usage: 5.10, % mem avail: 94.85)
299500 566.3455090522766 528.83 q/s (% mem usage: 5.10, % mem avail: 94.85)
300000 567.1906197071075 528.92 q/s (% mem usage: 5.10, % mem avail: 94.85)
300500 568.4504356384277 528.63 q/s (% mem usage: 5.10, % mem avail: 94.85)
301000 569.0263864994049 528.97 q/s (% mem usage: 5.10, % mem avail: 94.85)
301500 570.054790019989 528.90 q/s (% mem usage: 5.10, % mem avail: 94.85)
302000 572.3900530338287 527.61 q/s (% mem usage: 5.20, % mem avail: 94.84)
302500 572.4344303607941 528.44 q/s (% mem usage: 5.20, % mem avail: 94.84)
303000 572.983541727066 528.81 q/s (% mem usage: 5.20, % mem avail: 94.84)
303500 574.9312036037445 527.89 q/s (% mem usage: 5.20, % mem avail: 94.85)
304000 574.9714603424072 528.72 q/s (% mem usage: 5.20, % mem avail: 94.85)
304500 575.8959283828735 528.74 q/s (% mem usage: 5.10, % mem avail: 94.85)
305000 577.4492690563202 528.18 q/s (% mem usage: 5.20, % mem avail: 94.85)
305500 577.8150115013123 528.72 q/s (% mem usage: 5.20, % mem avail: 94.85)
306000 579.565491437912 527.98 q/s (% mem usage: 5.20, % mem avail: 94.85)
306500 579.9216701984406 528.52 q/s (% mem usage: 5.20, % mem avail: 94.85)
307000 580.8798115253448 528.51 q/s (% mem usage: 5.20, % mem avail: 94.85)
307500 581.8159348964691 528.52 q/s (% mem usage: 5.20, % mem avail: 94.85)
308000 583.8336319923401 527.55 q/s (% mem usage: 5.20, % mem avail: 94.85)
308500 583.8756232261658 528.37 q/s (% mem usage: 5.20, % mem avail: 94.85)
309000 584.6535217761993 528.52 q/s (% mem usage: 5.20, % mem avail: 94.85)
309500 585.6257376670837 528.49 q/s (% mem usage: 5.20, % mem avail: 94.84)
310000 586.4898879528046 528.57 q/s (% mem usage: 5.20, % mem avail: 94.84)
310500 587.7853450775146 528.25 q/s (% mem usage: 5.20, % mem avail: 94.85)
311000 588.5614309310913 528.41 q/s (% mem usage: 5.20, % mem avail: 94.84)
311500 589.5951819419861 528.33 q/s (% mem usage: 5.20, % mem avail: 94.84)
312000 590.5471851825714 528.32 q/s (% mem usage: 5.20, % mem avail: 94.84)
312500 591.3842945098877 528.42 q/s (% mem usage: 5.20, % mem avail: 94.84)
313000 592.3568115234375 528.40 q/s (% mem usage: 5.20, % mem avail: 94.84)
313500 593.4158024787903 528.30 q/s (% mem usage: 5.20, % mem avail: 94.84)
314000 594.3707237243652 528.29 q/s (% mem usage: 5.20, % mem avail: 94.84)
314500 595.8868687152863 527.78 q/s (% mem usage: 5.20, % mem avail: 94.84)
315000 596.0810797214508 528.45 q/s (% mem usage: 5.20, % mem avail: 94.84)
315500 596.9227175712585 528.54 q/s (% mem usage: 5.20, % mem avail: 94.84)
316000 597.9232761859894 528.50 q/s (% mem usage: 5.20, % mem avail: 94.84)
316500 598.7697801589966 528.58 q/s (% mem usage: 5.20, % mem avail: 94.84)
317000 601.2297661304474 527.25 q/s (% mem usage: 5.20, % mem avail: 94.84)
317500 601.2723817825317 528.05 q/s (% mem usage: 5.20, % mem avail: 94.84)
318000 601.9235000610352 528.31 q/s (% mem usage: 5.20, % mem avail: 94.84)
318500 602.5749952793121 528.56 q/s (% mem usage: 5.20, % mem avail: 94.84)
319000 603.5478897094727 528.54 q/s (% mem usage: 5.20, % mem avail: 94.84)
319500 604.4292364120483 528.60 q/s (% mem usage: 5.20, % mem avail: 94.84)
320000 605.6629943847656 528.35 q/s (% mem usage: 5.20, % mem avail: 94.84)
320500 606.3748471736908 528.55 q/s (% mem usage: 5.20, % mem avail: 94.84)
321000 607.4988794326782 528.40 q/s (% mem usage: 5.20, % mem avail: 94.84)
321500 608.4189541339874 528.42 q/s (% mem usage: 5.20, % mem avail: 94.84)
322000 609.3278033733368 528.45 q/s (% mem usage: 5.20, % mem avail: 94.84)
322500 610.1954941749573 528.52 q/s (% mem usage: 5.20, % mem avail: 94.84)
323000 611.0469288825989 528.60 q/s (% mem usage: 5.20, % mem avail: 94.84)
323500 613.6316363811493 527.19 q/s (% mem usage: 5.20, % mem avail: 94.84)
324000 613.6790828704834 527.96 q/s (% mem usage: 5.20, % mem avail: 94.84)
324500 614.1492409706116 528.37 q/s (% mem usage: 5.20, % mem avail: 94.84)
325000 615.0527791976929 528.41 q/s (% mem usage: 5.20, % mem avail: 94.84)
325500 616.0504095554352 528.37 q/s (% mem usage: 5.20, % mem avail: 94.84)
326000 617.7519686222076 527.72 q/s (% mem usage: 5.20, % mem avail: 94.84)
326500 617.8891980648041 528.41 q/s (% mem usage: 5.20, % mem avail: 94.84)
327000 618.7283797264099 528.50 q/s (% mem usage: 5.20, % mem avail: 94.84)
327500 621.7306587696075 526.76 q/s (% mem usage: 5.20, % mem avail: 94.83)
328000 621.7780952453613 527.52 q/s (% mem usage: 5.20, % mem avail: 94.83)
328500 621.8192591667175 528.29 q/s (% mem usage: 5.20, % mem avail: 94.83)
329000 622.6532545089722 528.38 q/s (% mem usage: 5.20, % mem avail: 94.83)
329500 623.6959824562073 528.30 q/s (% mem usage: 5.20, % mem avail: 94.83)
330000 624.658533334732 528.29 q/s (% mem usage: 5.20, % mem avail: 94.83)
330500 625.6352882385254 528.26 q/s (% mem usage: 5.20, % mem avail: 94.83)
331000 626.4939205646515 528.34 q/s (% mem usage: 5.20, % mem avail: 94.83)
331500 627.3706974983215 528.40 q/s (% mem usage: 5.20, % mem avail: 94.83)
332000 628.2394683361053 528.46 q/s (% mem usage: 5.20, % mem avail: 94.83)
332500 629.0630717277527 528.56 q/s (% mem usage: 5.20, % mem avail: 94.83)
333000 630.1337268352509 528.46 q/s (% mem usage: 5.20, % mem avail: 94.84)
333500 631.064863204956 528.47 q/s (% mem usage: 5.20, % mem avail: 94.84)
334000 631.8929557800293 528.57 q/s (% mem usage: 5.20, % mem avail: 94.84)
334500 632.7798204421997 528.62 q/s (% mem usage: 5.20, % mem avail: 94.84)
335000 633.7203638553619 528.62 q/s (% mem usage: 5.20, % mem avail: 94.84)
335500 636.492000579834 527.11 q/s (% mem usage: 5.20, % mem avail: 94.83)
336000 636.5418219566345 527.85 q/s (% mem usage: 5.20, % mem avail: 94.83)
336500 636.6645522117615 528.54 q/s (% mem usage: 5.20, % mem avail: 94.83)
337000 637.5477919578552 528.59 q/s (% mem usage: 5.20, % mem avail: 94.83)
337500 638.4313673973083 528.64 q/s (% mem usage: 5.20, % mem avail: 94.84)
338000 639.3880040645599 528.63 q/s (% mem usage: 5.20, % mem avail: 94.84)
338500 641.4391567707062 527.72 q/s (% mem usage: 5.20, % mem avail: 94.83)
339000 641.4832730293274 528.46 q/s (% mem usage: 5.20, % mem avail: 94.83)
339500 642.3005621433258 528.57 q/s (% mem usage: 5.20, % mem avail: 94.83)
340000 643.2764692306519 528.54 q/s (% mem usage: 5.20, % mem avail: 94.83)
340500 644.2704603672028 528.50 q/s (% mem usage: 5.20, % mem avail: 94.83)
341000 645.1825397014618 528.53 q/s (% mem usage: 5.20, % mem avail: 94.83)
341500 646.8004586696625 527.98 q/s (% mem usage: 5.20, % mem avail: 94.83)
342000 647.1389226913452 528.48 q/s (% mem usage: 5.20, % mem avail: 94.84)
342500 648.1296224594116 528.44 q/s (% mem usage: 5.20, % mem avail: 94.84)
343000 649.4813721179962 528.11 q/s (% mem usage: 5.20, % mem avail: 94.84)
343500 650.0313241481781 528.44 q/s (% mem usage: 5.20, % mem avail: 94.84)
344000 650.9984636306763 528.42 q/s (% mem usage: 5.20, % mem avail: 94.83)
344500 652.7281506061554 527.78 q/s (% mem usage: 5.20, % mem avail: 94.84)
345000 652.8799090385437 528.43 q/s (% mem usage: 5.20, % mem avail: 94.84)
345500 653.8793625831604 528.38 q/s (% mem usage: 5.20, % mem avail: 94.84)
346000 654.859495639801 528.36 q/s (% mem usage: 5.20, % mem avail: 94.84)
346500 655.6729671955109 528.46 q/s (% mem usage: 5.20, % mem avail: 94.84)
347000 656.4864583015442 528.57 q/s (% mem usage: 5.20, % mem avail: 94.84)
347500 657.4878175258636 528.53 q/s (% mem usage: 5.20, % mem avail: 94.84)
348000 658.4741721153259 528.49 q/s (% mem usage: 5.20, % mem avail: 94.84)
348500 659.4459965229034 528.47 q/s (% mem usage: 5.20, % mem avail: 94.84)
349000 660.3135340213776 528.54 q/s (% mem usage: 5.20, % mem avail: 94.84)
349500 661.2980418205261 528.51 q/s (% mem usage: 5.20, % mem avail: 94.84)
350000 662.2755694389343 528.48 q/s (% mem usage: 5.20, % mem avail: 94.84)
350500 663.3478982448578 528.38 q/s (% mem usage: 5.20, % mem avail: 94.84)
351000 664.2168111801147 528.44 q/s (% mem usage: 5.20, % mem avail: 94.84)
351500 665.4137499332428 528.24 q/s (% mem usage: 5.20, % mem avail: 94.84)
352000 666.2124481201172 528.36 q/s (% mem usage: 5.20, % mem avail: 94.84)
352500 667.2016868591309 528.33 q/s (% mem usage: 5.20, % mem avail: 94.84)
353000 668.068526506424 528.39 q/s (% mem usage: 5.20, % mem avail: 94.84)
353500 669.0609061717987 528.35 q/s (% mem usage: 5.20, % mem avail: 94.84)
354000 670.0700232982635 528.30 q/s (% mem usage: 5.20, % mem avail: 94.84)
354500 671.0777623653412 528.25 q/s (% mem usage: 5.20, % mem avail: 94.84)
355000 671.861866235733 528.38 q/s (% mem usage: 5.20, % mem avail: 94.84)
355500 672.814314365387 528.38 q/s (% mem usage: 5.20, % mem avail: 94.84)
356000 673.8205435276031 528.33 q/s (% mem usage: 5.20, % mem avail: 94.84)
356500 674.7550051212311 528.34 q/s (% mem usage: 5.20, % mem avail: 94.84)
357000 675.6123173236847 528.41 q/s (% mem usage: 5.20, % mem avail: 94.84)
357500 676.5763819217682 528.40 q/s (% mem usage: 5.20, % mem avail: 94.84)
358000 677.3668625354767 528.52 q/s (% mem usage: 5.20, % mem avail: 94.84)
358500 678.2014191150665 528.60 q/s (% mem usage: 5.20, % mem avail: 94.84)
359000 680.6292703151703 527.45 q/s (% mem usage: 5.20, % mem avail: 94.83)
359500 680.6727178096771 528.15 q/s (% mem usage: 5.20, % mem avail: 94.83)
360000 681.3073556423187 528.40 q/s (% mem usage: 5.20, % mem avail: 94.83)
360500 683.6055788993835 527.35 q/s (% mem usage: 5.20, % mem avail: 94.83)
361000 684.3840909004211 527.48 q/s (% mem usage: 5.20, % mem avail: 94.83)
361500 684.4435889720917 528.17 q/s (% mem usage: 5.20, % mem avail: 94.83)
362000 685.0036141872406 528.46 q/s (% mem usage: 5.20, % mem avail: 94.83)
362500 686.0116844177246 528.42 q/s (% mem usage: 5.20, % mem avail: 94.83)
363000 688.4551782608032 527.27 q/s (% mem usage: 5.20, % mem avail: 94.83)
363500 688.4944295883179 527.96 q/s (% mem usage: 5.20, % mem avail: 94.83)
364000 688.5993363857269 528.61 q/s (% mem usage: 5.20, % mem avail: 94.83)
364500 689.760009765625 528.44 q/s (% mem usage: 5.20, % mem avail: 94.83)
365000 690.6339116096497 528.50 q/s (% mem usage: 5.20, % mem avail: 94.83)
365500 691.5129551887512 528.55 q/s (% mem usage: 5.20, % mem avail: 94.83)
366000 692.5422160625458 528.49 q/s (% mem usage: 5.20, % mem avail: 94.83)
366500 693.534905910492 528.45 q/s (% mem usage: 5.20, % mem avail: 94.83)
367000 694.3607325553894 528.54 q/s (% mem usage: 5.20, % mem avail: 94.83)
367500 695.3220727443695 528.53 q/s (% mem usage: 5.20, % mem avail: 94.84)
368000 696.1319804191589 528.64 q/s (% mem usage: 5.20, % mem avail: 94.83)
368500 697.2021055221558 528.54 q/s (% mem usage: 5.20, % mem avail: 94.83)
369000 699.166839838028 527.77 q/s (% mem usage: 5.20, % mem avail: 94.83)
369500 699.618236541748 528.15 q/s (% mem usage: 5.20, % mem avail: 94.83)
370000 700.1859354972839 528.43 q/s (% mem usage: 5.20, % mem avail: 94.83)
370500 701.0524933338165 528.49 q/s (% mem usage: 5.20, % mem avail: 94.83)
371000 702.1528930664062 528.37 q/s (% mem usage: 5.20, % mem avail: 94.83)
371500 703.0912971496582 528.38 q/s (% mem usage: 5.20, % mem avail: 94.84)
372000 704.0644133090973 528.36 q/s (% mem usage: 5.20, % mem avail: 94.84)
372500 704.796320438385 528.52 q/s (% mem usage: 5.20, % mem avail: 94.84)
373000 705.6067922115326 528.62 q/s (% mem usage: 5.20, % mem avail: 94.83)
373500 706.5756597518921 528.61 q/s (% mem usage: 5.20, % mem avail: 94.83)
374000 708.1074955463409 528.17 q/s (% mem usage: 5.20, % mem avail: 94.84)
374500 708.4689650535583 528.60 q/s (% mem usage: 5.20, % mem avail: 94.84)
375000 709.342732667923 528.66 q/s (% mem usage: 5.20, % mem avail: 94.84)
375500 710.2284450531006 528.70 q/s (% mem usage: 5.20, % mem avail: 94.84)
376000 711.2905979156494 528.62 q/s (% mem usage: 5.20, % mem avail: 94.84)
376500 711.956963300705 528.82 q/s (% mem usage: 5.20, % mem avail: 94.84)
377000 713.0135130882263 528.74 q/s (% mem usage: 5.20, % mem avail: 94.84)
377500 713.961264371872 528.74 q/s (% mem usage: 5.20, % mem avail: 94.84)
378000 715.1538128852844 528.56 q/s (% mem usage: 5.20, % mem avail: 94.84)
378500 715.7918753623962 528.78 q/s (% mem usage: 5.20, % mem avail: 94.84)
379000 716.7768270969391 528.76 q/s (% mem usage: 5.20, % mem avail: 94.84)
379500 719.7193806171417 527.29 q/s (% mem usage: 5.20, % mem avail: 94.84)
380000 720.0859386920929 527.71 q/s (% mem usage: 5.20, % mem avail: 94.84)
380500 720.1353180408478 528.37 q/s (% mem usage: 5.20, % mem avail: 94.84)
381000 721.5179543495178 528.05 q/s (% mem usage: 5.20, % mem avail: 94.84)
381500 722.8524372577667 527.77 q/s (% mem usage: 5.20, % mem avail: 94.84)
382000 723.4000959396362 528.06 q/s (% mem usage: 5.20, % mem avail: 94.84)
382500 723.7551062107086 528.49 q/s (% mem usage: 5.20, % mem avail: 94.84)
383000 724.771847486496 528.44 q/s (% mem usage: 5.20, % mem avail: 94.84)
383500 726.7723577022552 527.68 q/s (% mem usage: 5.20, % mem avail: 94.83)
384000 726.8133807182312 528.33 q/s (% mem usage: 5.20, % mem avail: 94.84)
384500 727.6056973934174 528.45 q/s (% mem usage: 5.20, % mem avail: 94.83)
385000 730.2775764465332 527.20 q/s (% mem usage: 5.20, % mem avail: 94.83)
385500 730.3176593780518 527.85 q/s (% mem usage: 5.20, % mem avail: 94.83)
386000 730.359484910965 528.51 q/s (% mem usage: 5.20, % mem avail: 94.83)
386500 731.0699026584625 528.68 q/s (% mem usage: 5.20, % mem avail: 94.83)
387000 732.0293936729431 528.67 q/s (% mem usage: 5.20, % mem avail: 94.83)
387500 733.0369756221771 528.62 q/s (% mem usage: 5.20, % mem avail: 94.83)
388000 733.994211435318 528.61 q/s (% mem usage: 5.20, % mem avail: 94.83)
388500 734.8935759067535 528.65 q/s (% mem usage: 5.20, % mem avail: 94.83)
389000 735.8735756874084 528.62 q/s (% mem usage: 5.20, % mem avail: 94.83)
389500 736.6722161769867 528.73 q/s (% mem usage: 5.20, % mem avail: 94.83)
390000 737.7196445465088 528.66 q/s (% mem usage: 5.20, % mem avail: 94.83)
390500 738.6355397701263 528.68 q/s (% mem usage: 5.20, % mem avail: 94.83)
391000 741.0525641441345 527.63 q/s (% mem usage: 5.20, % mem avail: 94.83)
391500 741.1098654270172 528.26 q/s (% mem usage: 5.20, % mem avail: 94.83)
392000 741.3561708927155 528.76 q/s (% mem usage: 5.20, % mem avail: 94.83)
392500 742.324494600296 528.74 q/s (% mem usage: 5.20, % mem avail: 94.83)
393000 743.1786448955536 528.81 q/s (% mem usage: 5.20, % mem avail: 94.83)
393500 744.1445128917694 528.80 q/s (% mem usage: 5.20, % mem avail: 94.84)
394000 744.9890601634979 528.87 q/s (% mem usage: 5.20, % mem avail: 94.84)
394500 745.9539310932159 528.85 q/s (% mem usage: 5.20, % mem avail: 94.83)
395000 746.9660544395447 528.81 q/s (% mem usage: 5.20, % mem avail: 94.83)
395500 748.7531478404999 528.21 q/s (% mem usage: 5.20, % mem avail: 94.83)
396000 748.8569502830505 528.81 q/s (% mem usage: 5.20, % mem avail: 94.83)
396500 751.2418837547302 527.79 q/s (% mem usage: 5.20, % mem avail: 94.83)
397000 751.275356054306 528.43 q/s (% mem usage: 5.20, % mem avail: 94.83)
397500 751.9610998630524 528.62 q/s (% mem usage: 5.20, % mem avail: 94.83)
398000 753.0355880260468 528.53 q/s (% mem usage: 5.20, % mem avail: 94.83)
398500 753.7663955688477 528.68 q/s (% mem usage: 5.20, % mem avail: 94.83)
399000 755.6838686466217 528.00 q/s (% mem usage: 5.20, % mem avail: 94.83)
399500 755.7298176288605 528.63 q/s (% mem usage: 5.20, % mem avail: 94.83)
400000 756.7001614570618 528.61 q/s (% mem usage: 5.20, % mem avail: 94.83)
400500 757.4386377334595 528.76 q/s (% mem usage: 5.20, % mem avail: 94.83)
401000 758.5626480579376 528.63 q/s (% mem usage: 5.20, % mem avail: 94.83)
401500 761.2492616176605 527.42 q/s (% mem usage: 5.20, % mem avail: 94.83)
402000 761.2916507720947 528.05 q/s (% mem usage: 5.20, % mem avail: 94.83)
402500 761.4866943359375 528.57 q/s (% mem usage: 5.20, % mem avail: 94.83)
403000 763.0930373668671 528.11 q/s (% mem usage: 5.20, % mem avail: 94.83)
403500 763.315105676651 528.62 q/s (% mem usage: 5.20, % mem avail: 94.83)
404000 764.3336849212646 528.56 q/s (% mem usage: 5.20, % mem avail: 94.83)
404500 765.3833847045898 528.49 q/s (% mem usage: 5.20, % mem avail: 94.83)
405000 767.0645031929016 527.99 q/s (% mem usage: 5.20, % mem avail: 94.83)
405500 767.3385887145996 528.45 q/s (% mem usage: 5.20, % mem avail: 94.83)
406000 768.2432992458344 528.48 q/s (% mem usage: 5.20, % mem avail: 94.83)
406500 769.0945925712585 528.54 q/s (% mem usage: 5.20, % mem avail: 94.83)
407000 771.2074236869812 527.74 q/s (% mem usage: 5.20, % mem avail: 94.83)
407500 771.2464280128479 528.37 q/s (% mem usage: 5.20, % mem avail: 94.83)
408000 771.9272675514221 528.55 q/s (% mem usage: 5.20, % mem avail: 94.83)
408500 772.8879308700562 528.54 q/s (% mem usage: 5.20, % mem avail: 94.83)
409000 773.872955083847 528.51 q/s (% mem usage: 5.20, % mem avail: 94.83)
409500 774.7698242664337 528.54 q/s (% mem usage: 5.20, % mem avail: 94.83)
410000 776.4423599243164 528.05 q/s (% mem usage: 5.20, % mem avail: 94.83)
410500 776.5261344909668 528.64 q/s (% mem usage: 5.20, % mem avail: 94.83)
411000 777.412745475769 528.68 q/s (% mem usage: 5.20, % mem avail: 94.83)
411500 779.4309613704681 527.95 q/s (% mem usage: 5.20, % mem avail: 94.83)
412000 779.4772639274597 528.56 q/s (% mem usage: 5.20, % mem avail: 94.83)
412500 780.2399384975433 528.68 q/s (% mem usage: 5.20, % mem avail: 94.83)
413000 781.2375018596649 528.65 q/s (% mem usage: 5.20, % mem avail: 94.83)
413500 782.5957751274109 528.37 q/s (% mem usage: 5.20, % mem avail: 94.83)
414000 783.0278043746948 528.72 q/s (% mem usage: 5.20, % mem avail: 94.83)
414500 783.914580821991 528.76 q/s (% mem usage: 5.20, % mem avail: 94.83)
415000 784.9602234363556 528.69 q/s (% mem usage: 5.20, % mem avail: 94.83)
415500 785.7950167655945 528.76 q/s (% mem usage: 5.20, % mem avail: 94.83)
416000 787.0480482578278 528.56 q/s (% mem usage: 5.20, % mem avail: 94.83)
416500 787.6093618869781 528.82 q/s (% mem usage: 5.20, % mem avail: 94.83)
417000 788.5071032047272 528.85 q/s (% mem usage: 5.20, % mem avail: 94.83)
417500 789.4868807792664 528.82 q/s (% mem usage: 5.20, % mem avail: 94.83)
418000 790.3023314476013 528.91 q/s (% mem usage: 5.20, % mem avail: 94.83)
418500 791.2901928424835 528.88 q/s (% mem usage: 5.20, % mem avail: 94.83)
419000 792.9300148487091 528.42 q/s (% mem usage: 5.20, % mem avail: 94.83)
419500 793.229638338089 528.85 q/s (% mem usage: 5.20, % mem avail: 94.83)
420000 793.996146440506 528.97 q/s (% mem usage: 5.20, % mem avail: 94.83)
420500 795.0302736759186 528.91 q/s (% mem usage: 5.20, % mem avail: 94.83)
421000 795.9139547348022 528.95 q/s (% mem usage: 5.20, % mem avail: 94.83)
421500 796.9395558834076 528.90 q/s (% mem usage: 5.20, % mem avail: 94.83)
422000 799.927971124649 527.55 q/s (% mem usage: 5.20, % mem avail: 94.83)
422500 799.9719793796539 528.14 q/s (% mem usage: 5.20, % mem avail: 94.83)
423000 800.2377479076385 528.59 q/s (% mem usage: 5.20, % mem avail: 94.83)
423500 800.6818218231201 528.92 q/s (% mem usage: 5.20, % mem avail: 94.83)
424000 801.6724927425385 528.89 q/s (% mem usage: 5.20, % mem avail: 94.83)
424500 802.5523269176483 528.94 q/s (% mem usage: 5.20, % mem avail: 94.83)
425000 803.4359200000763 528.98 q/s (% mem usage: 5.20, % mem avail: 94.83)
425500 806.2039766311646 527.78 q/s (% mem usage: 5.20, % mem avail: 94.83)
426000 806.2482166290283 528.37 q/s (% mem usage: 5.20, % mem avail: 94.83)
426500 806.2956948280334 528.96 q/s (% mem usage: 5.20, % mem avail: 94.83)
427000 807.4584395885468 528.82 q/s (% mem usage: 5.20, % mem avail: 94.83)
427500 809.7061812877655 527.97 q/s (% mem usage: 5.20, % mem avail: 94.82)
428000 809.7504608631134 528.56 q/s (% mem usage: 5.20, % mem avail: 94.82)
428500 809.995719909668 529.02 q/s (% mem usage: 5.20, % mem avail: 94.82)
429000 811.8224766254425 528.44 q/s (% mem usage: 5.20, % mem avail: 94.83)
429500 811.890896320343 529.01 q/s (% mem usage: 5.20, % mem avail: 94.83)
430000 812.9550540447235 528.93 q/s (% mem usage: 5.20, % mem avail: 94.83)
430500 813.8305191993713 528.98 q/s (% mem usage: 5.20, % mem avail: 94.83)
431000 814.8126745223999 528.96 q/s (% mem usage: 5.20, % mem avail: 94.83)
431500 815.8015270233154 528.93 q/s (% mem usage: 5.20, % mem avail: 94.83)
432000 816.8687026500702 528.85 q/s (% mem usage: 5.20, % mem avail: 94.83)
432500 817.6878490447998 528.93 q/s (% mem usage: 5.20, % mem avail: 94.83)
433000 818.6411015987396 528.93 q/s (% mem usage: 5.20, % mem avail: 94.83)
433500 819.6206333637238 528.90 q/s (% mem usage: 5.20, % mem avail: 94.83)
434000 820.642030954361 528.85 q/s (% mem usage: 5.20, % mem avail: 94.83)
434500 821.5473670959473 528.88 q/s (% mem usage: 5.20, % mem avail: 94.83)
435000 822.4868819713593 528.88 q/s (% mem usage: 5.20, % mem avail: 94.83)
435500 824.4805448055267 528.21 q/s (% mem usage: 5.20, % mem avail: 94.82)
436000 824.5223648548126 528.79 q/s (% mem usage: 5.20, % mem avail: 94.82)
436500 825.0755302906036 529.04 q/s (% mem usage: 5.20, % mem avail: 94.82)
437000 826.1169648170471 528.98 q/s (% mem usage: 5.20, % mem avail: 94.82)
437500 827.0426938533783 528.99 q/s (% mem usage: 5.20, % mem avail: 94.82)
438000 827.929527759552 529.03 q/s (% mem usage: 5.20, % mem avail: 94.82)
438500 828.8371257781982 529.05 q/s (% mem usage: 5.20, % mem avail: 94.82)
439000 829.7281651496887 529.09 q/s (% mem usage: 5.20, % mem avail: 94.82)
439500 830.7170052528381 529.06 q/s (% mem usage: 5.20, % mem avail: 94.82)
440000 831.5853185653687 529.11 q/s (% mem usage: 5.20, % mem avail: 94.82)
440500 832.4684844017029 529.15 q/s (% mem usage: 5.20, % mem avail: 94.82)
441000 834.6552877426147 528.36 q/s (% mem usage: 5.20, % mem avail: 94.82)
441500 834.7043271064758 528.93 q/s (% mem usage: 5.20, % mem avail: 94.82)
442000 835.4178488254547 529.08 q/s (% mem usage: 5.20, % mem avail: 94.82)
442500 836.4125211238861 529.05 q/s (% mem usage: 5.20, % mem avail: 94.82)
443000 837.2643880844116 529.10 q/s (% mem usage: 5.20, % mem avail: 94.82)
443500 838.0691525936127 529.19 q/s (% mem usage: 5.20, % mem avail: 94.82)
444000 839.1431398391724 529.11 q/s (% mem usage: 5.20, % mem avail: 94.82)
444500 839.9280140399933 529.21 q/s (% mem usage: 5.20, % mem avail: 94.82)
445000 840.7938985824585 529.26 q/s (% mem usage: 5.20, % mem avail: 94.82)
445500 841.7740042209625 529.24 q/s (% mem usage: 5.20, % mem avail: 94.82)
446000 842.8354442119598 529.17 q/s (% mem usage: 5.20, % mem avail: 94.82)
446500 843.8498339653015 529.12 q/s (% mem usage: 5.20, % mem avail: 94.82)
447000 844.8124017715454 529.11 q/s (% mem usage: 5.20, % mem avail: 94.82)
447500 845.6901662349701 529.15 q/s (% mem usage: 5.20, % mem avail: 94.82)
448000 847.0031020641327 528.92 q/s (% mem usage: 5.20, % mem avail: 94.82)
448500 847.6634676456451 529.10 q/s (% mem usage: 5.20, % mem avail: 94.82)
449000 848.4293191432953 529.21 q/s (% mem usage: 5.20, % mem avail: 94.82)
449500 849.4487557411194 529.17 q/s (% mem usage: 5.20, % mem avail: 94.82)
450000 850.9181361198425 528.84 q/s (% mem usage: 5.20, % mem avail: 94.82)
450500 851.2956147193909 529.19 q/s (% mem usage: 5.20, % mem avail: 94.82)
451000 854.9754312038422 527.50 q/s (% mem usage: 5.20, % mem avail: 94.81)
451500 855.0243062973022 528.06 q/s (% mem usage: 5.20, % mem avail: 94.81)
452000 855.0693712234497 528.61 q/s (% mem usage: 5.20, % mem avail: 94.81)
452500 855.112232208252 529.17 q/s (% mem usage: 5.20, % mem avail: 94.81)
453000 855.6675503253937 529.41 q/s (% mem usage: 5.20, % mem avail: 94.81)
453500 856.6198105812073 529.41 q/s (% mem usage: 5.20, % mem avail: 94.81)
454000 857.5479917526245 529.42 q/s (% mem usage: 5.20, % mem avail: 94.81)
454500 858.5879809856415 529.36 q/s (% mem usage: 5.20, % mem avail: 94.81)
455000 859.4819695949554 529.39 q/s (% mem usage: 5.20, % mem avail: 94.81)
455500 860.4538459777832 529.37 q/s (% mem usage: 5.20, % mem avail: 94.82)
456000 861.335684299469 529.41 q/s (% mem usage: 5.20, % mem avail: 94.82)
456500 862.4511933326721 529.31 q/s (% mem usage: 5.20, % mem avail: 94.82)
457000 863.3219032287598 529.35 q/s (% mem usage: 5.20, % mem avail: 94.82)
457500 864.3650984764099 529.29 q/s (% mem usage: 5.20, % mem avail: 94.82)
458000 865.3412101268768 529.27 q/s (% mem usage: 5.20, % mem avail: 94.82)
458500 866.1200110912323 529.37 q/s (% mem usage: 5.20, % mem avail: 94.82)
459000 867.072372674942 529.37 q/s (% mem usage: 5.20, % mem avail: 94.82)
459500 869.3647770881653 528.55 q/s (% mem usage: 5.20, % mem avail: 94.82)
460000 869.4125702381134 529.09 q/s (% mem usage: 5.20, % mem avail: 94.82)
460500 869.8218808174133 529.42 q/s (% mem usage: 5.20, % mem avail: 94.82)
461000 870.6622834205627 529.48 q/s (% mem usage: 5.20, % mem avail: 94.82)
461500 871.7012782096863 529.42 q/s (% mem usage: 5.20, % mem avail: 94.82)
462000 872.654753446579 529.42 q/s (% mem usage: 5.20, % mem avail: 94.82)
462500 873.7988910675049 529.30 q/s (% mem usage: 5.20, % mem avail: 94.82)
463000 874.4076471328735 529.50 q/s (% mem usage: 5.20, % mem avail: 94.82)
463500 875.4924113750458 529.42 q/s (% mem usage: 5.20, % mem avail: 94.82)
464000 876.426735162735 529.42 q/s (% mem usage: 5.20, % mem avail: 94.82)
464500 877.40780377388 529.40 q/s (% mem usage: 5.20, % mem avail: 94.82)
465000 878.3568120002747 529.40 q/s (% mem usage: 5.20, % mem avail: 94.82)
465500 879.3071296215057 529.39 q/s (% mem usage: 5.20, % mem avail: 94.81)
466000 880.3420133590698 529.34 q/s (% mem usage: 5.20, % mem avail: 94.82)
466500 881.2071964740753 529.39 q/s (% mem usage: 5.20, % mem avail: 94.81)
467000 882.2036275863647 529.36 q/s (% mem usage: 5.20, % mem avail: 94.82)
467500 883.0717215538025 529.40 q/s (% mem usage: 5.20, % mem avail: 94.81)
468000 884.0606381893158 529.38 q/s (% mem usage: 5.20, % mem avail: 94.81)
468500 884.8284258842468 529.48 q/s (% mem usage: 5.20, % mem avail: 94.82)
469000 886.043399810791 529.32 q/s (% mem usage: 5.20, % mem avail: 94.81)
469500 886.7705886363983 529.45 q/s (% mem usage: 5.20, % mem avail: 94.81)
470000 887.5310735702515 529.56 q/s (% mem usage: 5.20, % mem avail: 94.81)
470500 888.5012547969818 529.54 q/s (% mem usage: 5.20, % mem avail: 94.81)
471000 889.4228618144989 529.56 q/s (% mem usage: 5.20, % mem avail: 94.81)
471500 890.4355103969574 529.52 q/s (% mem usage: 5.20, % mem avail: 94.81)
472000 891.288688659668 529.57 q/s (% mem usage: 5.20, % mem avail: 94.81)
472500 892.3234231472015 529.52 q/s (% mem usage: 5.20, % mem avail: 94.81)
473000 895.0646958351135 528.45 q/s (% mem usage: 5.20, % mem avail: 94.81)
473500 895.1094269752502 528.99 q/s (% mem usage: 5.20, % mem avail: 94.81)
474000 895.1835041046143 529.50 q/s (% mem usage: 5.20, % mem avail: 94.81)
474500 895.9380848407745 529.61 q/s (% mem usage: 5.20, % mem avail: 94.81)
475000 896.8511219024658 529.63 q/s (% mem usage: 5.20, % mem avail: 94.81)
475500 898.0008401870728 529.51 q/s (% mem usage: 5.20, % mem avail: 94.81)
476000 898.6749320030212 529.67 q/s (% mem usage: 5.20, % mem avail: 94.81)
476500 899.5653467178345 529.70 q/s (% mem usage: 5.20, % mem avail: 94.81)
477000 900.9703295230865 529.43 q/s (% mem usage: 5.20, % mem avail: 94.81)
477500 902.017694234848 529.37 q/s (% mem usage: 5.20, % mem avail: 94.81)
478000 902.3452951908112 529.73 q/s (% mem usage: 5.20, % mem avail: 94.81)
478500 903.2029147148132 529.78 q/s (% mem usage: 5.20, % mem avail: 94.81)
479000 904.1861958503723 529.76 q/s (% mem usage: 5.20, % mem avail: 94.81)
479500 905.1397616863251 529.75 q/s (% mem usage: 5.20, % mem avail: 94.81)
480000 906.2271716594696 529.67 q/s (% mem usage: 5.20, % mem avail: 94.81)
480500 906.995002746582 529.77 q/s (% mem usage: 5.20, % mem avail: 94.81)
481000 908.1637783050537 529.64 q/s (% mem usage: 5.20, % mem avail: 94.81)
481500 909.0409157276154 529.68 q/s (% mem usage: 5.20, % mem avail: 94.81)
482000 909.9219589233398 529.72 q/s (% mem usage: 5.20, % mem avail: 94.81)
482500 911.0249347686768 529.62 q/s (% mem usage: 5.20, % mem avail: 94.81)
483000 911.8869075775146 529.67 q/s (% mem usage: 5.20, % mem avail: 94.81)
483500 912.7249011993408 529.73 q/s (% mem usage: 5.20, % mem avail: 94.81)
484000 915.6581268310547 528.58 q/s (% mem usage: 5.20, % mem avail: 94.81)
484500 916.0066542625427 528.93 q/s (% mem usage: 5.20, % mem avail: 94.81)
485000 916.0547409057617 529.44 q/s (% mem usage: 5.20, % mem avail: 94.81)
485500 916.7322659492493 529.60 q/s (% mem usage: 5.20, % mem avail: 94.81)
486000 917.6683053970337 529.60 q/s (% mem usage: 5.20, % mem avail: 94.81)
486500 918.5429995059967 529.64 q/s (% mem usage: 5.20, % mem avail: 94.81)
487000 919.4232993125916 529.68 q/s (% mem usage: 5.20, % mem avail: 94.81)
487500 920.4462530612946 529.63 q/s (% mem usage: 5.20, % mem avail: 94.81)
488000 921.3755867481232 529.64 q/s (% mem usage: 5.20, % mem avail: 94.81)
488500 922.2313392162323 529.69 q/s (% mem usage: 5.20, % mem avail: 94.81)
489000 923.534702539444 529.49 q/s (% mem usage: 5.20, % mem avail: 94.83)
489500 924.1659934520721 529.67 q/s (% mem usage: 5.20, % mem avail: 94.83)
490000 925.2498898506165 529.59 q/s (% mem usage: 5.20, % mem avail: 94.82)
490500 926.1594502925873 529.61 q/s (% mem usage: 5.20, % mem avail: 94.82)
491000 927.0847759246826 529.62 q/s (% mem usage: 5.20, % mem avail: 94.82)
491500 928.0673377513885 529.60 q/s (% mem usage: 5.20, % mem avail: 94.82)
492000 929.0428082942963 529.58 q/s (% mem usage: 5.20, % mem avail: 94.83)
492500 930.0865342617035 529.52 q/s (% mem usage: 5.20, % mem avail: 94.82)
493000 931.0203313827515 529.53 q/s (% mem usage: 5.20, % mem avail: 94.83)
493500 931.8096699714661 529.61 q/s (% mem usage: 5.20, % mem avail: 94.82)
494000 932.7548701763153 529.61 q/s (% mem usage: 5.20, % mem avail: 94.82)
494500 933.7305941581726 529.60 q/s (% mem usage: 5.20, % mem avail: 94.82)
495000 934.672173500061 529.60 q/s (% mem usage: 5.20, % mem avail: 94.82)
495500 937.3334319591522 528.63 q/s (% mem usage: 5.20, % mem avail: 94.82)
496000 937.3919596672058 529.13 q/s (% mem usage: 5.20, % mem avail: 94.82)
496500 937.5844860076904 529.55 q/s (% mem usage: 5.20, % mem avail: 94.82)
497000 938.4907691478729 529.57 q/s (% mem usage: 5.20, % mem avail: 94.82)
497500 939.4022643566132 529.59 q/s (% mem usage: 5.20, % mem avail: 94.82)
498000 940.6512422561646 529.42 q/s (% mem usage: 5.20, % mem avail: 94.82)
498500 941.4245772361755 529.52 q/s (% mem usage: 5.20, % mem avail: 94.82)
499000 942.8257031440735 529.26 q/s (% mem usage: 5.20, % mem avail: 94.82)
499500 944.4284510612488 528.89 q/s (% mem usage: 5.20, % mem avail: 94.82)
500000 944.800873041153 529.21 q/s (% mem usage: 5.20, % mem avail: 94.82)
500500 945.3618953227997 529.43 q/s (% mem usage: 5.20, % mem avail: 94.82)
501000 946.3562786579132 529.40 q/s (% mem usage: 5.20, % mem avail: 94.82)
501500 947.4216148853302 529.33 q/s (% mem usage: 5.20, % mem avail: 94.82)
502000 948.3095247745514 529.36 q/s (% mem usage: 5.20, % mem avail: 94.82)
502500 950.8449215888977 528.48 q/s (% mem usage: 5.20, % mem avail: 94.82)
503000 950.8905901908875 528.98 q/s (% mem usage: 5.20, % mem avail: 94.82)
503500 951.1343789100647 529.37 q/s (% mem usage: 5.20, % mem avail: 94.82)
504000 952.1411669254303 529.33 q/s (% mem usage: 5.20, % mem avail: 94.82)
504500 954.6240782737732 528.48 q/s (% mem usage: 5.20, % mem avail: 94.82)
505000 954.6714136600494 528.98 q/s (% mem usage: 5.20, % mem avail: 94.82)
505500 954.9128625392914 529.37 q/s (% mem usage: 5.20, % mem avail: 94.82)
506000 957.1782782077789 528.64 q/s (% mem usage: 5.20, % mem avail: 94.82)
506500 957.2193882465363 529.14 q/s (% mem usage: 5.20, % mem avail: 94.82)
507000 958.0253319740295 529.21 q/s (% mem usage: 5.20, % mem avail: 94.82)
507500 959.0919079780579 529.15 q/s (% mem usage: 5.20, % mem avail: 94.82)
508000 959.8559923171997 529.25 q/s (% mem usage: 5.20, % mem avail: 94.82)
508500 960.6987476348877 529.30 q/s (% mem usage: 5.20, % mem avail: 94.82)
509000 961.6014246940613 529.33 q/s (% mem usage: 5.20, % mem avail: 94.82)
509500 963.6633861064911 528.71 q/s (% mem usage: 5.20, % mem avail: 94.82)
510000 963.7118587493896 529.20 q/s (% mem usage: 5.20, % mem avail: 94.82)
510500 964.4925549030304 529.29 q/s (% mem usage: 5.20, % mem avail: 94.82)
511000 965.442577123642 529.29 q/s (% mem usage: 5.20, % mem avail: 94.82)
511500 966.3391540050507 529.32 q/s (% mem usage: 5.20, % mem avail: 94.82)
512000 967.3608899116516 529.28 q/s (% mem usage: 5.20, % mem avail: 94.82)
512500 968.4272956848145 529.21 q/s (% mem usage: 5.20, % mem avail: 94.82)
513000 969.1960270404816 529.30 q/s (% mem usage: 5.20, % mem avail: 94.82)
513500 970.1563060283661 529.30 q/s (% mem usage: 5.20, % mem avail: 94.81)
514000 971.0383632183075 529.33 q/s (% mem usage: 5.20, % mem avail: 94.82)
514500 972.542090177536 529.03 q/s (% mem usage: 5.20, % mem avail: 94.81)
515000 972.848813533783 529.37 q/s (% mem usage: 5.20, % mem avail: 94.81)
515500 973.8314778804779 529.35 q/s (% mem usage: 5.20, % mem avail: 94.81)
516000 974.7405145168304 529.37 q/s (% mem usage: 5.20, % mem avail: 94.82)
516500 975.6865572929382 529.37 q/s (% mem usage: 5.20, % mem avail: 94.82)
517000 978.02095246315 528.62 q/s (% mem usage: 5.20, % mem avail: 94.82)
517500 978.0740878582001 529.10 q/s (% mem usage: 5.20, % mem avail: 94.82)
518000 978.7234878540039 529.26 q/s (% mem usage: 5.20, % mem avail: 94.81)
518500 980.0060155391693 529.08 q/s (% mem usage: 5.20, % mem avail: 94.81)
519000 980.8078849315643 529.16 q/s (% mem usage: 5.20, % mem avail: 94.81)
519500 983.4207274913788 528.26 q/s (% mem usage: 5.20, % mem avail: 94.81)
520000 983.4658288955688 528.74 q/s (% mem usage: 5.20, % mem avail: 94.81)
520500 983.5087928771973 529.23 q/s (% mem usage: 5.20, % mem avail: 94.81)
521000 985.7893874645233 528.51 q/s (% mem usage: 5.20, % mem avail: 94.81)
521500 985.8445291519165 528.99 q/s (% mem usage: 5.20, % mem avail: 94.81)
522000 986.282363653183 529.26 q/s (% mem usage: 5.20, % mem avail: 94.81)
522500 987.8986275196075 528.90 q/s (% mem usage: 5.20, % mem avail: 94.81)
523000 988.4400148391724 529.12 q/s (% mem usage: 5.20, % mem avail: 94.81)
523500 989.0986633300781 529.27 q/s (% mem usage: 5.20, % mem avail: 94.81)
524000 990.0539429187775 529.26 q/s (% mem usage: 5.20, % mem avail: 94.81)
524500 990.9340643882751 529.30 q/s (% mem usage: 5.20, % mem avail: 94.81)
525000 991.9138610363007 529.28 q/s (% mem usage: 5.20, % mem avail: 94.81)
525500 992.7689850330353 529.33 q/s (% mem usage: 5.20, % mem avail: 94.81)
526000 993.6920213699341 529.34 q/s (% mem usage: 5.20, % mem avail: 94.81)
526500 994.6661055088043 529.32 q/s (% mem usage: 5.20, % mem avail: 94.81)
527000 995.6112093925476 529.32 q/s (% mem usage: 5.20, % mem avail: 94.81)
527500 996.4912843704224 529.36 q/s (% mem usage: 5.20, % mem avail: 94.81)
528000 997.4380226135254 529.36 q/s (% mem usage: 5.20, % mem avail: 94.81)
528500 998.3740274906158 529.36 q/s (% mem usage: 5.20, % mem avail: 94.81)
529000 999.5241708755493 529.25 q/s (% mem usage: 5.20, % mem avail: 94.81)
529500 1000.3537917137146 529.31 q/s (% mem usage: 5.20, % mem avail: 94.81)
530000 1001.2934153079987 529.32 q/s (% mem usage: 5.20, % mem avail: 94.81)
530500 1002.1714940071106 529.35 q/s (% mem usage: 5.20, % mem avail: 94.81)
531000 1003.140035867691 529.34 q/s (% mem usage: 5.20, % mem avail: 94.81)
531500 1004.7010328769684 529.01 q/s (% mem usage: 5.20, % mem avail: 94.81)
532000 1005.0334770679474 529.34 q/s (% mem usage: 5.20, % mem avail: 94.81)
532500 1005.93252825737 529.36 q/s (% mem usage: 5.20, % mem avail: 94.81)
533000 1006.8839507102966 529.36 q/s (% mem usage: 5.20, % mem avail: 94.81)
533500 1007.9069459438324 529.31 q/s (% mem usage: 5.20, % mem avail: 94.81)
534000 1008.9074754714966 529.29 q/s (% mem usage: 5.20, % mem avail: 94.81)
534500 1009.7955296039581 529.32 q/s (% mem usage: 5.20, % mem avail: 94.81)
535000 1012.3997581005096 528.45 q/s (% mem usage: 5.20, % mem avail: 94.81)
535500 1012.4454419612885 528.92 q/s (% mem usage: 5.20, % mem avail: 94.81)
536000 1012.566572189331 529.35 q/s (% mem usage: 5.20, % mem avail: 94.81)
536500 1013.9798674583435 529.10 q/s (% mem usage: 5.20, % mem avail: 94.81)
537000 1014.5121927261353 529.32 q/s (% mem usage: 5.20, % mem avail: 94.81)
537500 1015.750634431839 529.17 q/s (% mem usage: 5.20, % mem avail: 94.81)
538000 1016.4371573925018 529.30 q/s (% mem usage: 5.20, % mem avail: 94.81)
538500 1017.4217085838318 529.28 q/s (% mem usage: 5.20, % mem avail: 94.81)
539000 1019.3457446098328 528.77 q/s (% mem usage: 5.20, % mem avail: 94.81)
539500 1019.3924579620361 529.24 q/s (% mem usage: 5.20, % mem avail: 94.81)
540000 1022.2879283428192 528.23 q/s (% mem usage: 5.20, % mem avail: 94.81)
540500 1022.3219172954559 528.70 q/s (% mem usage: 5.20, % mem avail: 94.81)
541000 1022.3643682003021 529.17 q/s (% mem usage: 5.20, % mem avail: 94.81)
541500 1023.0961468219757 529.28 q/s (% mem usage: 5.20, % mem avail: 94.81)
542000 1024.0683870315552 529.26 q/s (% mem usage: 5.20, % mem avail: 94.81)
542500 1024.9875557422638 529.27 q/s (% mem usage: 5.20, % mem avail: 94.81)
543000 1025.936384677887 529.27 q/s (% mem usage: 5.20, % mem avail: 94.81)
543500 1026.7997415065765 529.31 q/s (% mem usage: 5.20, % mem avail: 94.81)
544000 1028.8402545452118 528.75 q/s (% mem usage: 5.20, % mem avail: 94.81)
544500 1028.8823602199554 529.22 q/s (% mem usage: 5.20, % mem avail: 94.81)
545000 1029.5401992797852 529.36 q/s (% mem usage: 5.20, % mem avail: 94.81)
545500 1030.444018125534 529.38 q/s (% mem usage: 5.20, % mem avail: 94.81)
546000 1031.3262820243835 529.42 q/s (% mem usage: 5.20, % mem avail: 94.81)
546500 1032.452930688858 529.32 q/s (% mem usage: 5.20, % mem avail: 94.82)
547000 1034.42453956604 528.80 q/s (% mem usage: 5.20, % mem avail: 94.82)
547500 1034.4653153419495 529.26 q/s (% mem usage: 5.20, % mem avail: 94.82)
548000 1035.3312499523163 529.30 q/s (% mem usage: 5.20, % mem avail: 94.82)
548500 1036.162401676178 529.36 q/s (% mem usage: 5.20, % mem avail: 94.81)
549000 1036.9881417751312 529.42 q/s (% mem usage: 5.20, % mem avail: 94.82)
549500 1038.6837961673737 529.03 q/s (% mem usage: 5.20, % mem avail: 94.81)
550000 1039.060551404953 529.32 q/s (% mem usage: 5.20, % mem avail: 94.81)
550500 1039.877948999405 529.39 q/s (% mem usage: 5.20, % mem avail: 94.81)
551000 1040.877677679062 529.36 q/s (% mem usage: 5.20, % mem avail: 94.81)
551500 1041.8112688064575 529.37 q/s (% mem usage: 5.20, % mem avail: 94.81)
552000 1042.853754043579 529.32 q/s (% mem usage: 5.20, % mem avail: 94.81)
552500 1043.6451432704926 529.39 q/s (% mem usage: 5.20, % mem avail: 94.81)
553000 1044.479824066162 529.45 q/s (% mem usage: 5.20, % mem avail: 94.81)
553500 1045.8062846660614 529.26 q/s (% mem usage: 5.20, % mem avail: 94.81)
554000 1047.1379544734955 529.06 q/s (% mem usage: 5.20, % mem avail: 94.81)
554500 1047.3984920978546 529.41 q/s (% mem usage: 5.20, % mem avail: 94.81)
555000 1048.2061460018158 529.48 q/s (% mem usage: 5.20, % mem avail: 94.81)
555500 1049.2207198143005 529.44 q/s (% mem usage: 5.20, % mem avail: 94.81)
556000 1050.2134976387024 529.42 q/s (% mem usage: 5.20, % mem avail: 94.81)
556500 1051.0998425483704 529.45 q/s (% mem usage: 5.20, % mem avail: 94.81)
557000 1052.0789377689362 529.43 q/s (% mem usage: 5.20, % mem avail: 94.81)
557500 1053.7549901008606 529.06 q/s (% mem usage: 5.20, % mem avail: 94.83)
558000 1053.7996435165405 529.51 q/s (% mem usage: 5.20, % mem avail: 94.83)
558500 1054.6838397979736 529.54 q/s (% mem usage: 5.20, % mem avail: 94.83)
559000 1057.1423754692078 528.78 q/s (% mem usage: 5.20, % mem avail: 94.82)
559500 1057.8508696556091 528.90 q/s (% mem usage: 5.20, % mem avail: 94.82)
560000 1057.8929235935211 529.35 q/s (% mem usage: 5.20, % mem avail: 94.82)
560500 1058.630835056305 529.46 q/s (% mem usage: 5.20, % mem avail: 94.83)
561000 1059.580454826355 529.45 q/s (% mem usage: 5.20, % mem avail: 94.83)
561500 1060.7332999706268 529.35 q/s (% mem usage: 5.20, % mem avail: 94.83)
562000 1061.4711382389069 529.45 q/s (% mem usage: 5.20, % mem avail: 94.83)
562500 1063.1501243114471 529.09 q/s (% mem usage: 5.20, % mem avail: 94.83)
563000 1063.5324218273163 529.37 q/s (% mem usage: 5.20, % mem avail: 94.83)
563500 1066.2200648784637 528.50 q/s (% mem usage: 5.20, % mem avail: 94.82)
564000 1066.2661266326904 528.95 q/s (% mem usage: 5.20, % mem avail: 94.82)
564500 1067.6987388134003 528.71 q/s (% mem usage: 5.20, % mem avail: 94.82)
565000 1067.7503635883331 529.15 q/s (% mem usage: 5.20, % mem avail: 94.82)
565500 1068.3082563877106 529.34 q/s (% mem usage: 5.20, % mem avail: 94.82)
566000 1069.2884562015533 529.32 q/s (% mem usage: 5.20, % mem avail: 94.82)
566500 1070.9453356266022 528.97 q/s (% mem usage: 5.20, % mem avail: 94.82)
567000 1071.0386936664581 529.39 q/s (% mem usage: 5.20, % mem avail: 94.82)
567500 1071.9797539710999 529.39 q/s (% mem usage: 5.20, % mem avail: 94.82)
568000 1073.2560749053955 529.23 q/s (% mem usage: 5.20, % mem avail: 94.82)
568500 1073.5399084091187 529.56 q/s (% mem usage: 5.20, % mem avail: 94.82)
569000 1074.495773077011 529.55 q/s (% mem usage: 5.20, % mem avail: 94.82)
569500 1076.6412773132324 528.96 q/s (% mem usage: 5.20, % mem avail: 94.82)
570000 1076.6923999786377 529.40 q/s (% mem usage: 5.20, % mem avail: 94.82)
570500 1077.400441646576 529.52 q/s (% mem usage: 5.20, % mem avail: 94.82)
571000 1078.991453409195 529.20 q/s (% mem usage: 5.20, % mem avail: 94.82)
571500 1079.3748543262482 529.47 q/s (% mem usage: 5.20, % mem avail: 94.82)
572000 1080.217603445053 529.52 q/s (% mem usage: 5.20, % mem avail: 94.82)
572500 1081.2262217998505 529.49 q/s (% mem usage: 5.20, % mem avail: 94.82)
573000 1082.090746164322 529.53 q/s (% mem usage: 5.20, % mem avail: 94.82)
573500 1082.9651265144348 529.56 q/s (% mem usage: 5.20, % mem avail: 94.82)
574000 1083.9584636688232 529.54 q/s (% mem usage: 5.20, % mem avail: 94.82)
574500 1084.8873250484467 529.55 q/s (% mem usage: 5.20, % mem avail: 94.82)
575000 1085.780344247818 529.57 q/s (% mem usage: 5.20, % mem avail: 94.82)
575500 1086.8596925735474 529.51 q/s (% mem usage: 5.20, % mem avail: 94.82)
576000 1087.733606338501 529.54 q/s (% mem usage: 5.20, % mem avail: 94.82)
576500 1088.6517338752747 529.55 q/s (% mem usage: 5.20, % mem avail: 94.82)
577000 1089.8323397636414 529.44 q/s (% mem usage: 5.20, % mem avail: 94.82)
577500 1090.545973777771 529.55 q/s (% mem usage: 5.20, % mem avail: 94.82)
578000 1091.5423953533173 529.53 q/s (% mem usage: 5.20, % mem avail: 94.82)
578500 1092.7032396793365 529.42 q/s (% mem usage: 5.20, % mem avail: 94.82)
579000 1093.456717967987 529.51 q/s (% mem usage: 5.20, % mem avail: 94.82)
579500 1094.6875965595245 529.37 q/s (% mem usage: 5.20, % mem avail: 94.82)
580000 1095.0811870098114 529.64 q/s (% mem usage: 5.20, % mem avail: 94.82)
580500 1096.0469071865082 529.63 q/s (% mem usage: 5.20, % mem avail: 94.82)
581000 1097.352133512497 529.46 q/s (% mem usage: 5.20, % mem avail: 94.81)
581500 1097.9039726257324 529.65 q/s (% mem usage: 5.20, % mem avail: 94.81)
582000 1098.7702713012695 529.68 q/s (% mem usage: 5.20, % mem avail: 94.81)
582500 1099.7878425121307 529.65 q/s (% mem usage: 5.20, % mem avail: 94.81)
583000 1101.6482944488525 529.21 q/s (% mem usage: 5.20, % mem avail: 94.81)
583500 1101.692721605301 529.64 q/s (% mem usage: 5.20, % mem avail: 94.81)
584000 1102.368690252304 529.77 q/s (% mem usage: 5.20, % mem avail: 94.81)
584500 1103.787053823471 529.54 q/s (% mem usage: 5.20, % mem avail: 94.81)
585000 1104.344603061676 529.73 q/s (% mem usage: 5.20, % mem avail: 94.81)
585500 1105.2087879180908 529.76 q/s (% mem usage: 5.20, % mem avail: 94.81)
586000 1107.6932072639465 529.03 q/s (% mem usage: 5.20, % mem avail: 94.81)
586500 1107.7451598644257 529.45 q/s (% mem usage: 5.20, % mem avail: 94.81)
587000 1107.9683721065521 529.80 q/s (% mem usage: 5.20, % mem avail: 94.81)
587500 1108.9122018814087 529.80 q/s (% mem usage: 5.20, % mem avail: 94.81)
588000 1109.8939423561096 529.78 q/s (% mem usage: 5.20, % mem avail: 94.81)
588500 1111.0092339515686 529.70 q/s (% mem usage: 5.20, % mem avail: 94.81)
589000 1112.1772627830505 529.59 q/s (% mem usage: 5.20, % mem avail: 94.81)
589500 1112.751279592514 529.77 q/s (% mem usage: 5.20, % mem avail: 94.81)
590000 1114.7798266410828 529.25 q/s (% mem usage: 5.20, % mem avail: 94.81)
590500 1114.8261005878448 529.68 q/s (% mem usage: 5.20, % mem avail: 94.81)
591000 1115.4259955883026 529.84 q/s (% mem usage: 5.20, % mem avail: 94.81)
591500 1117.6289160251617 529.25 q/s (% mem usage: 5.20, % mem avail: 94.81)
592000 1117.6746385097504 529.67 q/s (% mem usage: 5.20, % mem avail: 94.81)
592500 1118.2904105186462 529.83 q/s (% mem usage: 5.20, % mem avail: 94.81)
593000 1119.298252105713 529.80 q/s (% mem usage: 5.20, % mem avail: 94.81)
593500 1120.2049882411957 529.81 q/s (% mem usage: 5.20, % mem avail: 94.81)
594000 1121.0756900310516 529.85 q/s (% mem usage: 5.20, % mem avail: 94.81)
594500 1121.980129480362 529.87 q/s (% mem usage: 5.20, % mem avail: 94.81)
595000 1122.8957645893097 529.88 q/s (% mem usage: 5.20, % mem avail: 94.81)
595500 1123.7243251800537 529.93 q/s (% mem usage: 5.20, % mem avail: 94.81)
596000 1124.9126360416412 529.82 q/s (% mem usage: 5.20, % mem avail: 94.81)
596500 1125.7664980888367 529.86 q/s (% mem usage: 5.20, % mem avail: 94.81)
597000 1127.0267295837402 529.71 q/s (% mem usage: 5.20, % mem avail: 94.81)
597500 1127.5476195812225 529.91 q/s (% mem usage: 5.20, % mem avail: 94.81)
598000 1128.494205713272 529.91 q/s (% mem usage: 5.20, % mem avail: 94.81)
598500 1129.5027923583984 529.88 q/s (% mem usage: 5.20, % mem avail: 94.82)
599000 1130.3786344528198 529.91 q/s (% mem usage: 5.20, % mem avail: 94.82)
599500 1131.4236788749695 529.86 q/s (% mem usage: 5.20, % mem avail: 94.82)
600000 1132.3506164550781 529.87 q/s (% mem usage: 5.20, % mem avail: 94.82)
600500 1133.5082256793976 529.77 q/s (% mem usage: 5.20, % mem avail: 94.82)
601000 1134.0609695911407 529.95 q/s (% mem usage: 5.20, % mem avail: 94.82)
601500 1135.092574596405 529.91 q/s (% mem usage: 5.20, % mem avail: 94.82)
602000 1136.7512032985687 529.58 q/s (% mem usage: 5.20, % mem avail: 94.82)
602500 1137.2602307796478 529.78 q/s (% mem usage: 5.20, % mem avail: 94.82)
603000 1138.0641267299652 529.85 q/s (% mem usage: 5.20, % mem avail: 94.82)
603500 1138.8817193508148 529.91 q/s (% mem usage: 5.20, % mem avail: 94.82)
604000 1139.9369404315948 529.85 q/s (% mem usage: 5.20, % mem avail: 94.82)
604500 1140.9211485385895 529.84 q/s (% mem usage: 5.20, % mem avail: 94.82)
605000 1142.4713160991669 529.55 q/s (% mem usage: 5.20, % mem avail: 94.82)
605500 1142.8182172775269 529.83 q/s (% mem usage: 5.20, % mem avail: 94.82)
606000 1143.820164680481 529.80 q/s (% mem usage: 5.20, % mem avail: 94.82)
606500 1144.7199485301971 529.82 q/s (% mem usage: 5.20, % mem avail: 94.82)
607000 1146.134545326233 529.61 q/s (% mem usage: 5.20, % mem avail: 94.82)
607500 1146.726892709732 529.77 q/s (% mem usage: 5.20, % mem avail: 94.82)
608000 1147.5069715976715 529.84 q/s (% mem usage: 5.20, % mem avail: 94.82)
608500 1148.4867885112762 529.83 q/s (% mem usage: 5.20, % mem avail: 94.82)
609000 1149.530262708664 529.78 q/s (% mem usage: 5.20, % mem avail: 94.82)
609500 1150.464562177658 529.79 q/s (% mem usage: 5.20, % mem avail: 94.82)
610000 1151.3425996303558 529.82 q/s (% mem usage: 5.20, % mem avail: 94.82)
610500 1152.3258244991302 529.80 q/s (% mem usage: 5.20, % mem avail: 94.82)
611000 1153.3793120384216 529.75 q/s (% mem usage: 5.20, % mem avail: 94.82)
611500 1154.505461215973 529.66 q/s (% mem usage: 5.20, % mem avail: 94.82)
612000 1155.4833340644836 529.65 q/s (% mem usage: 5.20, % mem avail: 94.82)
612500 1156.4813318252563 529.62 q/s (% mem usage: 5.20, % mem avail: 94.82)
613000 1157.364737033844 529.65 q/s (% mem usage: 5.20, % mem avail: 94.82)
613500 1158.2455072402954 529.68 q/s (% mem usage: 5.20, % mem avail: 94.82)
614000 1159.1481018066406 529.70 q/s (% mem usage: 5.20, % mem avail: 94.82)
614500 1160.1307458877563 529.68 q/s (% mem usage: 5.20, % mem avail: 94.82)
615000 1161.0638015270233 529.69 q/s (% mem usage: 5.20, % mem avail: 94.82)
615500 1162.044513463974 529.67 q/s (% mem usage: 5.20, % mem avail: 94.82)
616000 1163.0703694820404 529.63 q/s (% mem usage: 5.20, % mem avail: 94.82)
616500 1163.9169120788574 529.68 q/s (% mem usage: 5.20, % mem avail: 94.82)
617000 1164.8916137218475 529.66 q/s (% mem usage: 5.20, % mem avail: 94.82)
617500 1165.8493494987488 529.66 q/s (% mem usage: 5.20, % mem avail: 94.82)
618000 1166.8326041698456 529.64 q/s (% mem usage: 5.20, % mem avail: 94.82)
618500 1168.1554613113403 529.47 q/s (% mem usage: 5.20, % mem avail: 94.82)
619000 1168.5613367557526 529.71 q/s (% mem usage: 5.20, % mem avail: 94.82)
619500 1170.0148646831512 529.48 q/s (% mem usage: 5.20, % mem avail: 94.82)
620000 1171.5686478614807 529.21 q/s (% mem usage: 5.20, % mem avail: 94.82)
620500 1171.6121048927307 529.61 q/s (% mem usage: 5.20, % mem avail: 94.82)
621000 1172.2087948322296 529.77 q/s (% mem usage: 5.20, % mem avail: 94.82)
621500 1173.206144809723 529.74 q/s (% mem usage: 5.20, % mem avail: 94.82)
622000 1174.0661470890045 529.78 q/s (% mem usage: 5.20, % mem avail: 94.82)
622500 1175.0898883342743 529.75 q/s (% mem usage: 5.20, % mem avail: 94.82)
623000 1175.9857623577118 529.77 q/s (% mem usage: 5.20, % mem avail: 94.82)
623500 1176.8876149654388 529.79 q/s (% mem usage: 5.20, % mem avail: 94.82)
624000 1177.8292832374573 529.79 q/s (% mem usage: 5.20, % mem avail: 94.82)
624500 1178.66685962677 529.84 q/s (% mem usage: 5.20, % mem avail: 94.82)
625000 1179.623648405075 529.83 q/s (% mem usage: 5.20, % mem avail: 94.82)
625500 1180.5580871105194 529.83 q/s (% mem usage: 5.20, % mem avail: 94.82)
626000 1181.5421040058136 529.82 q/s (% mem usage: 5.20, % mem avail: 94.82)
626500 1182.3769063949585 529.86 q/s (% mem usage: 5.20, % mem avail: 94.82)
627000 1183.2632811069489 529.89 q/s (% mem usage: 5.20, % mem avail: 94.82)
627500 1184.6484599113464 529.69 q/s (% mem usage: 5.20, % mem avail: 94.82)
628000 1185.216386795044 529.86 q/s (% mem usage: 5.20, % mem avail: 94.82)
628500 1186.055438041687 529.91 q/s (% mem usage: 5.20, % mem avail: 94.82)
629000 1186.977784872055 529.92 q/s (% mem usage: 5.20, % mem avail: 94.82)
629500 1187.8372349739075 529.95 q/s (% mem usage: 5.20, % mem avail: 94.82)
630000 1188.927162885666 529.89 q/s (% mem usage: 5.20, % mem avail: 94.82)
630500 1190.454529285431 529.63 q/s (% mem usage: 5.20, % mem avail: 94.82)
631000 1190.732497215271 529.93 q/s (% mem usage: 5.20, % mem avail: 94.82)
631500 1191.5976691246033 529.96 q/s (% mem usage: 5.20, % mem avail: 94.82)
632000 1192.7290272712708 529.88 q/s (% mem usage: 5.20, % mem avail: 94.82)
632500 1193.7293457984924 529.85 q/s (% mem usage: 5.20, % mem avail: 94.82)
633000 1194.8323707580566 529.78 q/s (% mem usage: 5.20, % mem avail: 94.82)
633500 1195.6058480739594 529.86 q/s (% mem usage: 5.20, % mem avail: 94.82)
634000 1196.6452074050903 529.81 q/s (% mem usage: 5.20, % mem avail: 94.82)
634500 1197.4905014038086 529.86 q/s (% mem usage: 5.20, % mem avail: 94.82)
635000 1198.436095237732 529.86 q/s (% mem usage: 5.20, % mem avail: 94.82)
635500 1199.3998794555664 529.85 q/s (% mem usage: 5.20, % mem avail: 94.82)
636000 1201.338868379593 529.41 q/s (% mem usage: 5.20, % mem avail: 94.82)
636500 1201.3842318058014 529.81 q/s (% mem usage: 5.20, % mem avail: 94.82)
637000 1203.2971668243408 529.38 q/s (% mem usage: 5.20, % mem avail: 94.82)
637500 1204.0012197494507 529.48 q/s (% mem usage: 5.20, % mem avail: 94.82)
638000 1204.0480797290802 529.88 q/s (% mem usage: 5.20, % mem avail: 94.82)
638500 1205.9097485542297 529.48 q/s (% mem usage: 5.20, % mem avail: 94.82)
639000 1205.9565615653992 529.87 q/s (% mem usage: 5.20, % mem avail: 94.82)
639500 1206.732540845871 529.94 q/s (% mem usage: 5.20, % mem avail: 94.81)
640000 1207.653424024582 529.95 q/s (% mem usage: 5.20, % mem avail: 94.81)
640500 1208.4979467391968 530.00 q/s (% mem usage: 5.20, % mem avail: 94.82)
641000 1209.4102363586426 530.01 q/s (% mem usage: 5.20, % mem avail: 94.82)
641500 1210.3488268852234 530.01 q/s (% mem usage: 5.20, % mem avail: 94.82)
642000 1211.2771904468536 530.02 q/s (% mem usage: 5.20, % mem avail: 94.82)
642500 1212.1180725097656 530.06 q/s (% mem usage: 5.20, % mem avail: 94.82)
643000 1213.0794434547424 530.06 q/s (% mem usage: 5.20, % mem avail: 94.82)
643500 1213.920372724533 530.10 q/s (% mem usage: 5.20, % mem avail: 94.82)
644000 1215.1273500919342 529.99 q/s (% mem usage: 5.20, % mem avail: 94.82)
644500 1215.858850479126 530.08 q/s (% mem usage: 5.20, % mem avail: 94.82)
645000 1218.1615431308746 529.49 q/s (% mem usage: 5.20, % mem avail: 94.82)
645500 1218.2026228904724 529.88 q/s (% mem usage: 5.20, % mem avail: 94.82)
646000 1218.6892054080963 530.08 q/s (% mem usage: 5.20, % mem avail: 94.82)
646500 1219.6090919971466 530.09 q/s (% mem usage: 5.20, % mem avail: 94.82)
647000 1221.8456165790558 529.53 q/s (% mem usage: 5.20, % mem avail: 94.82)
647500 1221.89014005661 529.92 q/s (% mem usage: 5.20, % mem avail: 94.82)
648000 1222.468974351883 530.07 q/s (% mem usage: 5.20, % mem avail: 94.82)
648500 1224.2532589435577 529.71 q/s (% mem usage: 5.20, % mem avail: 94.82)
649000 1224.55060338974 529.99 q/s (% mem usage: 5.20, % mem avail: 94.82)
649500 1225.4016060829163 530.03 q/s (% mem usage: 5.20, % mem avail: 94.82)
650000 1227.4194600582123 529.57 q/s (% mem usage: 5.20, % mem avail: 94.82)
650500 1227.464040517807 529.95 q/s (% mem usage: 5.20, % mem avail: 94.82)
651000 1228.2699179649353 530.01 q/s (% mem usage: 5.20, % mem avail: 94.82)
651500 1229.2230746746063 530.01 q/s (% mem usage: 5.20, % mem avail: 94.82)
652000 1230.4778907299042 529.88 q/s (% mem usage: 5.20, % mem avail: 94.82)
652500 1231.3674256801605 529.90 q/s (% mem usage: 5.20, % mem avail: 94.82)
653000 1234.276621580124 529.05 q/s (% mem usage: 5.20, % mem avail: 94.81)
653500 1234.3227980136871 529.44 q/s (% mem usage: 5.20, % mem avail: 94.81)
654000 1235.6081457138062 529.29 q/s (% mem usage: 5.20, % mem avail: 94.81)
654500 1235.6497809886932 529.68 q/s (% mem usage: 5.20, % mem avail: 94.81)
655000 1235.9507102966309 529.96 q/s (% mem usage: 5.20, % mem avail: 94.81)
655500 1236.861046552658 529.97 q/s (% mem usage: 5.20, % mem avail: 94.82)
656000 1237.7301392555237 530.00 q/s (% mem usage: 5.20, % mem avail: 94.82)
656500 1238.6332144737244 530.02 q/s (% mem usage: 5.20, % mem avail: 94.82)
657000 1239.490803718567 530.06 q/s (% mem usage: 5.20, % mem avail: 94.82)
657500 1240.4338669776917 530.06 q/s (% mem usage: 5.20, % mem avail: 94.82)
658000 1241.3469977378845 530.07 q/s (% mem usage: 5.20, % mem avail: 94.82)
658500 1242.3947131633759 530.02 q/s (% mem usage: 5.20, % mem avail: 94.82)
659000 1244.1230235099792 529.69 q/s (% mem usage: 5.20, % mem avail: 94.82)
659500 1244.3364984989166 530.00 q/s (% mem usage: 5.20, % mem avail: 94.82)
660000 1245.2046945095062 530.03 q/s (% mem usage: 5.20, % mem avail: 94.82)
660500 1246.3393507003784 529.95 q/s (% mem usage: 5.20, % mem avail: 94.82)
661000 1247.2487742900848 529.97 q/s (% mem usage: 5.20, % mem avail: 94.82)
661500 1247.97634267807 530.06 q/s (% mem usage: 5.20, % mem avail: 94.82)
662000 1248.9760212898254 530.03 q/s (% mem usage: 5.20, % mem avail: 94.82)
662500 1249.9766128063202 530.01 q/s (% mem usage: 5.20, % mem avail: 94.82)
663000 1250.9579458236694 529.99 q/s (% mem usage: 5.20, % mem avail: 94.82)
663500 1251.8933489322662 530.00 q/s (% mem usage: 5.20, % mem avail: 94.82)
664000 1252.8454535007477 529.99 q/s (% mem usage: 5.20, % mem avail: 94.82)
664500 1253.8009984493256 529.99 q/s (% mem usage: 5.20, % mem avail: 94.82)
665000 1255.6535770893097 529.60 q/s (% mem usage: 5.20, % mem avail: 94.82)
665500 1255.70694231987 529.98 q/s (% mem usage: 5.20, % mem avail: 94.82)
666000 1256.594910144806 530.00 q/s (% mem usage: 5.20, % mem avail: 94.82)
666500 1257.3822283744812 530.07 q/s (% mem usage: 5.20, % mem avail: 94.82)
667000 1258.371369600296 530.05 q/s (% mem usage: 5.20, % mem avail: 94.82)
667500 1259.3113379478455 530.05 q/s (% mem usage: 5.20, % mem avail: 94.82)
668000 1260.2834823131561 530.04 q/s (% mem usage: 5.20, % mem avail: 94.82)
668500 1261.2229971885681 530.04 q/s (% mem usage: 5.20, % mem avail: 94.82)
669000 1262.3492600917816 529.96 q/s (% mem usage: 5.20, % mem avail: 94.82)
669500 1263.4947741031647 529.88 q/s (% mem usage: 5.20, % mem avail: 94.82)
670000 1264.641918182373 529.79 q/s (% mem usage: 5.20, % mem avail: 94.82)
670500 1265.1042606830597 530.00 q/s (% mem usage: 5.20, % mem avail: 94.82)
671000 1265.7813458442688 530.11 q/s (% mem usage: 5.20, % mem avail: 94.82)
671500 1266.7683596611023 530.09 q/s (% mem usage: 5.20, % mem avail: 94.82)
672000 1267.790866613388 530.06 q/s (% mem usage: 5.20, % mem avail: 94.82)
672500 1268.7756087779999 530.04 q/s (% mem usage: 5.20, % mem avail: 94.82)
673000 1269.7214477062225 530.04 q/s (% mem usage: 5.20, % mem avail: 94.82)
673500 1270.6227397918701 530.06 q/s (% mem usage: 5.20, % mem avail: 94.82)
674000 1272.2013113498688 529.79 q/s (% mem usage: 5.20, % mem avail: 94.82)
674500 1272.6048157215118 530.02 q/s (% mem usage: 5.20, % mem avail: 94.82)
675000 1273.5407710075378 530.02 q/s (% mem usage: 5.20, % mem avail: 94.82)
675500 1274.4692077636719 530.02 q/s (% mem usage: 5.20, % mem avail: 94.82)
676000 1275.4740176200867 530.00 q/s (% mem usage: 5.20, % mem avail: 94.82)
676500 1276.4361290931702 529.99 q/s (% mem usage: 5.20, % mem avail: 94.82)
677000 1277.3252971172333 530.01 q/s (% mem usage: 5.20, % mem avail: 94.82)
677500 1278.2749514579773 530.01 q/s (% mem usage: 5.20, % mem avail: 94.82)
678000 1279.1784121990204 530.03 q/s (% mem usage: 5.20, % mem avail: 94.82)
678500 1280.7065482139587 529.79 q/s (% mem usage: 5.20, % mem avail: 94.82)
679000 1280.8952634334564 530.10 q/s (% mem usage: 5.20, % mem avail: 94.82)
679500 1281.8892757892609 530.08 q/s (% mem usage: 5.20, % mem avail: 94.82)
680000 1283.8044064044952 529.68 q/s (% mem usage: 5.20, % mem avail: 94.82)
680500 1283.8821606636047 530.03 q/s (% mem usage: 5.20, % mem avail: 94.82)
681000 1284.7851405143738 530.05 q/s (% mem usage: 5.20, % mem avail: 94.82)
681500 1285.613957643509 530.10 q/s (% mem usage: 5.20, % mem avail: 94.82)
682000 1286.5489552021027 530.10 q/s (% mem usage: 5.20, % mem avail: 94.82)
682500 1287.4961462020874 530.10 q/s (% mem usage: 5.20, % mem avail: 94.82)
683000 1288.344586133957 530.14 q/s (% mem usage: 5.20, % mem avail: 94.82)
683500 1289.2959969043732 530.13 q/s (% mem usage: 5.20, % mem avail: 94.82)
684000 1290.7927918434143 529.91 q/s (% mem usage: 5.20, % mem avail: 94.82)
684500 1291.1560020446777 530.15 q/s (% mem usage: 5.20, % mem avail: 94.82)
685000 1292.1299571990967 530.13 q/s (% mem usage: 5.20, % mem avail: 94.82)
685500 1293.0081493854523 530.16 q/s (% mem usage: 5.20, % mem avail: 94.82)
686000 1293.8209064006805 530.21 q/s (% mem usage: 5.20, % mem avail: 94.82)
686500 1294.8995950222015 530.16 q/s (% mem usage: 5.20, % mem avail: 94.82)
687000 1295.6755957603455 530.23 q/s (% mem usage: 5.20, % mem avail: 94.82)
687500 1297.042176246643 530.05 q/s (% mem usage: 5.20, % mem avail: 94.82)
688000 1297.582438468933 530.22 q/s (% mem usage: 5.20, % mem avail: 94.82)
688500 1299.3375658988953 529.89 q/s (% mem usage: 5.20, % mem avail: 94.82)
689000 1299.4324357509613 530.23 q/s (% mem usage: 5.20, % mem avail: 94.82)
689500 1301.7395403385162 529.68 q/s (% mem usage: 5.20, % mem avail: 94.81)
690000 1301.7852811813354 530.04 q/s (% mem usage: 5.20, % mem avail: 94.81)
690500 1302.066832780838 530.31 q/s (% mem usage: 5.20, % mem avail: 94.81)
691000 1302.9698050022125 530.33 q/s (% mem usage: 5.20, % mem avail: 94.81)
691500 1303.964879989624 530.31 q/s (% mem usage: 5.20, % mem avail: 94.81)
692000 1304.884887456894 530.31 q/s (% mem usage: 5.20, % mem avail: 94.81)
692500 1305.7043890953064 530.37 q/s (% mem usage: 5.20, % mem avail: 94.81)
693000 1306.7545247077942 530.32 q/s (% mem usage: 5.20, % mem avail: 94.81)
693500 1307.877524137497 530.25 q/s (% mem usage: 5.20, % mem avail: 94.81)
694000 1308.6813995838165 530.30 q/s (% mem usage: 5.20, % mem avail: 94.81)
694500 1309.6533586978912 530.29 q/s (% mem usage: 5.20, % mem avail: 94.81)
695000 1310.5351605415344 530.32 q/s (% mem usage: 5.20, % mem avail: 94.81)
695500 1311.6967513561249 530.23 q/s (% mem usage: 5.20, % mem avail: 94.81)
696000 1313.7402307987213 529.79 q/s (% mem usage: 5.20, % mem avail: 94.81)
696500 1315.2864496707916 529.54 q/s (% mem usage: 5.20, % mem avail: 94.81)
697000 1315.3355383872986 529.90 q/s (% mem usage: 5.20, % mem avail: 94.81)
697500 1315.3798849582672 530.27 q/s (% mem usage: 5.20, % mem avail: 94.81)
698000 1316.1577842235565 530.33 q/s (% mem usage: 5.20, % mem avail: 94.81)
698500 1317.1991608142853 530.29 q/s (% mem usage: 5.20, % mem avail: 94.81)
699000 1318.1478011608124 530.29 q/s (% mem usage: 5.20, % mem avail: 94.81)
699500 1319.129716873169 530.27 q/s (% mem usage: 5.20, % mem avail: 94.81)
700000 1320.0627727508545 530.28 q/s (% mem usage: 5.20, % mem avail: 94.82)
700500 1320.975738286972 530.29 q/s (% mem usage: 5.20, % mem avail: 94.82)
701000 1322.0503838062286 530.24 q/s (% mem usage: 5.20, % mem avail: 94.82)
701500 1323.117339372635 530.19 q/s (% mem usage: 5.20, % mem avail: 94.82)
702000 1323.8447144031525 530.27 q/s (% mem usage: 5.20, % mem avail: 94.82)
702500 1324.8430018424988 530.25 q/s (% mem usage: 5.20, % mem avail: 94.82)
703000 1325.9115421772003 530.20 q/s (% mem usage: 5.20, % mem avail: 94.82)
703500 1326.8253803253174 530.21 q/s (% mem usage: 5.20, % mem avail: 94.82)
704000 1327.602442741394 530.28 q/s (% mem usage: 5.20, % mem avail: 94.81)
704500 1328.6860184669495 530.22 q/s (% mem usage: 5.20, % mem avail: 94.81)
705000 1329.5871269702911 530.24 q/s (% mem usage: 5.20, % mem avail: 94.81)
705500 1330.5598006248474 530.23 q/s (% mem usage: 5.20, % mem avail: 94.81)
706000 1333.3120081424713 529.51 q/s (% mem usage: 5.20, % mem avail: 94.81)
706500 1333.355450630188 529.87 q/s (% mem usage: 5.20, % mem avail: 94.81)
707000 1333.5056314468384 530.18 q/s (% mem usage: 5.20, % mem avail: 94.81)
707500 1334.4389703273773 530.19 q/s (% mem usage: 5.20, % mem avail: 94.81)
708000 1335.2820711135864 530.23 q/s (% mem usage: 5.20, % mem avail: 94.81)
708500 1336.0903465747833 530.28 q/s (% mem usage: 5.20, % mem avail: 94.81)
709000 1336.9351568222046 530.32 q/s (% mem usage: 5.20, % mem avail: 94.81)
709500 1337.8139083385468 530.34 q/s (% mem usage: 5.20, % mem avail: 94.81)
710000 1338.7200586795807 530.36 q/s (% mem usage: 5.20, % mem avail: 94.81)
710500 1341.2731845378876 529.72 q/s (% mem usage: 5.20, % mem avail: 94.81)
711000 1341.3158893585205 530.08 q/s (% mem usage: 5.20, % mem avail: 94.81)
711500 1341.3892302513123 530.42 q/s (% mem usage: 5.20, % mem avail: 94.81)
712000 1342.7326493263245 530.26 q/s (% mem usage: 5.20, % mem avail: 94.81)
712500 1343.3442449569702 530.39 q/s (% mem usage: 5.20, % mem avail: 94.81)
713000 1344.2051358222961 530.42 q/s (% mem usage: 5.20, % mem avail: 94.81)
713500 1345.1097753047943 530.44 q/s (% mem usage: 5.20, % mem avail: 94.81)
714000 1346.2345495224 530.37 q/s (% mem usage: 5.20, % mem avail: 94.81)
714500 1347.0310306549072 530.43 q/s (% mem usage: 5.20, % mem avail: 94.81)
715000 1348.034167289734 530.40 q/s (% mem usage: 5.20, % mem avail: 94.81)
715500 1348.9007737636566 530.43 q/s (% mem usage: 5.20, % mem avail: 94.81)
716000 1349.9327008724213 530.40 q/s (% mem usage: 5.20, % mem avail: 94.81)
716500 1350.7615175247192 530.44 q/s (% mem usage: 5.20, % mem avail: 94.81)
717000 1351.9795758724213 530.33 q/s (% mem usage: 5.20, % mem avail: 94.81)
717500 1352.5736258029938 530.47 q/s (% mem usage: 5.20, % mem avail: 94.81)
718000 1353.3156487941742 530.55 q/s (% mem usage: 5.20, % mem avail: 94.81)
718500 1354.2511763572693 530.55 q/s (% mem usage: 5.20, % mem avail: 94.81)
719000 1355.2081353664398 530.55 q/s (% mem usage: 5.20, % mem avail: 94.81)
719500 1356.2234978675842 530.52 q/s (% mem usage: 5.20, % mem avail: 94.81)
720000 1357.237786769867 530.49 q/s (% mem usage: 5.20, % mem avail: 94.81)
720500 1358.1664083003998 530.49 q/s (% mem usage: 5.20, % mem avail: 94.81)
721000 1359.2007689476013 530.46 q/s (% mem usage: 5.20, % mem avail: 94.81)
721500 1360.1638822555542 530.45 q/s (% mem usage: 5.20, % mem avail: 94.81)
722000 1361.1173555850983 530.45 q/s (% mem usage: 5.20, % mem avail: 94.81)
722500 1361.8865394592285 530.51 q/s (% mem usage: 5.20, % mem avail: 94.81)
723000 1362.8727836608887 530.50 q/s (% mem usage: 5.20, % mem avail: 94.81)
723500 1365.2838022708893 529.93 q/s (% mem usage: 5.20, % mem avail: 94.81)
724000 1365.3376874923706 530.27 q/s (% mem usage: 5.20, % mem avail: 94.80)
724500 1365.4921824932098 530.58 q/s (% mem usage: 5.20, % mem avail: 94.80)
725000 1366.486076116562 530.56 q/s (% mem usage: 5.20, % mem avail: 94.80)
725500 1368.1312432289124 530.29 q/s (% mem usage: 5.20, % mem avail: 94.80)
726000 1368.3747901916504 530.56 q/s (% mem usage: 5.20, % mem avail: 94.81)
726500 1369.2919178009033 530.57 q/s (% mem usage: 5.20, % mem avail: 94.82)
727000 1370.122235774994 530.61 q/s (% mem usage: 5.20, % mem avail: 94.82)
727500 1371.1651451587677 530.57 q/s (% mem usage: 5.20, % mem avail: 94.81)
728000 1372.0997416973114 530.57 q/s (% mem usage: 5.20, % mem avail: 94.81)
728500 1373.0119013786316 530.59 q/s (% mem usage: 5.20, % mem avail: 94.81)
729000 1373.9309134483337 530.59 q/s (% mem usage: 5.20, % mem avail: 94.81)
729500 1374.9133615493774 530.58 q/s (% mem usage: 5.20, % mem avail: 94.81)
730000 1375.772246837616 530.61 q/s (% mem usage: 5.20, % mem avail: 94.81)
730500 1376.6760425567627 530.63 q/s (% mem usage: 5.20, % mem avail: 94.81)
731000 1377.6267149448395 530.62 q/s (% mem usage: 5.20, % mem avail: 94.81)
731500 1378.5894713401794 530.61 q/s (% mem usage: 5.20, % mem avail: 94.81)
732000 1379.582279920578 530.60 q/s (% mem usage: 5.20, % mem avail: 94.81)
732500 1380.928055524826 530.44 q/s (% mem usage: 5.20, % mem avail: 94.81)
733000 1381.4505751132965 530.60 q/s (% mem usage: 5.20, % mem avail: 94.81)
733500 1383.378623008728 530.22 q/s (% mem usage: 5.20, % mem avail: 94.81)
734000 1385.3124449253082 529.84 q/s (% mem usage: 5.20, % mem avail: 94.81)
734500 1385.3594324588776 530.19 q/s (% mem usage: 5.20, % mem avail: 94.81)
735000 1385.4011511802673 530.53 q/s (% mem usage: 5.20, % mem avail: 94.81)
735500 1386.1000185012817 530.63 q/s (% mem usage: 5.20, % mem avail: 94.81)
736000 1387.1123046875 530.60 q/s (% mem usage: 5.20, % mem avail: 94.81)
736500 1387.935349702835 530.64 q/s (% mem usage: 5.20, % mem avail: 94.80)
737000 1388.7786920070648 530.68 q/s (% mem usage: 5.20, % mem avail: 94.80)
737500 1389.7726283073425 530.66 q/s (% mem usage: 5.20, % mem avail: 94.80)
738000 1392.2717139720917 530.07 q/s (% mem usage: 5.20, % mem avail: 94.80)
738500 1392.3154215812683 530.41 q/s (% mem usage: 5.20, % mem avail: 94.80)
739000 1392.4712312221527 530.71 q/s (% mem usage: 5.20, % mem avail: 94.80)
739500 1393.4504148960114 530.70 q/s (% mem usage: 5.20, % mem avail: 94.80)
740000 1394.3087000846863 530.73 q/s (% mem usage: 5.20, % mem avail: 94.80)
740500 1395.2725598812103 530.72 q/s (% mem usage: 5.20, % mem avail: 94.79)
741000 1396.2458367347717 530.71 q/s (% mem usage: 5.20, % mem avail: 94.79)
741500 1397.9392726421356 530.42 q/s (% mem usage: 5.20, % mem avail: 94.80)
742000 1398.1565580368042 530.70 q/s (% mem usage: 5.20, % mem avail: 94.80)
742500 1399.2563486099243 530.64 q/s (% mem usage: 5.20, % mem avail: 94.80)
743000 1400.0567874908447 530.69 q/s (% mem usage: 5.20, % mem avail: 94.80)
743500 1401.034863948822 530.68 q/s (% mem usage: 5.20, % mem avail: 94.80)
744000 1401.8541779518127 530.73 q/s (% mem usage: 5.20, % mem avail: 94.80)
744500 1402.8387877941132 530.71 q/s (% mem usage: 5.20, % mem avail: 94.80)
745000 1403.7700309753418 530.71 q/s (% mem usage: 5.20, % mem avail: 94.80)
745500 1404.6413440704346 530.74 q/s (% mem usage: 5.20, % mem avail: 94.80)
746000 1405.5750889778137 530.74 q/s (% mem usage: 5.20, % mem avail: 94.80)
746500 1406.5253298282623 530.74 q/s (% mem usage: 5.20, % mem avail: 94.80)
747000 1407.4299011230469 530.75 q/s (% mem usage: 5.20, % mem avail: 94.80)
747500 1408.255887746811 530.80 q/s (% mem usage: 5.20, % mem avail: 94.80)
748000 1410.0644843578339 530.47 q/s (% mem usage: 5.20, % mem avail: 94.79)
748500 1410.300437450409 530.74 q/s (% mem usage: 5.20, % mem avail: 94.79)
749000 1411.2616829872131 530.73 q/s (% mem usage: 5.20, % mem avail: 94.79)
749500 1412.309497833252 530.69 q/s (% mem usage: 5.20, % mem avail: 94.79)
750000 1413.646677494049 530.54 q/s (% mem usage: 5.20, % mem avail: 94.79)
750500 1415.9825546741486 530.02 q/s (% mem usage: 5.20, % mem avail: 94.79)
751000 1416.03884100914 530.35 q/s (% mem usage: 5.20, % mem avail: 94.79)
751500 1416.8498034477234 530.40 q/s (% mem usage: 5.20, % mem avail: 94.79)
752000 1416.8985447883606 530.74 q/s (% mem usage: 5.20, % mem avail: 94.79)
752500 1417.8910331726074 530.72 q/s (% mem usage: 5.20, % mem avail: 94.79)
753000 1420.4328804016113 530.12 q/s (% mem usage: 5.20, % mem avail: 94.79)
753500 1420.4892916679382 530.45 q/s (% mem usage: 5.20, % mem avail: 94.79)
754000 1421.1356625556946 530.56 q/s (% mem usage: 5.20, % mem avail: 94.79)
754500 1421.6994359493256 530.70 q/s (% mem usage: 5.20, % mem avail: 94.79)
755000 1423.4925365447998 530.39 q/s (% mem usage: 5.20, % mem avail: 94.79)
755500 1423.6652936935425 530.67 q/s (% mem usage: 5.20, % mem avail: 94.79)
756000 1424.4651672840118 530.73 q/s (% mem usage: 5.20, % mem avail: 94.79)
756500 1426.4784812927246 530.33 q/s (% mem usage: 5.20, % mem avail: 94.80)
757000 1428.2237524986267 530.03 q/s (% mem usage: 5.20, % mem avail: 94.79)
757500 1428.273631811142 530.36 q/s (% mem usage: 5.20, % mem avail: 94.79)
758000 1428.4325909614563 530.65 q/s (% mem usage: 5.20, % mem avail: 94.79)
758500 1429.343252658844 530.66 q/s (% mem usage: 5.20, % mem avail: 94.79)
759000 1431.8533346652985 530.08 q/s (% mem usage: 5.20, % mem avail: 94.79)
759500 1431.8980309963226 530.41 q/s (% mem usage: 5.20, % mem avail: 94.79)
760000 1432.188158750534 530.66 q/s (% mem usage: 5.20, % mem avail: 94.79)
760500 1433.0505425930023 530.69 q/s (% mem usage: 5.20, % mem avail: 94.79)
761000 1434.112909078598 530.64 q/s (% mem usage: 5.20, % mem avail: 94.79)
761500 1435.7373383045197 530.39 q/s (% mem usage: 5.20, % mem avail: 94.79)
762000 1436.171142578125 530.58 q/s (% mem usage: 5.20, % mem avail: 94.79)
762500 1437.4667296409607 530.45 q/s (% mem usage: 5.20, % mem avail: 94.79)
763000 1437.8436787128448 530.66 q/s (% mem usage: 5.20, % mem avail: 94.79)
763500 1438.7396304607391 530.67 q/s (% mem usage: 5.20, % mem avail: 94.79)
764000 1439.7452554702759 530.65 q/s (% mem usage: 5.20, % mem avail: 94.78)
764500 1440.6951534748077 530.65 q/s (% mem usage: 5.20, % mem avail: 94.79)
765000 1441.6926934719086 530.63 q/s (% mem usage: 5.20, % mem avail: 94.78)
765500 1442.4719915390015 530.69 q/s (% mem usage: 5.20, % mem avail: 94.78)
766000 1445.3784518241882 529.97 q/s (% mem usage: 5.20, % mem avail: 94.78)
766500 1445.420577764511 530.30 q/s (% mem usage: 5.20, % mem avail: 94.78)
767000 1445.4620249271393 530.63 q/s (% mem usage: 5.20, % mem avail: 94.78)
767500 1447.607931137085 530.18 q/s (% mem usage: 5.20, % mem avail: 94.78)
768000 1447.6485712528229 530.52 q/s (% mem usage: 5.20, % mem avail: 94.78)
768500 1448.5568358898163 530.53 q/s (% mem usage: 5.20, % mem avail: 94.78)
769000 1449.1677973270416 530.65 q/s (% mem usage: 5.20, % mem avail: 94.78)
769500 1451.942883491516 529.98 q/s (% mem usage: 5.20, % mem avail: 94.78)
770000 1451.9868881702423 530.31 q/s (% mem usage: 5.20, % mem avail: 94.78)
770500 1452.0328125953674 530.64 q/s (% mem usage: 5.20, % mem avail: 94.78)
771000 1452.8404150009155 530.68 q/s (% mem usage: 5.20, % mem avail: 94.78)
771500 1453.7216730117798 530.71 q/s (% mem usage: 5.20, % mem avail: 94.78)
772000 1454.5974850654602 530.73 q/s (% mem usage: 5.20, % mem avail: 94.78)
772500 1455.4327456951141 530.77 q/s (% mem usage: 5.20, % mem avail: 94.78)
773000 1456.3213820457458 530.79 q/s (% mem usage: 5.20, % mem avail: 94.78)
773500 1457.2211332321167 530.80 q/s (% mem usage: 5.20, % mem avail: 94.78)
774000 1458.1409873962402 530.81 q/s (% mem usage: 5.20, % mem avail: 94.78)
774500 1459.2070786952972 530.77 q/s (% mem usage: 5.20, % mem avail: 94.78)
775000 1459.939022064209 530.84 q/s (% mem usage: 5.20, % mem avail: 94.78)
775500 1460.776207447052 530.88 q/s (% mem usage: 5.20, % mem avail: 94.78)
776000 1461.7465193271637 530.87 q/s (% mem usage: 5.20, % mem avail: 94.78)
776500 1462.646500825882 530.89 q/s (% mem usage: 5.20, % mem avail: 94.78)
777000 1463.619059562683 530.88 q/s (% mem usage: 5.20, % mem avail: 94.78)
777500 1464.5107681751251 530.89 q/s (% mem usage: 5.20, % mem avail: 94.79)
778000 1465.49072098732 530.88 q/s (% mem usage: 5.20, % mem avail: 94.79)
778500 1466.468561887741 530.87 q/s (% mem usage: 5.20, % mem avail: 94.79)
779000 1467.3747725486755 530.88 q/s (% mem usage: 5.20, % mem avail: 94.78)
779500 1468.3025352954865 530.89 q/s (% mem usage: 5.20, % mem avail: 94.78)
780000 1469.2377848625183 530.89 q/s (% mem usage: 5.20, % mem avail: 94.79)
780500 1470.231611251831 530.87 q/s (% mem usage: 5.20, % mem avail: 94.79)
781000 1472.6646049022675 530.33 q/s (% mem usage: 5.20, % mem avail: 94.78)
781500 1472.7185108661652 530.65 q/s (% mem usage: 5.20, % mem avail: 94.78)
782000 1473.0192165374756 530.88 q/s (% mem usage: 5.20, % mem avail: 94.78)
782500 1473.8653664588928 530.92 q/s (% mem usage: 5.20, % mem avail: 94.78)
783000 1474.7812910079956 530.93 q/s (% mem usage: 5.20, % mem avail: 94.78)
783500 1475.6676154136658 530.95 q/s (% mem usage: 5.20, % mem avail: 94.79)
784000 1476.645843744278 530.93 q/s (% mem usage: 5.20, % mem avail: 94.78)
784500 1477.5502676963806 530.95 q/s (% mem usage: 5.20, % mem avail: 94.79)
785000 1478.6099109649658 530.90 q/s (% mem usage: 5.20, % mem avail: 94.79)
785500 1479.449336528778 530.94 q/s (% mem usage: 5.20, % mem avail: 94.79)
786000 1480.4796903133392 530.91 q/s (% mem usage: 5.20, % mem avail: 94.79)
786500 1481.4480319023132 530.90 q/s (% mem usage: 5.20, % mem avail: 94.79)
787000 1482.3316025733948 530.92 q/s (% mem usage: 5.20, % mem avail: 94.79)
787500 1483.2713356018066 530.92 q/s (% mem usage: 5.20, % mem avail: 94.79)
788000 1484.736310005188 530.73 q/s (% mem usage: 5.20, % mem avail: 94.79)
788500 1485.2393741607666 530.89 q/s (% mem usage: 5.20, % mem avail: 94.79)
789000 1486.14244556427 530.90 q/s (% mem usage: 5.20, % mem avail: 94.79)
789500 1487.2170639038086 530.86 q/s (% mem usage: 5.20, % mem avail: 94.79)
790000 1488.1092822551727 530.87 q/s (% mem usage: 5.20, % mem avail: 94.79)
790500 1489.9026737213135 530.57 q/s (% mem usage: 5.20, % mem avail: 94.79)
791000 1492.7896320819855 529.88 q/s (% mem usage: 5.20, % mem avail: 94.78)
791500 1492.8413553237915 530.20 q/s (% mem usage: 5.20, % mem avail: 94.78)
792000 1492.8953325748444 530.51 q/s (% mem usage: 5.20, % mem avail: 94.78)
792500 1493.5652544498444 530.61 q/s (% mem usage: 5.20, % mem avail: 94.78)
793000 1493.9421837329865 530.81 q/s (% mem usage: 5.20, % mem avail: 94.78)
793500 1496.5704941749573 530.21 q/s (% mem usage: 5.20, % mem avail: 94.78)
794000 1496.6324348449707 530.52 q/s (% mem usage: 5.20, % mem avail: 94.78)
794500 1496.7631947994232 530.81 q/s (% mem usage: 5.20, % mem avail: 94.78)
795000 1498.166532754898 530.65 q/s (% mem usage: 5.20, % mem avail: 94.78)
795500 1499.4213604927063 530.54 q/s (% mem usage: 5.20, % mem avail: 94.78)
796000 1500.1023473739624 530.63 q/s (% mem usage: 5.20, % mem avail: 94.78)
796500 1500.7272596359253 530.74 q/s (% mem usage: 5.20, % mem avail: 94.78)
797000 1501.3775568008423 530.85 q/s (% mem usage: 5.20, % mem avail: 94.78)
797500 1502.383737564087 530.82 q/s (% mem usage: 5.20, % mem avail: 94.78)
798000 1503.2330548763275 530.86 q/s (% mem usage: 5.20, % mem avail: 94.78)
798500 1504.3234691619873 530.80 q/s (% mem usage: 5.20, % mem avail: 94.78)
799000 1505.1315002441406 530.85 q/s (% mem usage: 5.20, % mem avail: 94.78)
799500 1505.9927079677582 530.88 q/s (% mem usage: 5.20, % mem avail: 94.78)
800000 1506.9812686443329 530.86 q/s (% mem usage: 5.20, % mem avail: 94.78)
800500 1507.9013340473175 530.87 q/s (% mem usage: 5.20, % mem avail: 94.78)
801000 1509.4062268733978 530.67 q/s (% mem usage: 5.20, % mem avail: 94.78)
801500 1510.0963366031647 530.76 q/s (% mem usage: 5.20, % mem avail: 94.78)
802000 1511.1839020252228 530.71 q/s (% mem usage: 5.20, % mem avail: 94.78)
802500 1511.837016582489 530.81 q/s (% mem usage: 5.20, % mem avail: 94.78)
803000 1512.8005833625793 530.80 q/s (% mem usage: 5.20, % mem avail: 94.78)
803500 1515.0296256542206 530.35 q/s (% mem usage: 5.20, % mem avail: 94.78)
804000 1515.064237833023 530.67 q/s (% mem usage: 5.20, % mem avail: 94.78)
804500 1515.8765797615051 530.72 q/s (% mem usage: 5.20, % mem avail: 94.78)
805000 1517.2874040603638 530.55 q/s (% mem usage: 5.20, % mem avail: 94.78)
805500 1517.7076859474182 530.73 q/s (% mem usage: 5.20, % mem avail: 94.78)
806000 1518.4825904369354 530.79 q/s (% mem usage: 5.20, % mem avail: 94.78)
806500 1519.4135332107544 530.80 q/s (% mem usage: 5.20, % mem avail: 94.78)
807000 1520.199785709381 530.85 q/s (% mem usage: 5.20, % mem avail: 94.78)
807500 1522.5883159637451 530.35 q/s (% mem usage: 5.20, % mem avail: 94.78)
808000 1522.6393756866455 530.66 q/s (% mem usage: 5.20, % mem avail: 94.78)
808500 1523.209651708603 530.79 q/s (% mem usage: 5.20, % mem avail: 94.78)
809000 1524.1144301891327 530.80 q/s (% mem usage: 5.20, % mem avail: 94.78)
809500 1525.2823042869568 530.72 q/s (% mem usage: 5.20, % mem avail: 94.78)
810000 1525.9066126346588 530.83 q/s (% mem usage: 5.20, % mem avail: 94.78)
810500 1527.0218884944916 530.77 q/s (% mem usage: 5.20, % mem avail: 94.78)
811000 1527.8298525810242 530.82 q/s (% mem usage: 5.20, % mem avail: 94.78)
811500 1529.0517423152924 530.72 q/s (% mem usage: 5.20, % mem avail: 94.78)
812000 1530.4757952690125 530.55 q/s (% mem usage: 5.20, % mem avail: 94.78)
812500 1531.8660054206848 530.40 q/s (% mem usage: 5.20, % mem avail: 94.78)
813000 1531.908236026764 530.71 q/s (% mem usage: 5.20, % mem avail: 94.78)
813500 1532.9510478973389 530.68 q/s (% mem usage: 5.20, % mem avail: 94.78)
814000 1533.3958268165588 530.85 q/s (% mem usage: 5.20, % mem avail: 94.78)
814500 1534.455039024353 530.81 q/s (% mem usage: 5.20, % mem avail: 94.78)
815000 1535.416320323944 530.80 q/s (% mem usage: 5.20, % mem avail: 94.78)
815500 1536.790777206421 530.65 q/s (% mem usage: 5.20, % mem avail: 94.78)
816000 1537.2524228096008 530.82 q/s (% mem usage: 5.20, % mem avail: 94.78)
816500 1538.325174331665 530.77 q/s (% mem usage: 5.20, % mem avail: 94.78)
817000 1539.923194885254 530.55 q/s (% mem usage: 5.20, % mem avail: 94.78)
817500 1540.0339291095734 530.83 q/s (% mem usage: 5.20, % mem avail: 94.78)
818000 1540.9477803707123 530.84 q/s (% mem usage: 5.20, % mem avail: 94.78)
818500 1541.8935549259186 530.84 q/s (% mem usage: 5.20, % mem avail: 94.78)
819000 1542.940532207489 530.80 q/s (% mem usage: 5.20, % mem avail: 94.78)
819500 1543.8893246650696 530.80 q/s (% mem usage: 5.20, % mem avail: 94.78)
820000 1546.115098953247 530.36 q/s (% mem usage: 5.20, % mem avail: 94.78)
820500 1546.161563873291 530.67 q/s (% mem usage: 5.20, % mem avail: 94.77)
821000 1546.6225197315216 530.83 q/s (% mem usage: 5.20, % mem avail: 94.77)
821500 1547.4727091789246 530.87 q/s (% mem usage: 5.20, % mem avail: 94.78)
822000 1548.4843435287476 530.84 q/s (% mem usage: 5.20, % mem avail: 94.78)
822500 1549.3468384742737 530.87 q/s (% mem usage: 5.20, % mem avail: 94.78)
823000 1550.3193352222443 530.86 q/s (% mem usage: 5.20, % mem avail: 94.78)
823500 1551.315801858902 530.84 q/s (% mem usage: 5.20, % mem avail: 94.78)
824000 1553.144341468811 530.54 q/s (% mem usage: 5.20, % mem avail: 94.78)
824500 1553.8765568733215 530.61 q/s (% mem usage: 5.20, % mem avail: 94.78)
825000 1554.2320175170898 530.81 q/s (% mem usage: 5.20, % mem avail: 94.78)
825500 1557.0189752578735 530.18 q/s (% mem usage: 5.20, % mem avail: 94.78)
826000 1557.2873167991638 530.41 q/s (% mem usage: 5.20, % mem avail: 94.78)
826500 1557.3316311836243 530.72 q/s (% mem usage: 5.20, % mem avail: 94.78)
827000 1559.3775253295898 530.34 q/s (% mem usage: 5.20, % mem avail: 94.78)
827500 1559.418559551239 530.65 q/s (% mem usage: 5.20, % mem avail: 94.78)
828000 1560.1580274105072 530.72 q/s (% mem usage: 5.20, % mem avail: 94.78)
828500 1560.9984426498413 530.75 q/s (% mem usage: 5.20, % mem avail: 94.78)
829000 1561.9072213172913 530.76 q/s (% mem usage: 5.20, % mem avail: 94.78)
829500 1562.7703189849854 530.79 q/s (% mem usage: 5.20, % mem avail: 94.78)
830000 1563.6559686660767 530.81 q/s (% mem usage: 5.20, % mem avail: 94.78)
830500 1564.5615272521973 530.82 q/s (% mem usage: 5.20, % mem avail: 94.78)
831000 1565.5336029529572 530.81 q/s (% mem usage: 5.20, % mem avail: 94.78)
831500 1567.594066143036 530.43 q/s (% mem usage: 5.20, % mem avail: 94.78)
832000 1567.642661333084 530.73 q/s (% mem usage: 5.20, % mem avail: 94.78)
832500 1568.3934531211853 530.80 q/s (% mem usage: 5.20, % mem avail: 94.78)
833000 1569.3298377990723 530.80 q/s (% mem usage: 5.20, % mem avail: 94.78)
833500 1571.780560016632 530.29 q/s (% mem usage: 5.20, % mem avail: 94.78)
834000 1571.828622341156 530.59 q/s (% mem usage: 5.20, % mem avail: 94.78)
834500 1572.5090792179108 530.68 q/s (% mem usage: 5.20, % mem avail: 94.78)
835000 1573.2918796539307 530.73 q/s (% mem usage: 5.20, % mem avail: 94.78)
835500 1574.2065374851227 530.74 q/s (% mem usage: 5.20, % mem avail: 94.78)
836000 1575.082436323166 530.77 q/s (% mem usage: 5.20, % mem avail: 94.78)
836500 1575.9141628742218 530.80 q/s (% mem usage: 5.20, % mem avail: 94.78)
837000 1577.00905418396 530.75 q/s (% mem usage: 5.20, % mem avail: 94.78)
837500 1577.815681219101 530.80 q/s (% mem usage: 5.20, % mem avail: 94.78)
838000 1578.9399826526642 530.74 q/s (% mem usage: 5.20, % mem avail: 94.78)
838500 1579.8776650428772 530.74 q/s (% mem usage: 5.20, % mem avail: 94.78)
839000 1580.7125704288483 530.77 q/s (% mem usage: 5.20, % mem avail: 94.78)
839500 1583.51038479805 530.15 q/s (% mem usage: 5.20, % mem avail: 94.78)
840000 1583.5559103488922 530.45 q/s (% mem usage: 5.20, % mem avail: 94.78)
840500 1583.59748005867 530.75 q/s (% mem usage: 5.20, % mem avail: 94.78)
841000 1584.3899111747742 530.80 q/s (% mem usage: 5.20, % mem avail: 94.78)
841500 1585.5663833618164 530.73 q/s (% mem usage: 5.20, % mem avail: 94.78)
842000 1586.1926078796387 530.83 q/s (% mem usage: 5.20, % mem avail: 94.78)
842500 1587.019151687622 530.87 q/s (% mem usage: 5.20, % mem avail: 94.78)
843000 1587.9748640060425 530.86 q/s (% mem usage: 5.20, % mem avail: 94.78)
843500 1588.7787339687347 530.91 q/s (% mem usage: 5.20, % mem avail: 94.78)
844000 1589.781054019928 530.89 q/s (% mem usage: 5.20, % mem avail: 94.78)
844500 1590.6059148311615 530.93 q/s (% mem usage: 5.20, % mem avail: 94.78)
845000 1591.5686919689178 530.92 q/s (% mem usage: 5.20, % mem avail: 94.78)
845500 1592.407793045044 530.96 q/s (% mem usage: 5.20, % mem avail: 94.78)
846000 1595.0589365959167 530.39 q/s (% mem usage: 5.20, % mem avail: 94.78)
846500 1595.2691068649292 530.63 q/s (% mem usage: 5.20, % mem avail: 94.78)
847000 1596.1172590255737 530.66 q/s (% mem usage: 5.20, % mem avail: 94.78)
847500 1596.4161343574524 530.88 q/s (% mem usage: 5.20, % mem avail: 94.78)
848000 1597.245545387268 530.91 q/s (% mem usage: 5.20, % mem avail: 94.78)
848500 1598.1981272697449 530.91 q/s (% mem usage: 5.20, % mem avail: 94.78)
849000 1600.076667547226 530.60 q/s (% mem usage: 5.20, % mem avail: 94.78)
849500 1600.1233451366425 530.90 q/s (% mem usage: 5.20, % mem avail: 94.78)
850000 1601.1059832572937 530.88 q/s (% mem usage: 5.20, % mem avail: 94.78)
850500 1602.1461336612701 530.85 q/s (% mem usage: 5.20, % mem avail: 94.78)
851000 1603.6545708179474 530.66 q/s (% mem usage: 5.20, % mem avail: 94.78)
851500 1604.0299129486084 530.85 q/s (% mem usage: 5.20, % mem avail: 94.78)
852000 1605.0859446525574 530.81 q/s (% mem usage: 5.20, % mem avail: 94.78)
852500 1605.938649892807 530.84 q/s (% mem usage: 5.20, % mem avail: 94.78)
853000 1607.8684000968933 530.52 q/s (% mem usage: 5.20, % mem avail: 94.78)
853500 1607.9193353652954 530.81 q/s (% mem usage: 5.20, % mem avail: 94.78)
854000 1608.6013457775116 530.90 q/s (% mem usage: 5.20, % mem avail: 94.78)
854500 1609.8495707511902 530.79 q/s (% mem usage: 5.20, % mem avail: 94.77)
855000 1610.3790419101715 530.93 q/s (% mem usage: 5.20, % mem avail: 94.77)
855500 1611.3669900894165 530.92 q/s (% mem usage: 5.20, % mem avail: 94.78)
856000 1612.2932589054108 530.92 q/s (% mem usage: 5.20, % mem avail: 94.78)
856500 1613.2571408748627 530.91 q/s (% mem usage: 5.20, % mem avail: 94.78)
857000 1614.850307226181 530.70 q/s (% mem usage: 5.20, % mem avail: 94.78)
857500 1615.1408417224884 530.91 q/s (% mem usage: 5.20, % mem avail: 94.78)
858000 1616.0578894615173 530.92 q/s (% mem usage: 5.20, % mem avail: 94.78)
858500 1617.0677378177643 530.90 q/s (% mem usage: 5.20, % mem avail: 94.78)
859000 1618.1422145366669 530.86 q/s (% mem usage: 5.20, % mem avail: 94.78)
859500 1619.0718858242035 530.86 q/s (% mem usage: 5.20, % mem avail: 94.78)
860000 1619.927314043045 530.89 q/s (% mem usage: 5.20, % mem avail: 94.78)
860500 1620.9200315475464 530.87 q/s (% mem usage: 5.20, % mem avail: 94.78)
861000 1622.4543607234955 530.68 q/s (% mem usage: 5.20, % mem avail: 94.77)
861500 1622.6997909545898 530.91 q/s (% mem usage: 5.20, % mem avail: 94.77)
862000 1624.3308837413788 530.68 q/s (% mem usage: 5.20, % mem avail: 94.77)
862500 1624.6308193206787 530.89 q/s (% mem usage: 5.20, % mem avail: 94.77)
863000 1625.5042345523834 530.91 q/s (% mem usage: 5.20, % mem avail: 94.77)
863500 1626.4503881931305 530.91 q/s (% mem usage: 5.20, % mem avail: 94.77)
864000 1627.4635128974915 530.89 q/s (% mem usage: 5.20, % mem avail: 94.77)
864500 1628.3356955051422 530.91 q/s (% mem usage: 5.20, % mem avail: 94.77)
865000 1629.2493727207184 530.92 q/s (% mem usage: 5.20, % mem avail: 94.77)
865500 1630.17618060112 530.92 q/s (% mem usage: 5.20, % mem avail: 94.77)
866000 1631.2307496070862 530.89 q/s (% mem usage: 5.20, % mem avail: 94.77)
866500 1632.0483121871948 530.93 q/s (% mem usage: 5.20, % mem avail: 94.77)
867000 1633.072916507721 530.90 q/s (% mem usage: 5.20, % mem avail: 94.77)
867500 1634.105042219162 530.87 q/s (% mem usage: 5.20, % mem avail: 94.77)
868000 1634.8726615905762 530.93 q/s (% mem usage: 5.20, % mem avail: 94.78)
868500 1635.7932722568512 530.94 q/s (% mem usage: 5.20, % mem avail: 94.78)
869000 1636.737710237503 530.93 q/s (% mem usage: 5.20, % mem avail: 94.78)
869500 1637.7090005874634 530.92 q/s (% mem usage: 5.20, % mem avail: 94.78)
870000 1638.6552033424377 530.92 q/s (% mem usage: 5.20, % mem avail: 94.78)
870500 1639.6896908283234 530.89 q/s (% mem usage: 5.20, % mem avail: 94.78)
871000 1641.3936023712158 530.65 q/s (% mem usage: 5.20, % mem avail: 94.78)
871500 1641.5341999530792 530.91 q/s (% mem usage: 5.20, % mem avail: 94.78)
872000 1642.447464466095 530.92 q/s (% mem usage: 5.20, % mem avail: 94.78)
872500 1644.4808568954468 530.56 q/s (% mem usage: 5.20, % mem avail: 94.78)
873000 1644.5237629413605 530.85 q/s (% mem usage: 5.20, % mem avail: 94.78)
873500 1645.3900501728058 530.88 q/s (% mem usage: 5.20, % mem avail: 94.78)
874000 1646.21169424057 530.92 q/s (% mem usage: 5.20, % mem avail: 94.78)
874500 1647.198009967804 530.90 q/s (% mem usage: 5.20, % mem avail: 94.78)
875000 1648.2493646144867 530.87 q/s (% mem usage: 5.20, % mem avail: 94.78)
875500 1649.8757436275482 530.65 q/s (% mem usage: 5.20, % mem avail: 94.77)
876000 1650.1773138046265 530.85 q/s (% mem usage: 5.20, % mem avail: 94.77)
876500 1651.0859730243683 530.86 q/s (% mem usage: 5.20, % mem avail: 94.77)
877000 1651.831370830536 530.93 q/s (% mem usage: 5.20, % mem avail: 94.77)
877500 1652.6829807758331 530.95 q/s (% mem usage: 5.20, % mem avail: 94.77)
878000 1653.654266834259 530.95 q/s (% mem usage: 5.20, % mem avail: 94.77)
878500 1654.6017262935638 530.94 q/s (% mem usage: 5.20, % mem avail: 94.77)
879000 1655.4886157512665 530.96 q/s (% mem usage: 5.20, % mem avail: 94.77)
879500 1656.9196009635925 530.80 q/s (% mem usage: 5.20, % mem avail: 94.77)
880000 1657.281574010849 530.99 q/s (% mem usage: 5.20, % mem avail: 94.77)
880500 1658.6050317287445 530.87 q/s (% mem usage: 5.20, % mem avail: 94.77)
881000 1659.0207228660583 531.04 q/s (% mem usage: 5.20, % mem avail: 94.77)
881500 1659.9681553840637 531.03 q/s (% mem usage: 5.20, % mem avail: 94.77)
882000 1660.8600399494171 531.05 q/s (% mem usage: 5.20, % mem avail: 94.77)
882500 1661.8315889835358 531.04 q/s (% mem usage: 5.20, % mem avail: 94.77)
883000 1663.524760723114 530.80 q/s (% mem usage: 5.20, % mem avail: 94.77)
883500 1663.675889968872 531.05 q/s (% mem usage: 5.20, % mem avail: 94.77)
884000 1664.4945809841156 531.09 q/s (% mem usage: 5.20, % mem avail: 94.77)
884500 1665.9749059677124 530.92 q/s (% mem usage: 5.20, % mem avail: 94.77)
885000 1666.396160364151 531.09 q/s (% mem usage: 5.20, % mem avail: 94.77)
885500 1667.3699893951416 531.08 q/s (% mem usage: 5.20, % mem avail: 94.77)
886000 1668.3049688339233 531.08 q/s (% mem usage: 5.20, % mem avail: 94.78)
886500 1669.2752211093903 531.07 q/s (% mem usage: 5.20, % mem avail: 94.78)
887000 1670.282255411148 531.05 q/s (% mem usage: 5.20, % mem avail: 94.77)
887500 1671.1901986598969 531.06 q/s (% mem usage: 5.20, % mem avail: 94.77)
888000 1672.0857887268066 531.07 q/s (% mem usage: 5.20, % mem avail: 94.77)
888500 1673.1115684509277 531.05 q/s (% mem usage: 5.20, % mem avail: 94.78)
889000 1674.015210390091 531.06 q/s (% mem usage: 5.20, % mem avail: 94.78)
889500 1674.9165933132172 531.07 q/s (% mem usage: 5.20, % mem avail: 94.77)
890000 1675.7667050361633 531.10 q/s (% mem usage: 5.20, % mem avail: 94.78)
890500 1676.775628566742 531.08 q/s (% mem usage: 5.20, % mem avail: 94.78)
891000 1677.6740684509277 531.09 q/s (% mem usage: 5.20, % mem avail: 94.78)
891500 1678.5837986469269 531.10 q/s (% mem usage: 5.20, % mem avail: 94.78)
892000 1679.6000061035156 531.08 q/s (% mem usage: 5.20, % mem avail: 94.78)
892500 1680.5353138446808 531.08 q/s (% mem usage: 5.20, % mem avail: 94.78)
893000 1681.3955240249634 531.11 q/s (% mem usage: 5.20, % mem avail: 94.78)
893500 1683.9966826438904 530.58 q/s (% mem usage: 5.20, % mem avail: 94.79)
894000 1684.0415177345276 530.87 q/s (% mem usage: 5.20, % mem avail: 94.79)
894500 1684.0853877067566 531.15 q/s (% mem usage: 5.20, % mem avail: 94.79)
895000 1684.8438110351562 531.21 q/s (% mem usage: 5.20, % mem avail: 94.79)
895500 1685.7999925613403 531.20 q/s (% mem usage: 5.20, % mem avail: 94.79)
896000 1686.7180840969086 531.21 q/s (% mem usage: 5.20, % mem avail: 94.79)
896500 1687.7345147132874 531.19 q/s (% mem usage: 5.20, % mem avail: 94.79)
897000 1688.7096991539001 531.17 q/s (% mem usage: 5.20, % mem avail: 94.79)
897500 1690.7853682041168 530.82 q/s (% mem usage: 5.20, % mem avail: 94.79)
898000 1690.8985495567322 531.08 q/s (% mem usage: 5.20, % mem avail: 94.79)
898500 1691.5286300182343 531.18 q/s (% mem usage: 5.20, % mem avail: 94.79)
899000 1692.5299141407013 531.16 q/s (% mem usage: 5.20, % mem avail: 94.79)
899500 1694.3363053798676 530.89 q/s (% mem usage: 5.20, % mem avail: 94.79)
900000 1694.4997577667236 531.13 q/s (% mem usage: 5.20, % mem avail: 94.79)
900500 1695.462690114975 531.12 q/s (% mem usage: 5.20, % mem avail: 94.79)
901000 1697.4732196331024 530.79 q/s (% mem usage: 5.20, % mem avail: 94.79)
901500 1697.5166292190552 531.07 q/s (% mem usage: 5.20, % mem avail: 94.79)
902000 1698.1516134738922 531.17 q/s (% mem usage: 5.20, % mem avail: 94.79)
902500 1699.1271278858185 531.16 q/s (% mem usage: 5.20, % mem avail: 94.79)
903000 1700.1888167858124 531.12 q/s (% mem usage: 5.20, % mem avail: 94.79)
903500 1701.0930035114288 531.13 q/s (% mem usage: 5.20, % mem avail: 94.79)
904000 1704.597725868225 530.33 q/s (% mem usage: 5.20, % mem avail: 94.78)
904500 1704.6482255458832 530.61 q/s (% mem usage: 5.20, % mem avail: 94.78)
905000 1705.2470853328705 530.71 q/s (% mem usage: 5.20, % mem avail: 94.78)
905500 1705.2868020534515 531.00 q/s (% mem usage: 5.20, % mem avail: 94.78)
906000 1705.7540080547333 531.14 q/s (% mem usage: 5.20, % mem avail: 94.78)
906500 1706.7931876182556 531.11 q/s (% mem usage: 5.20, % mem avail: 94.78)
907000 1707.499951839447 531.19 q/s (% mem usage: 5.20, % mem avail: 94.78)
907500 1708.4636824131012 531.18 q/s (% mem usage: 5.20, % mem avail: 94.78)
908000 1709.4327192306519 531.17 q/s (% mem usage: 5.20, % mem avail: 94.78)
908500 1710.3659076690674 531.17 q/s (% mem usage: 5.20, % mem avail: 94.78)
909000 1711.347929239273 531.16 q/s (% mem usage: 5.20, % mem avail: 94.78)
909500 1712.2398245334625 531.18 q/s (% mem usage: 5.20, % mem avail: 94.78)
910000 1713.2364540100098 531.16 q/s (% mem usage: 5.20, % mem avail: 94.78)
910500 1714.0785143375397 531.19 q/s (% mem usage: 5.20, % mem avail: 94.79)
911000 1715.0303795337677 531.19 q/s (% mem usage: 5.20, % mem avail: 94.78)
911500 1716.0710875988007 531.16 q/s (% mem usage: 5.20, % mem avail: 94.79)
912000 1717.0257711410522 531.15 q/s (% mem usage: 5.20, % mem avail: 94.78)
912500 1717.9199063777924 531.17 q/s (% mem usage: 5.20, % mem avail: 94.78)
913000 1718.7718806266785 531.19 q/s (% mem usage: 5.20, % mem avail: 94.79)
913500 1719.762930393219 531.18 q/s (% mem usage: 5.20, % mem avail: 94.79)
914000 1720.5755729675293 531.22 q/s (% mem usage: 5.20, % mem avail: 94.79)
914500 1721.5343379974365 531.21 q/s (% mem usage: 5.20, % mem avail: 94.78)
915000 1722.524207353592 531.20 q/s (% mem usage: 5.20, % mem avail: 94.78)
915500 1723.4155406951904 531.21 q/s (% mem usage: 5.20, % mem avail: 94.78)
916000 1724.411330461502 531.20 q/s (% mem usage: 5.20, % mem avail: 94.79)
916500 1725.9378039836884 531.02 q/s (% mem usage: 5.20, % mem avail: 94.79)
917000 1726.2161538600922 531.22 q/s (% mem usage: 5.20, % mem avail: 94.78)
917500 1727.1467988491058 531.22 q/s (% mem usage: 5.20, % mem avail: 94.78)
918000 1728.161954164505 531.20 q/s (% mem usage: 5.20, % mem avail: 94.79)
918500 1729.0844721794128 531.21 q/s (% mem usage: 5.20, % mem avail: 94.79)
919000 1729.981383562088 531.22 q/s (% mem usage: 5.20, % mem avail: 94.79)
919500 1731.1169669628143 531.16 q/s (% mem usage: 5.20, % mem avail: 94.79)
920000 1732.0090296268463 531.18 q/s (% mem usage: 5.20, % mem avail: 94.79)
920500 1732.9744560718536 531.17 q/s (% mem usage: 5.20, % mem avail: 94.79)
921000 1734.072368144989 531.12 q/s (% mem usage: 5.20, % mem avail: 94.79)
921500 1734.8738434314728 531.16 q/s (% mem usage: 5.20, % mem avail: 94.79)
922000 1735.9584245681763 531.12 q/s (% mem usage: 5.20, % mem avail: 94.79)
922500 1736.9792878627777 531.09 q/s (% mem usage: 5.20, % mem avail: 94.79)
923000 1737.8775725364685 531.11 q/s (% mem usage: 5.20, % mem avail: 94.79)
923500 1738.7232661247253 531.14 q/s (% mem usage: 5.20, % mem avail: 94.79)
924000 1739.6157627105713 531.15 q/s (% mem usage: 5.20, % mem avail: 94.79)
924500 1741.845304965973 530.76 q/s (% mem usage: 5.20, % mem avail: 94.78)
925000 1741.8887152671814 531.03 q/s (% mem usage: 5.20, % mem avail: 94.78)
925500 1742.450917482376 531.15 q/s (% mem usage: 5.20, % mem avail: 94.78)
926000 1743.2754726409912 531.18 q/s (% mem usage: 5.20, % mem avail: 94.78)
926500 1746.0557124614716 530.62 q/s (% mem usage: 5.20, % mem avail: 94.78)
927000 1746.104876756668 530.90 q/s (% mem usage: 5.20, % mem avail: 94.78)
927500 1746.2861971855164 531.13 q/s (% mem usage: 5.20, % mem avail: 94.78)
928000 1747.3510966300964 531.09 q/s (% mem usage: 5.20, % mem avail: 94.78)
928500 1748.1937901973724 531.12 q/s (% mem usage: 5.20, % mem avail: 94.78)
929000 1749.113037109375 531.13 q/s (% mem usage: 5.20, % mem avail: 94.78)
929500 1750.0769708156586 531.12 q/s (% mem usage: 5.20, % mem avail: 94.78)
930000 1750.939237833023 531.14 q/s (% mem usage: 5.20, % mem avail: 94.78)
930500 1751.672184228897 531.21 q/s (% mem usage: 5.20, % mem avail: 94.78)
931000 1752.737129688263 531.17 q/s (% mem usage: 5.20, % mem avail: 94.78)
931500 1753.6350169181824 531.18 q/s (% mem usage: 5.20, % mem avail: 94.78)
932000 1754.481187582016 531.21 q/s (% mem usage: 5.20, % mem avail: 94.78)
932500 1755.4909608364105 531.19 q/s (% mem usage: 5.20, % mem avail: 94.78)
933000 1756.4706745147705 531.18 q/s (% mem usage: 5.20, % mem avail: 94.78)
933500 1757.3513510227203 531.20 q/s (% mem usage: 5.20, % mem avail: 94.78)
934000 1758.2700774669647 531.20 q/s (% mem usage: 5.20, % mem avail: 94.78)
934500 1759.9985477924347 530.97 q/s (% mem usage: 5.20, % mem avail: 94.78)
935000 1760.14626455307 531.21 q/s (% mem usage: 5.20, % mem avail: 94.78)
935500 1761.152105331421 531.19 q/s (% mem usage: 5.20, % mem avail: 94.78)
936000 1762.4851698875427 531.07 q/s (% mem usage: 5.20, % mem avail: 94.78)
936500 1762.801826953888 531.26 q/s (% mem usage: 5.20, % mem avail: 94.78)
937000 1763.7973034381866 531.24 q/s (% mem usage: 5.20, % mem avail: 94.78)
937500 1764.7929990291595 531.22 q/s (% mem usage: 5.20, % mem avail: 94.78)
938000 1765.5194227695465 531.29 q/s (% mem usage: 5.20, % mem avail: 94.78)
938500 1766.4637651443481 531.29 q/s (% mem usage: 5.20, % mem avail: 94.78)
939000 1767.372938156128 531.30 q/s (% mem usage: 5.20, % mem avail: 94.78)
939500 1769.6915879249573 530.88 q/s (% mem usage: 5.20, % mem avail: 94.78)
940000 1769.7374875545502 531.15 q/s (% mem usage: 5.20, % mem avail: 94.78)
940500 1770.1060111522675 531.32 q/s (% mem usage: 5.20, % mem avail: 94.78)
941000 1771.0533039569855 531.32 q/s (% mem usage: 5.20, % mem avail: 94.78)
941500 1772.1811311244965 531.27 q/s (% mem usage: 5.20, % mem avail: 94.78)
942000 1772.8704533576965 531.34 q/s (% mem usage: 5.20, % mem avail: 94.78)
942500 1773.9126620292664 531.31 q/s (% mem usage: 5.20, % mem avail: 94.78)
943000 1774.9350414276123 531.29 q/s (% mem usage: 5.20, % mem avail: 94.78)
943500 1775.9264976978302 531.27 q/s (% mem usage: 5.20, % mem avail: 94.78)
944000 1776.796882867813 531.29 q/s (% mem usage: 5.20, % mem avail: 94.78)
944500 1777.8005468845367 531.27 q/s (% mem usage: 5.20, % mem avail: 94.78)
945000 1779.2775568962097 531.11 q/s (% mem usage: 5.20, % mem avail: 94.78)
945500 1779.7184290885925 531.26 q/s (% mem usage: 5.20, % mem avail: 94.78)
946000 1780.7282137870789 531.24 q/s (% mem usage: 5.20, % mem avail: 94.78)
946500 1781.6351552009583 531.25 q/s (% mem usage: 5.20, % mem avail: 94.78)
947000 1782.734060049057 531.21 q/s (% mem usage: 5.20, % mem avail: 94.78)
947500 1783.5505049228668 531.24 q/s (% mem usage: 5.20, % mem avail: 94.78)
948000 1784.5272653102875 531.23 q/s (% mem usage: 5.20, % mem avail: 94.78)
948500 1785.5012884140015 531.22 q/s (% mem usage: 5.20, % mem avail: 94.78)
949000 1786.485517501831 531.21 q/s (% mem usage: 5.20, % mem avail: 94.78)
949500 1787.4404435157776 531.21 q/s (% mem usage: 5.20, % mem avail: 94.78)
950000 1788.2729728221893 531.24 q/s (% mem usage: 5.20, % mem avail: 94.78)
950500 1789.3767261505127 531.19 q/s (% mem usage: 5.20, % mem avail: 94.78)
951000 1790.0917665958405 531.26 q/s (% mem usage: 5.20, % mem avail: 94.78)
951500 1790.9818880558014 531.27 q/s (% mem usage: 5.20, % mem avail: 94.78)
952000 1791.9067749977112 531.28 q/s (% mem usage: 5.20, % mem avail: 94.78)
952500 1793.0658540725708 531.21 q/s (% mem usage: 5.20, % mem avail: 94.78)
953000 1793.7398977279663 531.29 q/s (% mem usage: 5.20, % mem avail: 94.78)
953500 1794.6742503643036 531.29 q/s (% mem usage: 5.20, % mem avail: 94.78)
954000 1795.5852665901184 531.30 q/s (% mem usage: 5.20, % mem avail: 94.78)
954500 1796.5520539283752 531.30 q/s (% mem usage: 5.20, % mem avail: 94.78)
955000 1797.5546917915344 531.28 q/s (% mem usage: 5.20, % mem avail: 94.78)
955500 1798.4596195220947 531.29 q/s (% mem usage: 5.20, % mem avail: 94.78)
956000 1799.4352185726166 531.28 q/s (% mem usage: 5.20, % mem avail: 94.78)
956500 1800.4613814353943 531.25 q/s (% mem usage: 5.20, % mem avail: 94.78)
957000 1803.6388125419617 530.59 q/s (% mem usage: 5.20, % mem avail: 94.78)
957500 1803.6868498325348 530.86 q/s (% mem usage: 5.20, % mem avail: 94.78)
958000 1803.7258095741272 531.12 q/s (% mem usage: 5.20, % mem avail: 94.78)
958500 1805.4773635864258 530.88 q/s (% mem usage: 5.20, % mem avail: 94.78)
959000 1805.5226011276245 531.15 q/s (% mem usage: 5.20, % mem avail: 94.78)
959500 1806.1553428173065 531.24 q/s (% mem usage: 5.20, % mem avail: 94.78)
960000 1806.9614810943604 531.28 q/s (% mem usage: 5.20, % mem avail: 94.78)
960500 1808.1352241039276 531.21 q/s (% mem usage: 5.20, % mem avail: 94.78)
961000 1808.9707865715027 531.24 q/s (% mem usage: 5.20, % mem avail: 94.78)
961500 1810.0358157157898 531.20 q/s (% mem usage: 5.20, % mem avail: 94.78)
962000 1810.9056322574615 531.23 q/s (% mem usage: 5.20, % mem avail: 94.78)
962500 1813.309979915619 530.80 q/s (% mem usage: 5.20, % mem avail: 94.78)
963000 1813.3750228881836 531.05 q/s (% mem usage: 5.20, % mem avail: 94.78)
963500 1813.7835228443146 531.21 q/s (% mem usage: 5.20, % mem avail: 94.78)
964000 1814.6755578517914 531.22 q/s (% mem usage: 5.20, % mem avail: 94.78)
964500 1815.582093000412 531.23 q/s (% mem usage: 5.20, % mem avail: 94.78)
965000 1816.486245393753 531.25 q/s (% mem usage: 5.20, % mem avail: 94.78)
965500 1817.3322803974152 531.27 q/s (% mem usage: 5.20, % mem avail: 94.78)
966000 1818.4539926052094 531.22 q/s (% mem usage: 5.20, % mem avail: 94.78)
966500 1819.288701057434 531.25 q/s (% mem usage: 5.20, % mem avail: 94.78)
967000 1820.2220146656036 531.25 q/s (% mem usage: 5.20, % mem avail: 94.78)
967500 1822.0206108093262 531.00 q/s (% mem usage: 5.20, % mem avail: 94.78)
968000 1822.0672404766083 531.26 q/s (% mem usage: 5.20, % mem avail: 94.78)
968500 1822.9907524585724 531.27 q/s (% mem usage: 5.20, % mem avail: 94.78)
969000 1823.9743802547455 531.26 q/s (% mem usage: 5.20, % mem avail: 94.78)
969500 1824.780728816986 531.30 q/s (% mem usage: 5.20, % mem avail: 94.78)
970000 1825.765596628189 531.28 q/s (% mem usage: 5.20, % mem avail: 94.78)
970500 1826.5398705005646 531.33 q/s (% mem usage: 5.20, % mem avail: 94.78)
971000 1827.4651472568512 531.34 q/s (% mem usage: 5.20, % mem avail: 94.78)
971500 1828.4045708179474 531.34 q/s (% mem usage: 5.20, % mem avail: 94.78)
972000 1830.0670220851898 531.13 q/s (% mem usage: 5.20, % mem avail: 94.78)
972500 1830.108288526535 531.39 q/s (% mem usage: 5.20, % mem avail: 94.78)
973000 1830.9249727725983 531.43 q/s (% mem usage: 5.20, % mem avail: 94.78)
973500 1832.1026606559753 531.36 q/s (% mem usage: 5.20, % mem avail: 94.78)
974000 1832.8887405395508 531.40 q/s (% mem usage: 5.20, % mem avail: 94.78)
974500 1833.7694811820984 531.42 q/s (% mem usage: 5.20, % mem avail: 94.78)
975000 1834.736734867096 531.41 q/s (% mem usage: 5.20, % mem avail: 94.78)
975500 1835.6920521259308 531.41 q/s (% mem usage: 5.20, % mem avail: 94.78)
976000 1836.5995132923126 531.42 q/s (% mem usage: 5.20, % mem avail: 94.78)
976500 1837.5771222114563 531.41 q/s (% mem usage: 5.20, % mem avail: 94.78)
977000 1838.5154881477356 531.41 q/s (% mem usage: 5.20, % mem avail: 94.78)
977500 1839.826960325241 531.30 q/s (% mem usage: 5.20, % mem avail: 94.78)
978000 1840.395626783371 531.41 q/s (% mem usage: 5.20, % mem avail: 94.78)
978500 1841.460675239563 531.37 q/s (% mem usage: 5.20, % mem avail: 94.78)
979000 1842.8720161914825 531.24 q/s (% mem usage: 5.20, % mem avail: 94.78)
979500 1843.4199724197388 531.35 q/s (% mem usage: 5.20, % mem avail: 94.78)
980000 1843.9796619415283 531.46 q/s (% mem usage: 5.20, % mem avail: 94.78)
980500 1845.0209577083588 531.43 q/s (% mem usage: 5.20, % mem avail: 94.78)
981000 1846.6381731033325 531.24 q/s (% mem usage: 5.20, % mem avail: 94.78)
981500 1846.7953226566315 531.46 q/s (% mem usage: 5.20, % mem avail: 94.78)
982000 1848.3948793411255 531.27 q/s (% mem usage: 5.20, % mem avail: 94.78)
982500 1848.7998507022858 531.43 q/s (% mem usage: 5.20, % mem avail: 94.78)
983000 1850.099273443222 531.32 q/s (% mem usage: 5.20, % mem avail: 94.78)
983500 1850.6722166538239 531.43 q/s (% mem usage: 5.20, % mem avail: 94.78)
984000 1852.897471189499 531.06 q/s (% mem usage: 5.20, % mem avail: 94.78)
984500 1853.0466194152832 531.29 q/s (% mem usage: 5.20, % mem avail: 94.78)
985000 1853.6651544570923 531.38 q/s (% mem usage: 5.20, % mem avail: 94.78)
985500 1854.7591638565063 531.34 q/s (% mem usage: 5.20, % mem avail: 94.78)
986000 1855.9706437587738 531.26 q/s (% mem usage: 5.20, % mem avail: 94.78)
986500 1856.4045116901398 531.40 q/s (% mem usage: 5.20, % mem avail: 94.78)
987000 1857.5202040672302 531.35 q/s (% mem usage: 5.20, % mem avail: 94.78)
987500 1858.5568203926086 531.33 q/s (% mem usage: 5.20, % mem avail: 94.78)
988000 1859.3335926532745 531.37 q/s (% mem usage: 5.20, % mem avail: 94.78)
988500 1860.273647069931 531.37 q/s (% mem usage: 5.20, % mem avail: 94.78)
989000 1861.1823670864105 531.38 q/s (% mem usage: 5.20, % mem avail: 94.78)
989500 1862.2062232494354 531.36 q/s (% mem usage: 5.20, % mem avail: 94.78)
990000 1863.0782599449158 531.38 q/s (% mem usage: 5.20, % mem avail: 94.78)
990500 1863.9756038188934 531.39 q/s (% mem usage: 5.20, % mem avail: 94.78)
991000 1865.7082877159119 531.17 q/s (% mem usage: 5.20, % mem avail: 94.78)
991500 1865.7667486667633 531.42 q/s (% mem usage: 5.20, % mem avail: 94.78)
992000 1867.6424388885498 531.15 q/s (% mem usage: 5.20, % mem avail: 94.78)
992500 1867.6868607997894 531.41 q/s (% mem usage: 5.20, % mem avail: 94.78)
993000 1868.4822406768799 531.45 q/s (% mem usage: 5.20, % mem avail: 94.78)
993500 1869.314537525177 531.48 q/s (% mem usage: 5.20, % mem avail: 94.78)
994000 1870.2388293743134 531.48 q/s (% mem usage: 5.20, % mem avail: 94.78)
994500 1871.8952593803406 531.28 q/s (% mem usage: 5.20, % mem avail: 94.78)
995000 1872.4940502643585 531.38 q/s (% mem usage: 5.20, % mem avail: 94.78)
995500 1872.9974222183228 531.50 q/s (% mem usage: 5.20, % mem avail: 94.78)
996000 1873.8952119350433 531.51 q/s (% mem usage: 5.20, % mem avail: 94.78)
996500 1876.8378801345825 530.95 q/s (% mem usage: 5.20, % mem avail: 94.78)
997000 1876.88267993927 531.20 q/s (% mem usage: 5.20, % mem avail: 94.78)
997500 1877.8510143756866 531.19 q/s (% mem usage: 5.20, % mem avail: 94.78)
998000 1877.8945820331573 531.45 q/s (% mem usage: 5.20, % mem avail: 94.78)
998500 1878.6707396507263 531.49 q/s (% mem usage: 5.20, % mem avail: 94.78)
999000 1879.5985789299011 531.50 q/s (% mem usage: 5.20, % mem avail: 94.78)
999500 1880.441593170166 531.52 q/s (% mem usage: 5.20, % mem avail: 94.78)
1000000 1882.9602453708649 531.08 q/s (% mem usage: 5.20, % mem avail: 94.78)
1000500 1883.0059578418732 531.33 q/s (% mem usage: 5.20, % mem avail: 94.78)
1001000 1884.5401029586792 531.16 q/s (% mem usage: 5.20, % mem avail: 94.78)
1001500 1884.5857088565826 531.42 q/s (% mem usage: 5.20, % mem avail: 94.78)
1002000 1885.6086542606354 531.39 q/s (% mem usage: 5.20, % mem avail: 94.78)
1002500 1886.0616059303284 531.53 q/s (% mem usage: 5.20, % mem avail: 94.78)
1003000 1887.0253171920776 531.52 q/s (% mem usage: 5.20, % mem avail: 94.78)
1003500 1887.9088518619537 531.54 q/s (% mem usage: 5.20, % mem avail: 94.78)
1004000 1888.783839225769 531.56 q/s (% mem usage: 5.20, % mem avail: 94.78)
1004500 1889.665655374527 531.58 q/s (% mem usage: 5.20, % mem avail: 94.78)
1005000 1890.60937666893 531.57 q/s (% mem usage: 5.20, % mem avail: 94.78)
1005500 1891.4023578166962 531.62 q/s (% mem usage: 5.20, % mem avail: 94.78)
1006000 1892.9476673603058 531.45 q/s (% mem usage: 5.20, % mem avail: 94.78)
1006500 1893.3845739364624 531.59 q/s (% mem usage: 5.20, % mem avail: 94.78)
1007000 1896.165691614151 531.07 q/s (% mem usage: 5.20, % mem avail: 94.78)
1007500 1896.2081472873688 531.32 q/s (% mem usage: 5.20, % mem avail: 94.78)
1008000 1897.6576726436615 531.18 q/s (% mem usage: 5.20, % mem avail: 94.78)
1008500 1897.6995315551758 531.43 q/s (% mem usage: 5.20, % mem avail: 94.78)
1009000 1898.1469032764435 531.57 q/s (% mem usage: 5.20, % mem avail: 94.78)
1009500 1898.9821870326996 531.60 q/s (% mem usage: 5.20, % mem avail: 94.78)
1010000 1899.8480124473572 531.62 q/s (% mem usage: 5.20, % mem avail: 94.78)
1010500 1900.8892335891724 531.59 q/s (% mem usage: 5.20, % mem avail: 94.78)
1011000 1901.7512938976288 531.62 q/s (% mem usage: 5.20, % mem avail: 94.78)
1011500 1902.7321968078613 531.60 q/s (% mem usage: 5.20, % mem avail: 94.78)
1012000 1903.6633124351501 531.61 q/s (% mem usage: 5.20, % mem avail: 94.78)
1012500 1904.9973194599152 531.50 q/s (% mem usage: 5.20, % mem avail: 94.78)
1013000 1905.6678619384766 531.57 q/s (% mem usage: 5.20, % mem avail: 94.78)
1013500 1906.6273562908173 531.57 q/s (% mem usage: 5.20, % mem avail: 94.78)
1014000 1907.569393157959 531.57 q/s (% mem usage: 5.20, % mem avail: 94.78)
1014500 1910.178542137146 531.10 q/s (% mem usage: 5.20, % mem avail: 94.78)
1015000 1910.2185852527618 531.35 q/s (% mem usage: 5.20, % mem avail: 94.78)
1015500 1910.389333486557 531.57 q/s (% mem usage: 5.20, % mem avail: 94.78)
1016000 1911.3896462917328 531.55 q/s (% mem usage: 5.20, % mem avail: 94.78)
1016500 1912.3516166210175 531.54 q/s (% mem usage: 5.20, % mem avail: 94.78)
1017000 1913.64302110672 531.45 q/s (% mem usage: 5.20, % mem avail: 94.78)
1017500 1914.293342590332 531.53 q/s (% mem usage: 5.20, % mem avail: 94.78)
1018000 1915.246827840805 531.52 q/s (% mem usage: 5.20, % mem avail: 94.78)
1018500 1916.0965526103973 531.55 q/s (% mem usage: 5.20, % mem avail: 94.78)
1019000 1917.0393645763397 531.55 q/s (% mem usage: 5.20, % mem avail: 94.78)
1019500 1918.662230014801 531.36 q/s (% mem usage: 5.20, % mem avail: 94.78)
1020000 1918.9225175380707 531.55 q/s (% mem usage: 5.20, % mem avail: 94.78)
1020500 1919.9823641777039 531.52 q/s (% mem usage: 5.20, % mem avail: 94.78)
1021000 1920.912311077118 531.52 q/s (% mem usage: 5.20, % mem avail: 94.78)
1021500 1922.5830099582672 531.32 q/s (% mem usage: 5.20, % mem avail: 94.78)
1022000 1922.778847694397 531.52 q/s (% mem usage: 5.20, % mem avail: 94.78)
1022500 1924.0551362037659 531.43 q/s (% mem usage: 5.20, % mem avail: 94.78)
1023000 1924.7193458080292 531.51 q/s (% mem usage: 5.20, % mem avail: 94.78)
1023500 1925.587648153305 531.53 q/s (% mem usage: 5.20, % mem avail: 94.78)
1024000 1926.6049966812134 531.50 q/s (% mem usage: 5.20, % mem avail: 94.78)
1024500 1927.9391946792603 531.40 q/s (% mem usage: 5.20, % mem avail: 94.78)
1025000 1928.619698047638 531.47 q/s (% mem usage: 5.20, % mem avail: 94.78)
1025500 1929.595426082611 531.46 q/s (% mem usage: 5.20, % mem avail: 94.78)
1026000 1932.1769869327545 531.01 q/s (% mem usage: 5.20, % mem avail: 94.78)
1026500 1932.23086810112 531.25 q/s (% mem usage: 5.20, % mem avail: 94.78)
1027000 1932.5760910511017 531.42 q/s (% mem usage: 5.20, % mem avail: 94.78)
1027500 1933.6615023612976 531.38 q/s (% mem usage: 5.20, % mem avail: 94.78)
1028000 1934.327788591385 531.45 q/s (% mem usage: 5.20, % mem avail: 94.78)
1028500 1935.3110582828522 531.44 q/s (% mem usage: 5.20, % mem avail: 94.78)
1029000 1936.1976613998413 531.45 q/s (% mem usage: 5.20, % mem avail: 94.78)
1029500 1937.1635196208954 531.45 q/s (% mem usage: 5.20, % mem avail: 94.78)
1030000 1937.9895544052124 531.48 q/s (% mem usage: 5.20, % mem avail: 94.78)
1030500 1938.9974370002747 531.46 q/s (% mem usage: 5.20, % mem avail: 94.78)
1031000 1939.8636572360992 531.48 q/s (% mem usage: 5.20, % mem avail: 94.78)
1031500 1940.773391008377 531.49 q/s (% mem usage: 5.20, % mem avail: 94.78)
1032000 1941.6357357501984 531.51 q/s (% mem usage: 5.20, % mem avail: 94.78)
1032500 1942.6020679473877 531.50 q/s (% mem usage: 5.20, % mem avail: 94.78)
1033000 1943.5792956352234 531.49 q/s (% mem usage: 5.20, % mem avail: 94.78)
1033500 1944.5295240879059 531.49 q/s (% mem usage: 5.20, % mem avail: 94.77)
1034000 1945.4150037765503 531.51 q/s (% mem usage: 5.20, % mem avail: 94.77)
1034500 1946.3002228736877 531.52 q/s (% mem usage: 5.20, % mem avail: 94.77)
1035000 1947.325085401535 531.50 q/s (% mem usage: 5.20, % mem avail: 94.77)
1035500 1948.2449924945831 531.50 q/s (% mem usage: 5.20, % mem avail: 94.77)
1036000 1949.0271258354187 531.55 q/s (% mem usage: 5.20, % mem avail: 94.77)
1036500 1950.056988954544 531.52 q/s (% mem usage: 5.20, % mem avail: 94.77)
1037000 1950.9283289909363 531.54 q/s (% mem usage: 5.20, % mem avail: 94.77)
1037500 1951.8180210590363 531.56 q/s (% mem usage: 5.20, % mem avail: 94.77)
1038000 1952.8002486228943 531.54 q/s (% mem usage: 5.20, % mem avail: 94.77)
1038500 1953.6297674179077 531.57 q/s (% mem usage: 5.20, % mem avail: 94.77)
1039000 1954.5819795131683 531.57 q/s (% mem usage: 5.20, % mem avail: 94.77)
1039500 1955.4000856876373 531.60 q/s (% mem usage: 5.20, % mem avail: 94.77)
1040000 1956.4176552295685 531.58 q/s (% mem usage: 5.20, % mem avail: 94.77)
1040500 1957.191561460495 531.63 q/s (% mem usage: 5.20, % mem avail: 94.77)
1041000 1958.4220247268677 531.55 q/s (% mem usage: 5.20, % mem avail: 94.77)
1041500 1959.15083193779 531.61 q/s (% mem usage: 5.20, % mem avail: 94.77)
1042000 1959.956134557724 531.64 q/s (% mem usage: 5.20, % mem avail: 94.77)
1042500 1960.838348865509 531.66 q/s (% mem usage: 5.20, % mem avail: 94.77)
1043000 1961.858745098114 531.64 q/s (% mem usage: 5.20, % mem avail: 94.78)
1043500 1963.7414503097534 531.38 q/s (% mem usage: 5.20, % mem avail: 94.78)
1044000 1963.810521364212 531.62 q/s (% mem usage: 5.20, % mem avail: 94.78)
1044500 1966.3755521774292 531.18 q/s (% mem usage: 5.20, % mem avail: 94.78)
1045000 1966.4256374835968 531.42 q/s (% mem usage: 5.20, % mem avail: 94.78)
1045500 1966.6731507778168 531.61 q/s (% mem usage: 5.20, % mem avail: 94.77)
1046000 1969.6373903751373 531.06 q/s (% mem usage: 5.20, % mem avail: 94.79)
1046500 1970.5765697956085 531.06 q/s (% mem usage: 5.20, % mem avail: 94.79)
1047000 1970.6199314594269 531.30 q/s (% mem usage: 5.20, % mem avail: 94.79)
1047500 1970.981434583664 531.46 q/s (% mem usage: 5.20, % mem avail: 94.79)
1048000 1971.6440243721008 531.54 q/s (% mem usage: 5.20, % mem avail: 94.79)
1048500 1972.537751197815 531.55 q/s (% mem usage: 5.20, % mem avail: 94.79)
1049000 1973.5781791210175 531.52 q/s (% mem usage: 5.20, % mem avail: 94.79)
1049500 1974.3683199882507 531.56 q/s (% mem usage: 5.20, % mem avail: 94.79)
1050000 1975.255744934082 531.58 q/s (% mem usage: 5.20, % mem avail: 94.79)
1050500 1976.2621252536774 531.56 q/s (% mem usage: 5.20, % mem avail: 94.79)
1051000 1977.1023774147034 531.59 q/s (% mem usage: 5.20, % mem avail: 94.79)
1051500 1978.000696182251 531.60 q/s (% mem usage: 5.20, % mem avail: 94.79)
1052000 1978.9617173671722 531.59 q/s (% mem usage: 5.20, % mem avail: 94.78)
1052500 1979.9071898460388 531.59 q/s (% mem usage: 5.20, % mem avail: 94.78)
1053000 1980.800196647644 531.60 q/s (% mem usage: 5.20, % mem avail: 94.78)
1053500 1981.7847604751587 531.59 q/s (% mem usage: 5.20, % mem avail: 94.78)
1054000 1982.8704974651337 531.55 q/s (% mem usage: 5.20, % mem avail: 94.78)
1054500 1983.7839877605438 531.56 q/s (% mem usage: 5.20, % mem avail: 94.78)
1055000 1984.7481341362 531.55 q/s (% mem usage: 5.20, % mem avail: 94.78)
1055500 1985.6939487457275 531.55 q/s (% mem usage: 5.20, % mem avail: 94.78)
1056000 1986.7298562526703 531.53 q/s (% mem usage: 5.20, % mem avail: 94.78)
1056500 1987.657033443451 531.53 q/s (% mem usage: 5.20, % mem avail: 94.79)
1057000 1988.553424835205 531.54 q/s (% mem usage: 5.20, % mem avail: 94.79)
1057500 1989.448038816452 531.55 q/s (% mem usage: 5.20, % mem avail: 94.79)
1058000 1990.351655960083 531.56 q/s (% mem usage: 5.20, % mem avail: 94.79)
1058500 1991.2493267059326 531.58 q/s (% mem usage: 5.20, % mem avail: 94.79)
1059000 1992.1770811080933 531.58 q/s (% mem usage: 5.20, % mem avail: 94.78)
1059500 1993.1397531032562 531.57 q/s (% mem usage: 5.20, % mem avail: 94.78)
1060000 1994.2412967681885 531.53 q/s (% mem usage: 5.20, % mem avail: 94.78)
1060500 1994.995138168335 531.58 q/s (% mem usage: 5.20, % mem avail: 94.78)
1061000 1995.8750500679016 531.60 q/s (% mem usage: 5.20, % mem avail: 94.78)
1061500 1996.8798985481262 531.58 q/s (% mem usage: 5.20, % mem avail: 94.78)
1062000 1997.7669489383698 531.59 q/s (% mem usage: 5.20, % mem avail: 94.78)
1062500 1998.6983432769775 531.60 q/s (% mem usage: 5.20, % mem avail: 94.78)
1063000 1999.73965382576 531.57 q/s (% mem usage: 5.20, % mem avail: 94.78)
1063500 2000.770883321762 531.55 q/s (% mem usage: 5.20, % mem avail: 94.78)
1064000 2001.4754037857056 531.61 q/s (% mem usage: 5.20, % mem avail: 94.78)
1064500 2002.3943974971771 531.61 q/s (% mem usage: 5.20, % mem avail: 94.78)
1065000 2003.7235000133514 531.51 q/s (% mem usage: 5.20, % mem avail: 94.78)
1065500 2004.304170370102 531.61 q/s (% mem usage: 5.20, % mem avail: 94.77)
1066000 2005.787098646164 531.46 q/s (% mem usage: 5.20, % mem avail: 94.77)
1066500 2006.222615480423 531.60 q/s (% mem usage: 5.20, % mem avail: 94.77)
1067000 2007.4150903224945 531.53 q/s (% mem usage: 5.20, % mem avail: 94.77)
1067500 2008.2788722515106 531.55 q/s (% mem usage: 5.20, % mem avail: 94.77)
1068000 2009.7863380908966 531.40 q/s (% mem usage: 5.20, % mem avail: 94.78)
1068500 2010.2423570156097 531.53 q/s (% mem usage: 5.20, % mem avail: 94.78)
1069000 2011.233650445938 531.51 q/s (% mem usage: 5.20, % mem avail: 94.78)
1069500 2011.9686253070831 531.57 q/s (% mem usage: 5.20, % mem avail: 94.78)
1070000 2012.963787317276 531.55 q/s (% mem usage: 5.20, % mem avail: 94.78)
1070500 2013.8074810504913 531.58 q/s (% mem usage: 5.20, % mem avail: 94.78)
1071000 2015.0603966712952 531.50 q/s (% mem usage: 5.20, % mem avail: 94.77)
1071500 2015.8796453475952 531.53 q/s (% mem usage: 5.20, % mem avail: 94.77)
1072000 2016.6997020244598 531.56 q/s (% mem usage: 5.20, % mem avail: 94.77)
1072500 2017.5306913852692 531.59 q/s (% mem usage: 5.20, % mem avail: 94.77)
1073000 2018.5605032444 531.57 q/s (% mem usage: 5.20, % mem avail: 94.77)
1073500 2019.577936410904 531.55 q/s (% mem usage: 5.20, % mem avail: 94.77)
1074000 2020.9940478801727 531.42 q/s (% mem usage: 5.20, % mem avail: 94.77)
1074500 2021.389799118042 531.56 q/s (% mem usage: 5.20, % mem avail: 94.77)
1075000 2022.6458876132965 531.48 q/s (% mem usage: 5.20, % mem avail: 94.77)
1075500 2023.2248749732971 531.58 q/s (% mem usage: 5.20, % mem avail: 94.76)
1076000 2024.6718108654022 531.44 q/s (% mem usage: 5.20, % mem avail: 94.76)
1076500 2026.1902611255646 531.29 q/s (% mem usage: 5.20, % mem avail: 94.76)
1077000 2026.236270904541 531.53 q/s (% mem usage: 5.20, % mem avail: 94.76)
1077500 2026.9955251216888 531.57 q/s (% mem usage: 5.20, % mem avail: 94.76)
1078000 2028.4064047336578 531.45 q/s (% mem usage: 5.20, % mem avail: 94.76)
1078500 2028.8578054904938 531.58 q/s (% mem usage: 5.20, % mem avail: 94.76)
1079000 2029.7554671764374 531.59 q/s (% mem usage: 5.20, % mem avail: 94.76)
1079500 2030.617981672287 531.61 q/s (% mem usage: 5.20, % mem avail: 94.76)
1080000 2031.6699335575104 531.58 q/s (% mem usage: 5.20, % mem avail: 94.77)
1080500 2032.506520986557 531.61 q/s (% mem usage: 5.20, % mem avail: 94.77)
1081000 2033.423314332962 531.62 q/s (% mem usage: 5.20, % mem avail: 94.77)
1081500 2034.2868609428406 531.64 q/s (% mem usage: 5.20, % mem avail: 94.77)
1082000 2035.263039112091 531.63 q/s (% mem usage: 5.20, % mem avail: 94.77)
1082500 2036.089854478836 531.66 q/s (% mem usage: 5.20, % mem avail: 94.77)
1083000 2037.1179802417755 531.63 q/s (% mem usage: 5.20, % mem avail: 94.76)
1083500 2038.0856940746307 531.63 q/s (% mem usage: 5.20, % mem avail: 94.76)
1084000 2039.0467846393585 531.62 q/s (% mem usage: 5.20, % mem avail: 94.76)
1084500 2040.0500874519348 531.60 q/s (% mem usage: 5.20, % mem avail: 94.76)
1085000 2040.799878358841 531.65 q/s (% mem usage: 5.20, % mem avail: 94.76)
1085500 2041.7633192539215 531.65 q/s (% mem usage: 5.20, % mem avail: 94.76)
1086000 2042.8838982582092 531.60 q/s (% mem usage: 5.20, % mem avail: 94.76)
1086500 2043.5615255832672 531.67 q/s (% mem usage: 5.20, % mem avail: 94.76)
1087000 2044.6261360645294 531.64 q/s (% mem usage: 5.20, % mem avail: 94.76)
1087500 2045.5088431835175 531.65 q/s (% mem usage: 5.20, % mem avail: 94.76)
1088000 2047.3691232204437 531.41 q/s (% mem usage: 5.20, % mem avail: 94.76)
1088500 2047.720963716507 531.57 q/s (% mem usage: 5.20, % mem avail: 94.76)
1089000 2048.684818506241 531.56 q/s (% mem usage: 5.20, % mem avail: 94.76)
1089500 2049.6547021865845 531.55 q/s (% mem usage: 5.20, % mem avail: 94.76)
1090000 2050.4943425655365 531.58 q/s (% mem usage: 5.20, % mem avail: 94.76)
1090500 2051.425691127777 531.58 q/s (% mem usage: 5.20, % mem avail: 94.76)
1091000 2052.3453295230865 531.59 q/s (% mem usage: 5.20, % mem avail: 94.76)
1091500 2054.2367684841156 531.34 q/s (% mem usage: 5.20, % mem avail: 94.76)
1092000 2054.4130387306213 531.54 q/s (% mem usage: 5.20, % mem avail: 94.76)
1092500 2055.5405354499817 531.49 q/s (% mem usage: 5.20, % mem avail: 94.76)
1093000 2055.996256828308 531.62 q/s (% mem usage: 5.20, % mem avail: 94.76)
1093500 2057.1614170074463 531.56 q/s (% mem usage: 5.20, % mem avail: 94.76)
1094000 2057.8793630599976 531.62 q/s (% mem usage: 5.20, % mem avail: 94.76)
1094500 2059.8114881515503 531.36 q/s (% mem usage: 5.20, % mem avail: 94.76)
1095000 2059.85742855072 531.59 q/s (% mem usage: 5.20, % mem avail: 94.76)
1095500 2060.9160945415497 531.56 q/s (% mem usage: 5.20, % mem avail: 94.76)
1096000 2061.7052659988403 531.60 q/s (% mem usage: 5.20, % mem avail: 94.76)
1096500 2062.6228725910187 531.60 q/s (% mem usage: 5.20, % mem avail: 94.76)
1097000 2063.491739988327 531.62 q/s (% mem usage: 5.20, % mem avail: 94.76)
1097500 2064.692186355591 531.56 q/s (% mem usage: 5.20, % mem avail: 94.76)
1098000 2066.7505643367767 531.27 q/s (% mem usage: 5.20, % mem avail: 94.76)
1098500 2066.7928376197815 531.50 q/s (% mem usage: 5.20, % mem avail: 94.76)
1099000 2067.2743043899536 531.62 q/s (% mem usage: 5.20, % mem avail: 94.76)
1099500 2069.3771777153015 531.32 q/s (% mem usage: 5.20, % mem avail: 94.76)
1100000 2069.420402765274 531.55 q/s (% mem usage: 5.20, % mem avail: 94.76)
1100500 2070.9619748592377 531.40 q/s (% mem usage: 5.20, % mem avail: 94.76)
1101000 2071.108363389969 531.60 q/s (% mem usage: 5.20, % mem avail: 94.76)
1101500 2072.1026508808136 531.59 q/s (% mem usage: 5.20, % mem avail: 94.76)
1102000 2074.119384765625 531.31 q/s (% mem usage: 5.20, % mem avail: 94.76)
1102500 2074.381989002228 531.48 q/s (% mem usage: 5.20, % mem avail: 94.76)
1103000 2074.9190154075623 531.59 q/s (% mem usage: 5.20, % mem avail: 94.76)
1103500 2075.8543226718903 531.59 q/s (% mem usage: 5.20, % mem avail: 94.76)
1104000 2078.118022441864 531.25 q/s (% mem usage: 5.20, % mem avail: 94.76)
1104500 2078.1611993312836 531.48 q/s (% mem usage: 5.20, % mem avail: 94.76)
1105000 2078.765031337738 531.57 q/s (% mem usage: 5.20, % mem avail: 94.76)
1105500 2079.6982548236847 531.57 q/s (% mem usage: 5.20, % mem avail: 94.76)
1106000 2080.5062325000763 531.60 q/s (% mem usage: 5.20, % mem avail: 94.76)
1106500 2081.49466919899 531.59 q/s (% mem usage: 5.20, % mem avail: 94.76)
1107000 2082.6682381629944 531.53 q/s (% mem usage: 5.20, % mem avail: 94.76)
1107500 2083.9282693862915 531.45 q/s (% mem usage: 5.20, % mem avail: 94.76)
1108000 2084.3540148735046 531.58 q/s (% mem usage: 5.20, % mem avail: 94.76)
1108500 2085.1884989738464 531.61 q/s (% mem usage: 5.20, % mem avail: 94.76)
1109000 2087.525931119919 531.25 q/s (% mem usage: 5.20, % mem avail: 94.76)
1109500 2087.5727796554565 531.48 q/s (% mem usage: 5.20, % mem avail: 94.76)
1110000 2088.1417651176453 531.57 q/s (% mem usage: 5.20, % mem avail: 94.76)
1110500 2089.850042819977 531.38 q/s (% mem usage: 5.20, % mem avail: 94.76)
1111000 2090.1932377815247 531.53 q/s (% mem usage: 5.20, % mem avail: 94.76)
1111500 2091.130588054657 531.53 q/s (% mem usage: 5.20, % mem avail: 94.76)
1112000 2092.043998003006 531.54 q/s (% mem usage: 5.20, % mem avail: 94.76)
1112500 2092.9832694530487 531.54 q/s (% mem usage: 5.20, % mem avail: 94.76)
1113000 2093.723165035248 531.59 q/s (% mem usage: 5.20, % mem avail: 94.76)
1113500 2095.0169644355774 531.50 q/s (% mem usage: 5.20, % mem avail: 94.76)
1114000 2095.5250833034515 531.61 q/s (% mem usage: 5.20, % mem avail: 94.76)
1114500 2096.5652844905853 531.58 q/s (% mem usage: 5.20, % mem avail: 94.76)
1115000 2097.4309697151184 531.60 q/s (% mem usage: 5.20, % mem avail: 94.76)
1115500 2098.907369375229 531.47 q/s (% mem usage: 5.20, % mem avail: 94.76)
1116000 2099.342441558838 531.60 q/s (% mem usage: 5.20, % mem avail: 94.76)
1116500 2100.227412223816 531.61 q/s (% mem usage: 5.20, % mem avail: 94.76)
1117000 2101.0938372612 531.63 q/s (% mem usage: 5.20, % mem avail: 94.76)
1117500 2102.0174963474274 531.63 q/s (% mem usage: 5.20, % mem avail: 94.77)
1118000 2102.9986548423767 531.62 q/s (% mem usage: 5.20, % mem avail: 94.79)
1118500 2103.944808244705 531.62 q/s (% mem usage: 5.20, % mem avail: 94.79)
1119000 2106.3070571422577 531.26 q/s (% mem usage: 5.20, % mem avail: 94.79)
1119500 2106.3528571128845 531.49 q/s (% mem usage: 5.20, % mem avail: 94.79)
1120000 2106.6321408748627 531.65 q/s (% mem usage: 5.20, % mem avail: 94.79)
1120500 2108.5724246501923 531.40 q/s (% mem usage: 5.20, % mem avail: 94.79)
1121000 2108.6183779239655 531.63 q/s (% mem usage: 5.20, % mem avail: 94.79)
1121500 2109.211443901062 531.72 q/s (% mem usage: 5.20, % mem avail: 94.79)
1122000 2110.098720550537 531.73 q/s (% mem usage: 5.20, % mem avail: 94.79)
1122500 2111.8065881729126 531.54 q/s (% mem usage: 5.20, % mem avail: 94.79)
1123000 2112.01198387146 531.72 q/s (% mem usage: 5.20, % mem avail: 94.79)
1123500 2112.997083902359 531.71 q/s (% mem usage: 5.20, % mem avail: 94.79)
1124000 2114.0156302452087 531.69 q/s (% mem usage: 5.20, % mem avail: 94.79)
1124500 2114.942318916321 531.69 q/s (% mem usage: 5.20, % mem avail: 94.79)
1125000 2115.961045742035 531.67 q/s (% mem usage: 5.20, % mem avail: 94.79)
1125500 2116.8197569847107 531.69 q/s (% mem usage: 5.20, % mem avail: 94.79)
1126000 2117.891786813736 531.66 q/s (% mem usage: 5.20, % mem avail: 94.79)
1126500 2118.6571927070618 531.70 q/s (% mem usage: 5.20, % mem avail: 94.79)
1127000 2119.467795610428 531.74 q/s (% mem usage: 5.20, % mem avail: 94.79)
1127500 2120.476720094681 531.72 q/s (% mem usage: 5.20, % mem avail: 94.79)
1128000 2121.351600408554 531.74 q/s (% mem usage: 5.20, % mem avail: 94.79)
1128500 2122.2303738594055 531.75 q/s (% mem usage: 5.20, % mem avail: 94.79)
1129000 2123.2344205379486 531.74 q/s (% mem usage: 5.20, % mem avail: 94.79)
1129500 2124.165690422058 531.74 q/s (% mem usage: 5.20, % mem avail: 94.80)
1130000 2125.002998828888 531.76 q/s (% mem usage: 5.20, % mem avail: 94.80)
1130500 2126.0846326351166 531.73 q/s (% mem usage: 5.20, % mem avail: 94.79)
1131000 2126.869961500168 531.77 q/s (% mem usage: 5.20, % mem avail: 94.79)
1131500 2128.1192412376404 531.69 q/s (% mem usage: 5.20, % mem avail: 94.79)
1132000 2128.8904576301575 531.73 q/s (% mem usage: 5.20, % mem avail: 94.79)
1132500 2129.9064090251923 531.71 q/s (% mem usage: 5.20, % mem avail: 94.79)
1133000 2131.5208978652954 531.55 q/s (% mem usage: 5.20, % mem avail: 94.79)
1133500 2131.6820006370544 531.74 q/s (% mem usage: 5.20, % mem avail: 94.79)
1134000 2132.669818162918 531.73 q/s (% mem usage: 5.20, % mem avail: 94.79)
1134500 2133.5261352062225 531.75 q/s (% mem usage: 5.20, % mem avail: 94.79)
1135000 2134.421380519867 531.76 q/s (% mem usage: 5.20, % mem avail: 94.79)
1135500 2135.3393914699554 531.77 q/s (% mem usage: 5.20, % mem avail: 94.79)
1136000 2136.260181427002 531.77 q/s (% mem usage: 5.20, % mem avail: 94.79)
1136500 2137.1871643066406 531.77 q/s (% mem usage: 5.20, % mem avail: 94.79)
1137000 2137.9471955299377 531.82 q/s (% mem usage: 5.20, % mem avail: 94.79)
1137500 2138.923864841461 531.81 q/s (% mem usage: 5.20, % mem avail: 94.79)
1138000 2139.8532145023346 531.81 q/s (% mem usage: 5.20, % mem avail: 94.79)
1138500 2140.687978029251 531.84 q/s (% mem usage: 5.20, % mem avail: 94.79)
1139000 2142.1268978118896 531.71 q/s (% mem usage: 5.20, % mem avail: 94.79)
1139500 2142.5471048355103 531.84 q/s (% mem usage: 5.20, % mem avail: 94.79)
1140000 2143.736892938614 531.78 q/s (% mem usage: 5.20, % mem avail: 94.79)
1140500 2144.4984068870544 531.83 q/s (% mem usage: 5.20, % mem avail: 94.79)
1141000 2145.350452184677 531.85 q/s (% mem usage: 5.20, % mem avail: 94.79)
1141500 2146.3105506896973 531.84 q/s (% mem usage: 5.20, % mem avail: 94.79)
1142000 2147.2068498134613 531.85 q/s (% mem usage: 5.20, % mem avail: 94.79)
1142500 2148.0976479053497 531.87 q/s (% mem usage: 5.20, % mem avail: 94.79)
1143000 2149.0164666175842 531.87 q/s (% mem usage: 5.20, % mem avail: 94.79)
1143500 2151.448152780533 531.50 q/s (% mem usage: 5.20, % mem avail: 94.79)
1144000 2151.4977130889893 531.72 q/s (% mem usage: 5.20, % mem avail: 94.79)
1144500 2153.6324195861816 531.43 q/s (% mem usage: 5.20, % mem avail: 94.79)
1145000 2153.6778128147125 531.65 q/s (% mem usage: 5.20, % mem avail: 94.79)
1145500 2153.881172657013 531.83 q/s (% mem usage: 5.20, % mem avail: 94.79)
1146000 2154.767795562744 531.84 q/s (% mem usage: 5.20, % mem avail: 94.79)
1146500 2155.686604976654 531.85 q/s (% mem usage: 5.20, % mem avail: 94.79)
1147000 2156.6867339611053 531.83 q/s (% mem usage: 5.20, % mem avail: 94.79)
1147500 2157.7375655174255 531.81 q/s (% mem usage: 5.20, % mem avail: 94.79)
1148000 2158.6922087669373 531.80 q/s (% mem usage: 5.20, % mem avail: 94.79)
1148500 2159.6306562423706 531.80 q/s (% mem usage: 5.20, % mem avail: 94.79)
1149000 2160.806965112686 531.75 q/s (% mem usage: 5.20, % mem avail: 94.79)
1149500 2161.6454434394836 531.77 q/s (% mem usage: 5.20, % mem avail: 94.79)
1150000 2162.518610715866 531.79 q/s (% mem usage: 5.20, % mem avail: 94.78)
1150500 2163.43377327919 531.79 q/s (% mem usage: 5.20, % mem avail: 94.78)
1151000 2164.390402317047 531.79 q/s (% mem usage: 5.20, % mem avail: 94.78)
1151500 2165.410920381546 531.77 q/s (% mem usage: 5.20, % mem avail: 94.78)
1152000 2166.34517621994 531.77 q/s (% mem usage: 5.20, % mem avail: 94.78)
1152500 2167.191541671753 531.79 q/s (% mem usage: 5.20, % mem avail: 94.78)
1153000 2168.3350455760956 531.74 q/s (% mem usage: 5.20, % mem avail: 94.78)
1153500 2168.9571998119354 531.82 q/s (% mem usage: 5.20, % mem avail: 94.78)
1154000 2169.8117327690125 531.84 q/s (% mem usage: 5.20, % mem avail: 94.78)
1154500 2170.8157670497894 531.83 q/s (% mem usage: 5.20, % mem avail: 94.78)
1155000 2171.5565531253815 531.88 q/s (% mem usage: 5.20, % mem avail: 94.78)
1155500 2172.5263135433197 531.87 q/s (% mem usage: 5.20, % mem avail: 94.78)
1156000 2173.521556377411 531.86 q/s (% mem usage: 5.20, % mem avail: 94.78)
1156500 2174.297506570816 531.90 q/s (% mem usage: 5.20, % mem avail: 94.78)
1157000 2175.0732102394104 531.94 q/s (% mem usage: 5.20, % mem avail: 94.78)
1157500 2176.1152091026306 531.91 q/s (% mem usage: 5.20, % mem avail: 94.78)
1158000 2177.144095659256 531.89 q/s (% mem usage: 5.20, % mem avail: 94.78)
1158500 2177.9078617095947 531.93 q/s (% mem usage: 5.20, % mem avail: 94.78)
1159000 2178.8885140419006 531.92 q/s (% mem usage: 5.20, % mem avail: 94.78)
1159500 2179.770503759384 531.94 q/s (% mem usage: 5.20, % mem avail: 94.78)
1160000 2181.4946722984314 531.75 q/s (% mem usage: 5.20, % mem avail: 94.78)
1160500 2181.7909162044525 531.90 q/s (% mem usage: 5.20, % mem avail: 94.78)
1161000 2182.978299856186 531.84 q/s (% mem usage: 5.20, % mem avail: 94.78)
1161500 2183.640732049942 531.91 q/s (% mem usage: 5.20, % mem avail: 94.78)
1162000 2185.007785797119 531.81 q/s (% mem usage: 5.20, % mem avail: 94.78)
1162500 2185.425623893738 531.93 q/s (% mem usage: 5.20, % mem avail: 94.78)
1163000 2186.2905571460724 531.95 q/s (% mem usage: 5.20, % mem avail: 94.78)
1163500 2187.290038585663 531.94 q/s (% mem usage: 5.20, % mem avail: 94.78)
1164000 2188.2447381019592 531.93 q/s (% mem usage: 5.20, % mem avail: 94.78)
1164500 2189.0790362358093 531.96 q/s (% mem usage: 5.20, % mem avail: 94.78)
1165000 2190.054880619049 531.95 q/s (% mem usage: 5.20, % mem avail: 94.78)
1165500 2190.877550840378 531.98 q/s (% mem usage: 5.20, % mem avail: 94.78)
1166000 2191.80113196373 531.98 q/s (% mem usage: 5.20, % mem avail: 94.78)
1166500 2192.639520406723 532.01 q/s (% mem usage: 5.20, % mem avail: 94.78)
1167000 2195.439398765564 531.56 q/s (% mem usage: 5.20, % mem avail: 94.78)
1167500 2195.4832739830017 531.77 q/s (% mem usage: 5.20, % mem avail: 94.78)
1168000 2195.5415513515472 531.99 q/s (% mem usage: 5.20, % mem avail: 94.78)
1168500 2197.3905074596405 531.77 q/s (% mem usage: 5.20, % mem avail: 94.78)
1169000 2197.523667573929 531.96 q/s (% mem usage: 5.20, % mem avail: 94.78)
1169500 2199.575993537903 531.69 q/s (% mem usage: 5.20, % mem avail: 94.78)
1170000 2199.6249260902405 531.91 q/s (% mem usage: 5.20, % mem avail: 94.78)
1170500 2200.3110785484314 531.97 q/s (% mem usage: 5.20, % mem avail: 94.78)
1171000 2201.180826663971 531.99 q/s (% mem usage: 5.20, % mem avail: 94.78)
1171500 2202.163951396942 531.98 q/s (% mem usage: 5.20, % mem avail: 94.78)
1172000 2204.3322219848633 531.68 q/s (% mem usage: 5.20, % mem avail: 94.78)
1172500 2204.380130290985 531.90 q/s (% mem usage: 5.20, % mem avail: 94.78)
1173000 2204.945683002472 531.99 q/s (% mem usage: 5.20, % mem avail: 94.78)
1173500 2206.7227187156677 531.78 q/s (% mem usage: 5.20, % mem avail: 94.78)
1174000 2207.765026807785 531.76 q/s (% mem usage: 5.20, % mem avail: 94.78)
1174500 2209.1189210414886 531.66 q/s (% mem usage: 5.20, % mem avail: 94.78)
1175000 2209.8142223358154 531.72 q/s (% mem usage: 5.20, % mem avail: 94.78)
1175500 2210.167284011841 531.86 q/s (% mem usage: 5.20, % mem avail: 94.78)
1176000 2210.633689403534 531.97 q/s (% mem usage: 5.20, % mem avail: 94.78)
1176500 2211.5914783477783 531.97 q/s (% mem usage: 5.20, % mem avail: 94.78)
1177000 2212.401559829712 532.00 q/s (% mem usage: 5.20, % mem avail: 94.78)
1177500 2213.3430058956146 532.00 q/s (% mem usage: 5.20, % mem avail: 94.78)
1178000 2214.366801261902 531.98 q/s (% mem usage: 5.20, % mem avail: 94.78)
1178500 2215.719881772995 531.88 q/s (% mem usage: 5.20, % mem avail: 94.78)
1179000 2216.4585630893707 531.93 q/s (% mem usage: 5.20, % mem avail: 94.78)
1179500 2217.3579318523407 531.94 q/s (% mem usage: 5.20, % mem avail: 94.78)
1180000 2218.308530807495 531.94 q/s (% mem usage: 5.20, % mem avail: 94.78)
1180500 2219.1379115581512 531.96 q/s (% mem usage: 5.20, % mem avail: 94.78)
1181000 2220.1267178058624 531.95 q/s (% mem usage: 5.20, % mem avail: 94.78)
1181500 2221.0483989715576 531.96 q/s (% mem usage: 5.20, % mem avail: 94.78)
1182000 2221.8340225219727 531.99 q/s (% mem usage: 5.20, % mem avail: 94.78)
1182500 2222.8179824352264 531.98 q/s (% mem usage: 5.20, % mem avail: 94.78)
1183000 2223.750414133072 531.98 q/s (% mem usage: 5.20, % mem avail: 94.78)
1183500 2224.668474674225 531.99 q/s (% mem usage: 5.20, % mem avail: 94.78)
1184000 2225.637235403061 531.98 q/s (% mem usage: 5.20, % mem avail: 94.78)
1184500 2226.370354413986 532.03 q/s (% mem usage: 5.20, % mem avail: 94.78)
1185000 2227.740174770355 531.93 q/s (% mem usage: 5.20, % mem avail: 94.78)
1185500 2228.34144616127 532.01 q/s (% mem usage: 5.20, % mem avail: 94.78)
1186000 2229.299331188202 532.01 q/s (% mem usage: 5.20, % mem avail: 94.78)
1186500 2230.334325313568 531.98 q/s (% mem usage: 5.20, % mem avail: 94.78)
1187000 2231.0576300621033 532.03 q/s (% mem usage: 5.20, % mem avail: 94.78)
1187500 2231.914304256439 532.05 q/s (% mem usage: 5.20, % mem avail: 94.78)
1188000 2232.989394426346 532.02 q/s (% mem usage: 5.20, % mem avail: 94.78)
1188500 2234.711805343628 531.84 q/s (% mem usage: 5.20, % mem avail: 94.78)
1189000 2234.7592329978943 532.05 q/s (% mem usage: 5.20, % mem avail: 94.78)
1189500 2235.763673067093 532.03 q/s (% mem usage: 5.20, % mem avail: 94.78)
1190000 2236.608594417572 532.06 q/s (% mem usage: 5.20, % mem avail: 94.78)
1190500 2237.584862947464 532.05 q/s (% mem usage: 5.20, % mem avail: 94.78)
1191000 2238.456354379654 532.06 q/s (% mem usage: 5.20, % mem avail: 94.78)
1191500 2239.3228545188904 532.08 q/s (% mem usage: 5.20, % mem avail: 94.78)
1192000 2240.1486971378326 532.11 q/s (% mem usage: 5.20, % mem avail: 94.78)
1192500 2241.9492087364197 531.90 q/s (% mem usage: 5.20, % mem avail: 94.78)
1193000 2242.181832075119 532.07 q/s (% mem usage: 5.20, % mem avail: 94.78)
1193500 2243.1355040073395 532.07 q/s (% mem usage: 5.20, % mem avail: 94.78)
1194000 2243.933335542679 532.10 q/s (% mem usage: 5.20, % mem avail: 94.78)
1194500 2244.8976311683655 532.10 q/s (% mem usage: 5.20, % mem avail: 94.78)
1195000 2245.83718252182 532.10 q/s (% mem usage: 5.20, % mem avail: 94.78)
1195500 2247.763824701309 531.86 q/s (% mem usage: 5.20, % mem avail: 94.78)
1196000 2249.301412343979 531.72 q/s (% mem usage: 5.20, % mem avail: 94.78)
1196500 2249.3476600646973 531.93 q/s (% mem usage: 5.20, % mem avail: 94.78)
1197000 2249.8100278377533 532.04 q/s (% mem usage: 5.20, % mem avail: 94.78)
1197500 2250.8270359039307 532.03 q/s (% mem usage: 5.20, % mem avail: 94.78)
1198000 2251.827052116394 532.01 q/s (% mem usage: 5.20, % mem avail: 94.78)
1198500 2254.036202430725 531.71 q/s (% mem usage: 5.20, % mem avail: 94.78)
1199000 2254.0792710781097 531.92 q/s (% mem usage: 5.20, % mem avail: 94.78)
1199500 2254.630167245865 532.02 q/s (% mem usage: 5.20, % mem avail: 94.78)
1200000 2255.508134126663 532.03 q/s (% mem usage: 5.20, % mem avail: 94.78)
1200500 2256.544746398926 532.01 q/s (% mem usage: 5.20, % mem avail: 94.78)
1201000 2258.225559949875 531.83 q/s (% mem usage: 5.20, % mem avail: 94.78)
1201500 2258.457932472229 532.00 q/s (% mem usage: 5.20, % mem avail: 94.78)
1202000 2259.359022140503 532.01 q/s (% mem usage: 5.20, % mem avail: 94.78)
1202500 2260.2340924739838 532.02 q/s (% mem usage: 5.20, % mem avail: 94.78)
1203000 2261.211269378662 532.02 q/s (% mem usage: 5.20, % mem avail: 94.78)
1203500 2262.052442550659 532.04 q/s (% mem usage: 5.20, % mem avail: 94.77)
1204000 2263.253551721573 531.98 q/s (% mem usage: 5.20, % mem avail: 94.77)
1204500 2264.687005519867 531.86 q/s (% mem usage: 5.20, % mem avail: 94.77)
1205000 2264.8759138584137 532.04 q/s (% mem usage: 5.20, % mem avail: 94.77)
1205500 2265.788693189621 532.04 q/s (% mem usage: 5.20, % mem avail: 94.77)
1206000 2267.392728328705 531.89 q/s (% mem usage: 5.20, % mem avail: 94.77)
1206500 2268.893803834915 531.76 q/s (% mem usage: 5.20, % mem avail: 94.77)
1207000 2268.9390971660614 531.97 q/s (% mem usage: 5.20, % mem avail: 94.77)
1207500 2269.47425198555 532.06 q/s (% mem usage: 5.20, % mem avail: 94.77)
1208000 2271.7659392356873 531.74 q/s (% mem usage: 5.20, % mem avail: 94.77)
1208500 2271.81480884552 531.95 q/s (% mem usage: 5.20, % mem avail: 94.77)
1209000 2272.3308367729187 532.05 q/s (% mem usage: 5.20, % mem avail: 94.77)
1209500 2273.229507446289 532.06 q/s (% mem usage: 5.20, % mem avail: 94.77)
1210000 2274.287126302719 532.03 q/s (% mem usage: 5.20, % mem avail: 94.77)
1210500 2275.35605096817 532.00 q/s (% mem usage: 5.20, % mem avail: 94.77)
1211000 2276.377734184265 531.99 q/s (% mem usage: 5.20, % mem avail: 94.77)
1211500 2277.314861059189 531.99 q/s (% mem usage: 5.20, % mem avail: 94.78)
1212000 2278.2848131656647 531.98 q/s (% mem usage: 5.20, % mem avail: 94.78)
1212500 2279.2135560512543 531.98 q/s (% mem usage: 5.20, % mem avail: 94.78)
1213000 2280.2624881267548 531.96 q/s (% mem usage: 5.20, % mem avail: 94.78)
1213500 2281.238145828247 531.95 q/s (% mem usage: 5.20, % mem avail: 94.78)
1214000 2282.107707262039 531.96 q/s (% mem usage: 5.20, % mem avail: 94.78)
1214500 2283.0016102790833 531.98 q/s (% mem usage: 5.20, % mem avail: 94.78)
1215000 2283.8519389629364 532.00 q/s (% mem usage: 5.20, % mem avail: 94.78)
1215500 2284.7995715141296 531.99 q/s (% mem usage: 5.20, % mem avail: 94.78)
1216000 2285.7238788604736 532.00 q/s (% mem usage: 5.20, % mem avail: 94.78)
1216500 2286.7650153636932 531.97 q/s (% mem usage: 5.20, % mem avail: 94.78)
1217000 2287.7248752117157 531.97 q/s (% mem usage: 5.20, % mem avail: 94.78)
1217500 2288.6226456165314 531.98 q/s (% mem usage: 5.20, % mem avail: 94.78)
1218000 2289.4613049030304 532.00 q/s (% mem usage: 5.20, % mem avail: 94.78)
1218500 2290.442876815796 531.99 q/s (% mem usage: 5.20, % mem avail: 94.78)
1219000 2292.5225422382355 531.73 q/s (% mem usage: 5.20, % mem avail: 94.78)
1219500 2292.5642697811127 531.94 q/s (% mem usage: 5.20, % mem avail: 94.78)
1220000 2294.065611600876 531.81 q/s (% mem usage: 5.20, % mem avail: 94.78)
1220500 2294.2041733264923 531.99 q/s (% mem usage: 5.20, % mem avail: 94.78)
1221000 2295.23086810112 531.97 q/s (% mem usage: 5.20, % mem avail: 94.78)
1221500 2296.0288212299347 532.01 q/s (% mem usage: 5.20, % mem avail: 94.78)
1222000 2297.5852057933807 531.86 q/s (% mem usage: 5.20, % mem avail: 94.78)
1222500 2297.825946331024 532.02 q/s (% mem usage: 5.20, % mem avail: 94.78)
1223000 2298.7751803398132 532.02 q/s (% mem usage: 5.20, % mem avail: 94.78)
1223500 2299.604688644409 532.05 q/s (% mem usage: 5.20, % mem avail: 94.78)
1224000 2300.4473056793213 532.07 q/s (% mem usage: 5.20, % mem avail: 94.78)
1224500 2301.4508771896362 532.06 q/s (% mem usage: 5.20, % mem avail: 94.78)
1225000 2303.466207265854 531.81 q/s (% mem usage: 5.20, % mem avail: 94.78)
1225500 2303.5200333595276 532.01 q/s (% mem usage: 5.20, % mem avail: 94.78)
1226000 2304.2599828243256 532.06 q/s (% mem usage: 5.20, % mem avail: 94.78)
1226500 2306.2270243167877 531.82 q/s (% mem usage: 5.20, % mem avail: 94.77)
1227000 2306.2654886245728 532.03 q/s (% mem usage: 5.20, % mem avail: 94.77)
1227500 2306.933081150055 532.09 q/s (% mem usage: 5.20, % mem avail: 94.77)
1228000 2307.8895201683044 532.09 q/s (% mem usage: 5.20, % mem avail: 94.78)
1228500 2308.8426988124847 532.08 q/s (% mem usage: 5.20, % mem avail: 94.78)
1229000 2309.8160104751587 532.08 q/s (% mem usage: 5.20, % mem avail: 94.78)
1229500 2310.961770772934 532.03 q/s (% mem usage: 5.20, % mem avail: 94.78)
1230000 2312.611000776291 531.87 q/s (% mem usage: 5.20, % mem avail: 94.77)
1230500 2313.0277569293976 531.99 q/s (% mem usage: 5.20, % mem avail: 94.78)
1231000 2313.5780787467957 532.08 q/s (% mem usage: 5.20, % mem avail: 94.78)
1231500 2314.4625849723816 532.09 q/s (% mem usage: 5.20, % mem avail: 94.78)
1232000 2315.236903190613 532.13 q/s (% mem usage: 5.20, % mem avail: 94.78)
1232500 2316.904219388962 531.96 q/s (% mem usage: 5.20, % mem avail: 94.78)
1233000 2317.2656631469727 532.09 q/s (% mem usage: 5.20, % mem avail: 94.78)
1233500 2318.218103170395 532.09 q/s (% mem usage: 5.20, % mem avail: 94.78)
1234000 2320.0168941020966 531.89 q/s (% mem usage: 5.20, % mem avail: 94.78)
1234500 2320.075694799423 532.09 q/s (% mem usage: 5.20, % mem avail: 94.78)
1235000 2321.1755623817444 532.06 q/s (% mem usage: 5.20, % mem avail: 94.78)
1235500 2322.0169546604156 532.08 q/s (% mem usage: 5.20, % mem avail: 94.78)
1236000 2323.2856936454773 532.01 q/s (% mem usage: 5.20, % mem avail: 94.78)
1236500 2323.818370819092 532.10 q/s (% mem usage: 5.20, % mem avail: 94.78)
1237000 2324.8276739120483 532.08 q/s (% mem usage: 5.20, % mem avail: 94.78)
1237500 2325.6054453849792 532.12 q/s (% mem usage: 5.20, % mem avail: 94.78)
1238000 2326.5889489650726 532.11 q/s (% mem usage: 5.20, % mem avail: 94.78)
1238500 2327.5112631320953 532.11 q/s (% mem usage: 5.20, % mem avail: 94.78)
1239000 2328.524636030197 532.10 q/s (% mem usage: 5.20, % mem avail: 94.78)
1239500 2329.138556241989 532.17 q/s (% mem usage: 5.20, % mem avail: 94.78)
1240000 2330.044458389282 532.18 q/s (% mem usage: 5.20, % mem avail: 94.78)
1240500 2331.092408180237 532.15 q/s (% mem usage: 5.20, % mem avail: 94.78)
1241000 2331.8853447437286 532.19 q/s (% mem usage: 5.20, % mem avail: 94.78)
1241500 2332.7965035438538 532.19 q/s (% mem usage: 5.20, % mem avail: 94.78)
1242000 2333.9577503204346 532.14 q/s (% mem usage: 5.20, % mem avail: 94.78)
1242500 2334.652993440628 532.20 q/s (% mem usage: 5.20, % mem avail: 94.78)
1243000 2335.393317461014 532.24 q/s (% mem usage: 5.20, % mem avail: 94.78)
1243500 2336.447639942169 532.22 q/s (% mem usage: 5.20, % mem avail: 94.78)
1244000 2337.3462154865265 532.23 q/s (% mem usage: 5.20, % mem avail: 94.78)
1244500 2338.4123475551605 532.20 q/s (% mem usage: 5.20, % mem avail: 94.78)
1245000 2339.2022256851196 532.23 q/s (% mem usage: 5.20, % mem avail: 94.78)
1245500 2340.251937389374 532.21 q/s (% mem usage: 5.20, % mem avail: 94.78)
1246000 2341.0392665863037 532.24 q/s (% mem usage: 5.20, % mem avail: 94.78)
1246500 2341.9761526584625 532.24 q/s (% mem usage: 5.20, % mem avail: 94.78)
1247000 2343.0605902671814 532.21 q/s (% mem usage: 5.20, % mem avail: 94.77)
1247500 2344.547435283661 532.09 q/s (% mem usage: 5.20, % mem avail: 94.77)
1248000 2344.901962995529 532.22 q/s (% mem usage: 5.20, % mem avail: 94.77)
1248500 2346.0497143268585 532.17 q/s (% mem usage: 5.20, % mem avail: 94.77)
1249000 2346.8351578712463 532.21 q/s (% mem usage: 5.20, % mem avail: 94.77)
1249500 2347.760600566864 532.21 q/s (% mem usage: 5.20, % mem avail: 94.77)
1250000 2348.742558002472 532.20 q/s (% mem usage: 5.20, % mem avail: 94.77)
1250500 2350.674213409424 531.98 q/s (% mem usage: 5.20, % mem avail: 94.77)
1251000 2350.7540130615234 532.17 q/s (% mem usage: 5.20, % mem avail: 94.77)
1251500 2351.6548733711243 532.18 q/s (% mem usage: 5.20, % mem avail: 94.77)
1252000 2352.691031932831 532.16 q/s (% mem usage: 5.20, % mem avail: 94.77)
1252500 2353.704050540924 532.14 q/s (% mem usage: 5.20, % mem avail: 94.77)
1253000 2355.2261230945587 532.01 q/s (% mem usage: 5.20, % mem avail: 94.77)
1253500 2355.5996375083923 532.14 q/s (% mem usage: 5.20, % mem avail: 94.77)
1254000 2356.4376838207245 532.16 q/s (% mem usage: 5.20, % mem avail: 94.77)
1254500 2357.386666536331 532.16 q/s (% mem usage: 5.20, % mem avail: 94.77)
1255000 2358.6876702308655 532.08 q/s (% mem usage: 5.20, % mem avail: 94.77)
1255500 2359.2058477401733 532.17 q/s (% mem usage: 5.20, % mem avail: 94.77)
1256000 2360.234356403351 532.15 q/s (% mem usage: 5.20, % mem avail: 94.77)
1256500 2361.036003112793 532.18 q/s (% mem usage: 5.20, % mem avail: 94.77)
1257000 2362.8665056228638 531.98 q/s (% mem usage: 5.20, % mem avail: 94.77)
1257500 2363.019357442856 532.16 q/s (% mem usage: 5.20, % mem avail: 94.77)
1258000 2363.9460909366608 532.16 q/s (% mem usage: 5.20, % mem avail: 94.77)
1258500 2364.9622333049774 532.14 q/s (% mem usage: 5.20, % mem avail: 94.77)
1259000 2365.7547476291656 532.18 q/s (% mem usage: 5.20, % mem avail: 94.77)
1259500 2366.7323775291443 532.17 q/s (% mem usage: 5.20, % mem avail: 94.77)
1260000 2367.6328706741333 532.18 q/s (% mem usage: 5.20, % mem avail: 94.77)
1260500 2369.8104059696198 531.90 q/s (% mem usage: 5.20, % mem avail: 94.77)
1261000 2369.856124162674 532.10 q/s (% mem usage: 5.20, % mem avail: 94.77)
1261500 2370.425295114517 532.18 q/s (% mem usage: 5.20, % mem avail: 94.77)
1262000 2371.5629370212555 532.14 q/s (% mem usage: 5.20, % mem avail: 94.77)
1262500 2372.321065187454 532.18 q/s (% mem usage: 5.20, % mem avail: 94.77)
1263000 2373.336492538452 532.16 q/s (% mem usage: 5.20, % mem avail: 94.77)
1263500 2374.26159119606 532.17 q/s (% mem usage: 5.20, % mem avail: 94.77)
1264000 2375.3740797042847 532.13 q/s (% mem usage: 5.20, % mem avail: 94.78)
1264500 2376.1438047885895 532.16 q/s (% mem usage: 5.20, % mem avail: 94.77)
1265000 2377.1096851825714 532.16 q/s (% mem usage: 5.20, % mem avail: 94.77)
1265500 2378.5579051971436 532.05 q/s (% mem usage: 5.20, % mem avail: 94.78)
1266000 2379.030128955841 532.15 q/s (% mem usage: 5.20, % mem avail: 94.78)
1266500 2380.5185475349426 532.03 q/s (% mem usage: 5.20, % mem avail: 94.78)
1267000 2381.1065027713776 532.11 q/s (% mem usage: 5.20, % mem avail: 94.77)
1267500 2381.965651512146 532.12 q/s (% mem usage: 5.20, % mem avail: 94.78)
1268000 2383.1435940265656 532.07 q/s (% mem usage: 5.20, % mem avail: 94.78)
1268500 2383.7932846546173 532.14 q/s (% mem usage: 5.20, % mem avail: 94.78)
1269000 2384.8235716819763 532.11 q/s (% mem usage: 5.20, % mem avail: 94.78)
1269500 2385.817971944809 532.10 q/s (% mem usage: 5.20, % mem avail: 94.78)
1270000 2386.7359068393707 532.11 q/s (% mem usage: 5.20, % mem avail: 94.78)
1270500 2387.844317674637 532.07 q/s (% mem usage: 5.20, % mem avail: 94.78)
1271000 2388.6737377643585 532.09 q/s (% mem usage: 5.20, % mem avail: 94.78)
1271500 2389.73668384552 532.07 q/s (% mem usage: 5.20, % mem avail: 94.78)
1272000 2390.6224262714386 532.08 q/s (% mem usage: 5.20, % mem avail: 94.78)
1272500 2391.5070786476135 532.09 q/s (% mem usage: 5.20, % mem avail: 94.78)
1273000 2392.4157111644745 532.10 q/s (% mem usage: 5.20, % mem avail: 94.78)
1273500 2393.362401008606 532.10 q/s (% mem usage: 5.20, % mem avail: 94.78)
1274000 2394.4197566509247 532.07 q/s (% mem usage: 5.20, % mem avail: 94.78)
1274500 2395.296375989914 532.08 q/s (% mem usage: 5.20, % mem avail: 94.78)
1275000 2396.2795662879944 532.07 q/s (% mem usage: 5.20, % mem avail: 94.77)
1275500 2397.2708175182343 532.06 q/s (% mem usage: 5.20, % mem avail: 94.77)
1276000 2398.3863382339478 532.02 q/s (% mem usage: 5.20, % mem avail: 94.77)
1276500 2399.0804188251495 532.08 q/s (% mem usage: 5.20, % mem avail: 94.77)
1277000 2399.992257833481 532.09 q/s (% mem usage: 5.20, % mem avail: 94.77)
1277500 2401.051237821579 532.06 q/s (% mem usage: 5.20, % mem avail: 94.77)
1278000 2402.025746822357 532.05 q/s (% mem usage: 5.20, % mem avail: 94.77)
1278500 2402.899729013443 532.07 q/s (% mem usage: 5.20, % mem avail: 94.78)
1279000 2403.8235569000244 532.07 q/s (% mem usage: 5.20, % mem avail: 94.78)
1279500 2404.7730135917664 532.07 q/s (% mem usage: 5.20, % mem avail: 94.78)
1280000 2405.709760904312 532.07 q/s (% mem usage: 5.20, % mem avail: 94.77)
1280500 2406.706815958023 532.05 q/s (% mem usage: 5.20, % mem avail: 94.78)
1281000 2407.655999183655 532.05 q/s (% mem usage: 5.20, % mem avail: 94.77)
1281500 2408.611400604248 532.05 q/s (% mem usage: 5.20, % mem avail: 94.77)
1282000 2409.5083401203156 532.06 q/s (% mem usage: 5.20, % mem avail: 94.77)
1282500 2410.5667548179626 532.03 q/s (% mem usage: 5.20, % mem avail: 94.77)
1283000 2411.640751361847 532.00 q/s (% mem usage: 5.20, % mem avail: 94.77)
1283500 2412.4919559955597 532.02 q/s (% mem usage: 5.20, % mem avail: 94.77)
1284000 2413.535592317581 532.00 q/s (% mem usage: 5.20, % mem avail: 94.77)
1284500 2414.5082914829254 531.99 q/s (% mem usage: 5.20, % mem avail: 94.77)
1285000 2415.3260564804077 532.02 q/s (% mem usage: 5.20, % mem avail: 94.77)
1285500 2416.2152347564697 532.03 q/s (% mem usage: 5.20, % mem avail: 94.77)
1286000 2417.1620388031006 532.03 q/s (% mem usage: 5.20, % mem avail: 94.77)
1286500 2418.1815559864044 532.01 q/s (% mem usage: 5.20, % mem avail: 94.77)
1287000 2418.954679250717 532.05 q/s (% mem usage: 5.20, % mem avail: 94.77)
1287500 2419.892964363098 532.05 q/s (% mem usage: 5.20, % mem avail: 94.77)
1288000 2420.8217236995697 532.05 q/s (% mem usage: 5.20, % mem avail: 94.77)
1288500 2421.7952630519867 532.04 q/s (% mem usage: 5.20, % mem avail: 94.77)
1289000 2422.7486560344696 532.04 q/s (% mem usage: 5.20, % mem avail: 94.77)
1289500 2423.58864569664 532.06 q/s (% mem usage: 5.20, % mem avail: 94.77)
1290000 2424.475083589554 532.07 q/s (% mem usage: 5.20, % mem avail: 94.77)
1290500 2425.3992631435394 532.08 q/s (% mem usage: 5.20, % mem avail: 94.77)
1291000 2426.2845118045807 532.09 q/s (% mem usage: 5.20, % mem avail: 94.77)
1291500 2427.352694749832 532.06 q/s (% mem usage: 5.20, % mem avail: 94.77)
1292000 2428.228127002716 532.08 q/s (% mem usage: 5.20, % mem avail: 94.77)
1292500 2429.1674501895905 532.08 q/s (% mem usage: 5.20, % mem avail: 94.77)
1293000 2430.908878803253 531.90 q/s (% mem usage: 5.20, % mem avail: 94.77)
1293500 2431.2483942508698 532.03 q/s (% mem usage: 5.20, % mem avail: 94.77)
1294000 2432.6051647663116 531.94 q/s (% mem usage: 5.20, % mem avail: 94.77)
1294500 2433.0211789608 532.05 q/s (% mem usage: 5.20, % mem avail: 94.77)
1295000 2433.8264529705048 532.08 q/s (% mem usage: 5.20, % mem avail: 94.77)
1295500 2434.784937620163 532.08 q/s (% mem usage: 5.20, % mem avail: 94.77)
1296000 2435.639253139496 532.10 q/s (% mem usage: 5.20, % mem avail: 94.77)
1296500 2436.6800558567047 532.08 q/s (% mem usage: 5.20, % mem avail: 94.77)
1297000 2438.3856751918793 531.91 q/s (% mem usage: 5.20, % mem avail: 94.77)
1297500 2438.481104850769 532.09 q/s (% mem usage: 5.20, % mem avail: 94.77)
1298000 2439.4052126407623 532.10 q/s (% mem usage: 5.20, % mem avail: 94.77)
1298500 2440.4131309986115 532.08 q/s (% mem usage: 5.20, % mem avail: 94.77)
1299000 2441.423473596573 532.07 q/s (% mem usage: 5.20, % mem avail: 94.77)
1299500 2442.700194120407 531.99 q/s (% mem usage: 5.20, % mem avail: 94.77)
1300000 2443.509656190872 532.02 q/s (% mem usage: 5.20, % mem avail: 94.77)
1300500 2444.5514073371887 532.00 q/s (% mem usage: 5.20, % mem avail: 94.77)
1301000 2445.395073413849 532.02 q/s (% mem usage: 5.20, % mem avail: 94.77)
1301500 2446.253382205963 532.04 q/s (% mem usage: 5.20, % mem avail: 94.77)
1302000 2447.262060403824 532.02 q/s (% mem usage: 5.20, % mem avail: 94.77)
1302500 2448.1844244003296 532.03 q/s (% mem usage: 5.20, % mem avail: 94.77)
1303000 2449.0922498703003 532.03 q/s (% mem usage: 5.20, % mem avail: 94.77)
1303500 2450.0318579673767 532.03 q/s (% mem usage: 5.20, % mem avail: 94.77)
1304000 2450.9573845863342 532.04 q/s (% mem usage: 5.20, % mem avail: 94.77)
1304500 2451.9140520095825 532.03 q/s (% mem usage: 5.20, % mem avail: 94.77)
1305000 2452.827376842499 532.04 q/s (% mem usage: 5.20, % mem avail: 94.77)
1305500 2453.7784628868103 532.04 q/s (% mem usage: 5.20, % mem avail: 94.77)
1306000 2454.7125811576843 532.04 q/s (% mem usage: 5.20, % mem avail: 94.77)
1306500 2455.7254552841187 532.02 q/s (% mem usage: 5.20, % mem avail: 94.77)
1307000 2457.2089223861694 531.90 q/s (% mem usage: 5.20, % mem avail: 94.77)
1307500 2457.7041058540344 532.00 q/s (% mem usage: 5.20, % mem avail: 94.77)
1308000 2458.610900402069 532.01 q/s (% mem usage: 5.20, % mem avail: 94.77)
1308500 2459.5813245773315 532.00 q/s (% mem usage: 5.20, % mem avail: 94.77)
1309000 2461.3528633117676 531.82 q/s (% mem usage: 5.20, % mem avail: 94.77)
1309500 2461.3978221416473 532.01 q/s (% mem usage: 5.20, % mem avail: 94.77)
1310000 2463.8005080223083 531.70 q/s (% mem usage: 5.20, % mem avail: 94.77)
1310500 2463.843578338623 531.89 q/s (% mem usage: 5.20, % mem avail: 94.77)
1311000 2464.2944951057434 532.00 q/s (% mem usage: 5.20, % mem avail: 94.77)
1311500 2465.0819025039673 532.03 q/s (% mem usage: 5.20, % mem avail: 94.77)
1312000 2467.38001537323 531.74 q/s (% mem usage: 5.20, % mem avail: 94.77)
1312500 2467.4269831180573 531.93 q/s (% mem usage: 5.20, % mem avail: 94.77)
1313000 2468.0670268535614 532.00 q/s (% mem usage: 5.20, % mem avail: 94.77)
1313500 2469.2575209140778 531.94 q/s (% mem usage: 5.20, % mem avail: 94.77)
1314000 2469.906909227371 532.00 q/s (% mem usage: 5.20, % mem avail: 94.77)
1314500 2470.909597635269 531.99 q/s (% mem usage: 5.20, % mem avail: 94.77)
1315000 2471.905190706253 531.98 q/s (% mem usage: 5.20, % mem avail: 94.77)
1315500 2473.728044271469 531.79 q/s (% mem usage: 5.20, % mem avail: 94.77)
1316000 2473.905967235565 531.95 q/s (% mem usage: 5.20, % mem avail: 94.77)
1316500 2474.700948238373 531.98 q/s (% mem usage: 5.20, % mem avail: 94.77)
1317000 2475.4688382148743 532.02 q/s (% mem usage: 5.20, % mem avail: 94.77)
1317500 2476.4224338531494 532.02 q/s (% mem usage: 5.20, % mem avail: 94.77)
1318000 2477.423873901367 532.00 q/s (% mem usage: 5.20, % mem avail: 94.77)
1318500 2478.3076560497284 532.02 q/s (% mem usage: 5.20, % mem avail: 94.77)
1319000 2479.5053975582123 531.96 q/s (% mem usage: 5.20, % mem avail: 94.77)
1319500 2480.1283864974976 532.03 q/s (% mem usage: 5.20, % mem avail: 94.77)
1320000 2481.1045174598694 532.02 q/s (% mem usage: 5.20, % mem avail: 94.77)
1320500 2482.0885450839996 532.01 q/s (% mem usage: 5.20, % mem avail: 94.77)
1321000 2483.673003911972 531.87 q/s (% mem usage: 5.20, % mem avail: 94.77)
1321500 2484.1636345386505 531.97 q/s (% mem usage: 5.20, % mem avail: 94.77)
1322000 2485.0678339004517 531.98 q/s (% mem usage: 5.20, % mem avail: 94.77)
1322500 2485.8376500606537 532.01 q/s (% mem usage: 5.20, % mem avail: 94.77)
1323000 2486.746558189392 532.02 q/s (% mem usage: 5.20, % mem avail: 94.77)
1323500 2489.0504660606384 531.73 q/s (% mem usage: 5.20, % mem avail: 94.77)
1324000 2489.0952582359314 531.92 q/s (% mem usage: 5.20, % mem avail: 94.77)
1324500 2489.6613953113556 532.00 q/s (% mem usage: 5.20, % mem avail: 94.77)
1325000 2491.5193016529083 531.80 q/s (% mem usage: 5.20, % mem avail: 94.77)
1325500 2491.5631289482117 532.00 q/s (% mem usage: 5.20, % mem avail: 94.77)
1326000 2492.401405096054 532.02 q/s (% mem usage: 5.20, % mem avail: 94.77)
1326500 2493.292870283127 532.03 q/s (% mem usage: 5.20, % mem avail: 94.77)
1327000 2494.584904909134 531.95 q/s (% mem usage: 5.20, % mem avail: 94.77)
1327500 2495.778197288513 531.90 q/s (% mem usage: 5.20, % mem avail: 94.77)
1328000 2496.2339267730713 532.00 q/s (% mem usage: 5.20, % mem avail: 94.77)
1328500 2497.1213762760162 532.01 q/s (% mem usage: 5.20, % mem avail: 94.77)
1329000 2498.8836579322815 531.84 q/s (% mem usage: 5.20, % mem avail: 94.77)
1329500 2499.1852304935455 531.97 q/s (% mem usage: 5.20, % mem avail: 94.77)
1330000 2500.126937866211 531.97 q/s (% mem usage: 5.20, % mem avail: 94.77)
1330500 2502.3633069992065 531.70 q/s (% mem usage: 5.20, % mem avail: 94.77)
1331000 2502.405900001526 531.89 q/s (% mem usage: 5.20, % mem avail: 94.77)
1331500 2502.9319684505463 531.98 q/s (% mem usage: 5.20, % mem avail: 94.77)
1332000 2503.9132781028748 531.97 q/s (% mem usage: 5.20, % mem avail: 94.77)
1332500 2504.863975763321 531.97 q/s (% mem usage: 5.20, % mem avail: 94.77)
1333000 2505.703232049942 531.99 q/s (% mem usage: 5.20, % mem avail: 94.77)
1333500 2507.8663833141327 531.73 q/s (% mem usage: 5.20, % mem avail: 94.77)
1334000 2507.9222288131714 531.91 q/s (% mem usage: 5.20, % mem avail: 94.77)
1334500 2509.0137932300568 531.88 q/s (% mem usage: 5.20, % mem avail: 94.77)
1335000 2509.558701276779 531.97 q/s (% mem usage: 5.20, % mem avail: 94.77)
1335500 2510.4582250118256 531.97 q/s (% mem usage: 5.20, % mem avail: 94.77)
1336000 2511.4506981372833 531.96 q/s (% mem usage: 5.20, % mem avail: 94.77)
1336500 2512.4156770706177 531.96 q/s (% mem usage: 5.20, % mem avail: 94.77)
1337000 2513.3667681217194 531.96 q/s (% mem usage: 5.20, % mem avail: 94.77)
1337500 2514.3955664634705 531.94 q/s (% mem usage: 5.20, % mem avail: 94.77)
1338000 2515.2339124679565 531.96 q/s (% mem usage: 5.20, % mem avail: 94.77)
1338500 2517.7750675678253 531.62 q/s (% mem usage: 5.20, % mem avail: 94.77)
1339000 2517.8204913139343 531.81 q/s (% mem usage: 5.20, % mem avail: 94.77)
1339500 2518.0309505462646 531.96 q/s (% mem usage: 5.20, % mem avail: 94.77)
1340000 2518.9703254699707 531.96 q/s (% mem usage: 5.20, % mem avail: 94.77)
1340500 2519.784552335739 531.99 q/s (% mem usage: 5.20, % mem avail: 94.77)
1341000 2521.1147577762604 531.91 q/s (% mem usage: 5.20, % mem avail: 94.77)
1341500 2521.6672315597534 531.99 q/s (% mem usage: 5.20, % mem avail: 94.77)
1342000 2523.032655954361 531.90 q/s (% mem usage: 5.20, % mem avail: 94.77)
1342500 2523.6389772892 531.97 q/s (% mem usage: 5.20, % mem avail: 94.77)
1343000 2524.4066214561462 532.01 q/s (% mem usage: 5.20, % mem avail: 94.77)
1343500 2525.268357515335 532.02 q/s (% mem usage: 5.20, % mem avail: 94.77)
1344000 2526.287096261978 532.01 q/s (% mem usage: 5.20, % mem avail: 94.77)
1344500 2527.228005886078 532.01 q/s (% mem usage: 5.20, % mem avail: 94.77)
1345000 2528.2686071395874 531.98 q/s (% mem usage: 5.20, % mem avail: 94.77)
1345500 2529.0191979408264 532.02 q/s (% mem usage: 5.20, % mem avail: 94.77)
1346000 2529.969974756241 532.02 q/s (% mem usage: 5.20, % mem avail: 94.77)
1346500 2530.9124529361725 532.02 q/s (% mem usage: 5.20, % mem avail: 94.77)
1347000 2531.9489777088165 532.00 q/s (% mem usage: 5.20, % mem avail: 94.77)
1347500 2532.78427362442 532.02 q/s (% mem usage: 5.20, % mem avail: 94.77)
1348000 2534.8735389709473 531.78 q/s (% mem usage: 5.20, % mem avail: 94.77)
1348500 2536.3202335834503 531.68 q/s (% mem usage: 5.20, % mem avail: 94.77)
1349000 2536.3681604862213 531.86 q/s (% mem usage: 5.20, % mem avail: 94.77)
1349500 2536.977632045746 531.93 q/s (% mem usage: 5.20, % mem avail: 94.77)
1350000 2537.4222540855408 532.04 q/s (% mem usage: 5.20, % mem avail: 94.77)
1350500 2538.335444688797 532.04 q/s (% mem usage: 5.20, % mem avail: 94.77)
1351000 2539.326875925064 532.03 q/s (% mem usage: 5.20, % mem avail: 94.77)
1351500 2540.1975617408752 532.05 q/s (% mem usage: 5.20, % mem avail: 94.77)
1352000 2541.3726353645325 532.00 q/s (% mem usage: 5.20, % mem avail: 94.77)
1352500 2542.2374255657196 532.01 q/s (% mem usage: 5.20, % mem avail: 94.77)
1353000 2543.288847923279 531.99 q/s (% mem usage: 5.20, % mem avail: 94.77)
1353500 2544.211971282959 531.99 q/s (% mem usage: 5.20, % mem avail: 94.77)
1354000 2545.238018512726 531.97 q/s (% mem usage: 5.20, % mem avail: 94.77)
1354500 2546.1863825321198 531.97 q/s (% mem usage: 5.20, % mem avail: 94.77)
1355000 2546.9202868938446 532.02 q/s (% mem usage: 5.20, % mem avail: 94.77)
1355500 2548.195707321167 531.95 q/s (% mem usage: 5.20, % mem avail: 94.77)
1356000 2548.8549449443817 532.00 q/s (% mem usage: 5.20, % mem avail: 94.77)
1356500 2549.768442630768 532.01 q/s (% mem usage: 5.20, % mem avail: 94.77)
1357000 2552.7163252830505 531.59 q/s (% mem usage: 5.20, % mem avail: 94.77)
1357500 2552.7697002887726 531.78 q/s (% mem usage: 5.20, % mem avail: 94.77)
1358000 2552.8162429332733 531.96 q/s (% mem usage: 5.20, % mem avail: 94.77)
1358500 2553.510760307312 532.01 q/s (% mem usage: 5.20, % mem avail: 94.77)
1359000 2554.476146221161 532.01 q/s (% mem usage: 5.20, % mem avail: 94.77)
1359500 2555.9253721237183 531.90 q/s (% mem usage: 5.20, % mem avail: 94.77)
1360000 2556.460862159729 531.99 q/s (% mem usage: 5.20, % mem avail: 94.77)
1360500 2557.3562026023865 531.99 q/s (% mem usage: 5.20, % mem avail: 94.77)
1361000 2558.245171070099 532.01 q/s (% mem usage: 5.20, % mem avail: 94.77)
1361500 2559.236270904541 531.99 q/s (% mem usage: 5.20, % mem avail: 94.77)
1362000 2560.209417104721 531.99 q/s (% mem usage: 5.20, % mem avail: 94.77)
1362500 2561.15344786644 531.99 q/s (% mem usage: 5.20, % mem avail: 94.77)
1363000 2562.0182423591614 532.00 q/s (% mem usage: 5.20, % mem avail: 94.77)
1363500 2563.0226652622223 531.99 q/s (% mem usage: 5.20, % mem avail: 94.77)
1364000 2564.9796187877655 531.78 q/s (% mem usage: 5.20, % mem avail: 94.77)
1364500 2565.023349761963 531.96 q/s (% mem usage: 5.20, % mem avail: 94.77)
1365000 2566.207534313202 531.91 q/s (% mem usage: 5.20, % mem avail: 94.77)
1365500 2566.86603975296 531.97 q/s (% mem usage: 5.20, % mem avail: 94.77)
1366000 2567.937783241272 531.94 q/s (% mem usage: 5.20, % mem avail: 94.77)
1366500 2570.271233320236 531.66 q/s (% mem usage: 5.20, % mem avail: 94.77)
1367000 2571.109920024872 531.68 q/s (% mem usage: 5.20, % mem avail: 94.77)
1367500 2571.1533014774323 531.86 q/s (% mem usage: 5.20, % mem avail: 94.77)
1368000 2571.7212336063385 531.94 q/s (% mem usage: 5.20, % mem avail: 94.77)
1368500 2572.71231508255 531.93 q/s (% mem usage: 5.20, % mem avail: 94.76)
1369000 2574.26446723938 531.80 q/s (% mem usage: 5.20, % mem avail: 94.76)
1369500 2574.5552949905396 531.94 q/s (% mem usage: 5.20, % mem avail: 94.76)
1370000 2575.718923330307 531.89 q/s (% mem usage: 5.20, % mem avail: 94.76)
1370500 2576.4898800849915 531.93 q/s (% mem usage: 5.20, % mem avail: 94.76)
1371000 2577.3000519275665 531.95 q/s (% mem usage: 5.20, % mem avail: 94.76)
1371500 2578.246308326721 531.95 q/s (% mem usage: 5.20, % mem avail: 94.76)
1372000 2579.071106672287 531.97 q/s (% mem usage: 5.20, % mem avail: 94.76)
1372500 2580.024437189102 531.97 q/s (% mem usage: 5.20, % mem avail: 94.76)
1373000 2580.9716787338257 531.97 q/s (% mem usage: 5.20, % mem avail: 94.76)
1373500 2582.2370944023132 531.90 q/s (% mem usage: 5.20, % mem avail: 94.76)
1374000 2583.054630279541 531.93 q/s (% mem usage: 5.20, % mem avail: 94.76)
1374500 2584.0328595638275 531.92 q/s (% mem usage: 5.20, % mem avail: 94.76)
1375000 2584.704389810562 531.98 q/s (% mem usage: 5.20, % mem avail: 94.76)
1375500 2586.2146809101105 531.86 q/s (% mem usage: 5.20, % mem avail: 94.76)
1376000 2586.707619190216 531.95 q/s (% mem usage: 5.20, % mem avail: 94.75)
1376500 2587.79221367836 531.92 q/s (% mem usage: 5.20, % mem avail: 94.75)
1377000 2588.631068468094 531.94 q/s (% mem usage: 5.20, % mem avail: 94.75)
1377500 2589.7200405597687 531.91 q/s (% mem usage: 5.20, % mem avail: 94.75)
1378000 2590.6535658836365 531.91 q/s (% mem usage: 5.20, % mem avail: 94.75)
1378500 2591.55850148201 531.92 q/s (% mem usage: 5.20, % mem avail: 94.76)
1379000 2593.928249359131 531.63 q/s (% mem usage: 5.20, % mem avail: 94.75)
1379500 2593.9787635803223 531.81 q/s (% mem usage: 5.20, % mem avail: 94.75)
1380000 2594.3448860645294 531.93 q/s (% mem usage: 5.20, % mem avail: 94.75)
1380500 2595.426162481308 531.90 q/s (% mem usage: 5.20, % mem avail: 94.75)
1381000 2596.3485798835754 531.90 q/s (% mem usage: 5.30, % mem avail: 94.75)
1381500 2597.736709356308 531.81 q/s (% mem usage: 5.30, % mem avail: 94.75)
1382000 2598.9755504131317 531.75 q/s (% mem usage: 5.30, % mem avail: 94.75)
1382500 2599.030966281891 531.93 q/s (% mem usage: 5.30, % mem avail: 94.75)
1383000 2600.0319018363953 531.92 q/s (% mem usage: 5.30, % mem avail: 94.75)
1383500 2602.814260005951 531.54 q/s (% mem usage: 5.30, % mem avail: 94.75)
1384000 2602.854987859726 531.72 q/s (% mem usage: 5.30, % mem avail: 94.75)
1384500 2602.9043123722076 531.91 q/s (% mem usage: 5.30, % mem avail: 94.74)
1385000 2603.8436636924744 531.91 q/s (% mem usage: 5.20, % mem avail: 94.76)
1385500 2604.737151861191 531.92 q/s (% mem usage: 5.20, % mem avail: 94.76)
1386000 2605.574936389923 531.94 q/s (% mem usage: 5.20, % mem avail: 94.76)
1386500 2606.497042655945 531.94 q/s (% mem usage: 5.20, % mem avail: 94.76)
1387000 2608.406525850296 531.74 q/s (% mem usage: 5.20, % mem avail: 94.76)
1387500 2609.2569177150726 531.76 q/s (% mem usage: 5.20, % mem avail: 94.76)
1388000 2609.3054740428925 531.94 q/s (% mem usage: 5.20, % mem avail: 94.76)
1388500 2610.1892442703247 531.95 q/s (% mem usage: 5.20, % mem avail: 94.76)
1389000 2611.129372358322 531.95 q/s (% mem usage: 5.20, % mem avail: 94.75)
1389500 2612.0798740386963 531.95 q/s (% mem usage: 5.20, % mem avail: 94.75)
1390000 2612.9816958904266 531.96 q/s (% mem usage: 5.20, % mem avail: 94.75)
1390500 2614.4767105579376 531.85 q/s (% mem usage: 5.20, % mem avail: 94.75)
1391000 2615.020089864731 531.93 q/s (% mem usage: 5.20, % mem avail: 94.75)
1391500 2615.939370393753 531.93 q/s (% mem usage: 5.20, % mem avail: 94.75)
1392000 2617.423969268799 531.82 q/s (% mem usage: 5.20, % mem avail: 94.75)
1392500 2617.661901473999 531.96 q/s (% mem usage: 5.30, % mem avail: 94.75)
1393000 2618.6216399669647 531.96 q/s (% mem usage: 5.30, % mem avail: 94.75)
1393500 2620.0331296920776 531.86 q/s (% mem usage: 5.30, % mem avail: 94.75)
1394000 2620.6300914287567 531.93 q/s (% mem usage: 5.30, % mem avail: 94.75)
1394500 2621.664130926132 531.91 q/s (% mem usage: 5.30, % mem avail: 94.75)
1395000 2622.5544233322144 531.92 q/s (% mem usage: 5.30, % mem avail: 94.75)
1395500 2623.4601991176605 531.93 q/s (% mem usage: 5.20, % mem avail: 94.76)
1396000 2624.4583785533905 531.92 q/s (% mem usage: 5.20, % mem avail: 94.76)
1396500 2626.3659904003143 531.72 q/s (% mem usage: 5.20, % mem avail: 94.75)
1397000 2626.4229850769043 531.90 q/s (% mem usage: 5.20, % mem avail: 94.75)
1397500 2627.210401535034 531.93 q/s (% mem usage: 5.20, % mem avail: 94.75)
1398000 2628.2772982120514 531.91 q/s (% mem usage: 5.20, % mem avail: 94.75)
1398500 2629.254409790039 531.90 q/s (% mem usage: 5.20, % mem avail: 94.75)
1399000 2630.1067554950714 531.92 q/s (% mem usage: 5.20, % mem avail: 94.75)
1399500 2631.061988592148 531.91 q/s (% mem usage: 5.20, % mem avail: 94.75)
1400000 2633.5161027908325 531.61 q/s (% mem usage: 5.30, % mem avail: 94.75)
1400500 2633.566533088684 531.79 q/s (% mem usage: 5.30, % mem avail: 94.75)
1401000 2634.0644392967224 531.88 q/s (% mem usage: 5.30, % mem avail: 94.75)
1401500 2634.8180587291718 531.92 q/s (% mem usage: 5.30, % mem avail: 94.75)
1402000 2636.5141916275024 531.76 q/s (% mem usage: 5.30, % mem avail: 94.74)
1402500 2636.630697488785 531.93 q/s (% mem usage: 5.30, % mem avail: 94.74)
1403000 2637.8132576942444 531.88 q/s (% mem usage: 5.30, % mem avail: 94.74)
1403500 2638.7349712848663 531.88 q/s (% mem usage: 5.30, % mem avail: 94.74)
1404000 2639.5430057048798 531.91 q/s (% mem usage: 5.30, % mem avail: 94.74)
1404500 2640.4263937473297 531.92 q/s (% mem usage: 5.30, % mem avail: 94.74)
1405000 2641.333902835846 531.93 q/s (% mem usage: 5.30, % mem avail: 94.74)
1405500 2642.352039575577 531.91 q/s (% mem usage: 5.30, % mem avail: 94.74)
1406000 2644.070860147476 531.76 q/s (% mem usage: 5.30, % mem avail: 94.74)
1406500 2644.1902232170105 531.92 q/s (% mem usage: 5.30, % mem avail: 94.74)
1407000 2645.028153657913 531.94 q/s (% mem usage: 5.30, % mem avail: 94.74)
1407500 2646.0766417980194 531.92 q/s (% mem usage: 5.30, % mem avail: 94.74)
1408000 2646.9964911937714 531.92 q/s (% mem usage: 5.30, % mem avail: 94.75)
1408500 2648.1515550613403 531.88 q/s (% mem usage: 5.30, % mem avail: 94.75)
1409000 2649.0622568130493 531.89 q/s (% mem usage: 5.30, % mem avail: 94.75)
1409500 2649.7576398849487 531.94 q/s (% mem usage: 5.30, % mem avail: 94.75)
1410000 2650.626428127289 531.95 q/s (% mem usage: 5.30, % mem avail: 94.75)
1410500 2651.57044172287 531.95 q/s (% mem usage: 5.30, % mem avail: 94.75)
1411000 2653.420352935791 531.77 q/s (% mem usage: 5.30, % mem avail: 94.74)
1411500 2653.4633088111877 531.95 q/s (% mem usage: 5.30, % mem avail: 94.74)
1412000 2654.3624968528748 531.95 q/s (% mem usage: 5.30, % mem avail: 94.74)
1412500 2655.2817261219025 531.96 q/s (% mem usage: 5.30, % mem avail: 94.74)
1413000 2656.236280441284 531.96 q/s (% mem usage: 5.30, % mem avail: 94.74)
1413500 2657.281789302826 531.93 q/s (% mem usage: 5.30, % mem avail: 94.74)
1414000 2658.0173168182373 531.98 q/s (% mem usage: 5.30, % mem avail: 94.74)
1414500 2659.075619459152 531.95 q/s (% mem usage: 5.30, % mem avail: 94.74)
1415000 2659.8594739437103 531.98 q/s (% mem usage: 5.30, % mem avail: 94.74)
1415500 2660.8565731048584 531.97 q/s (% mem usage: 5.30, % mem avail: 94.74)
1416000 2661.778508424759 531.98 q/s (% mem usage: 5.30, % mem avail: 94.74)
1416500 2663.6896708011627 531.78 q/s (% mem usage: 5.30, % mem avail: 94.74)
1417000 2663.734038591385 531.96 q/s (% mem usage: 5.30, % mem avail: 94.74)
1417500 2665.8847601413727 531.72 q/s (% mem usage: 5.30, % mem avail: 94.74)
1418000 2665.92471241951 531.90 q/s (% mem usage: 5.30, % mem avail: 94.74)
1418500 2667.925896883011 531.69 q/s (% mem usage: 5.30, % mem avail: 94.73)
1419000 2667.9681606292725 531.87 q/s (% mem usage: 5.30, % mem avail: 94.73)
1419500 2668.2476601600647 532.00 q/s (% mem usage: 5.30, % mem avail: 94.73)
1420000 2669.1980261802673 531.99 q/s (% mem usage: 5.20, % mem avail: 94.76)
1420500 2670.004765033722 532.02 q/s (% mem usage: 5.20, % mem avail: 94.76)
1421000 2670.913078069687 532.03 q/s (% mem usage: 5.20, % mem avail: 94.76)
1421500 2671.9613280296326 532.01 q/s (% mem usage: 5.20, % mem avail: 94.76)
1422000 2672.880923271179 532.01 q/s (% mem usage: 5.20, % mem avail: 94.76)
1422500 2674.022924423218 531.97 q/s (% mem usage: 5.20, % mem avail: 94.76)
1423000 2674.726489543915 532.02 q/s (% mem usage: 5.20, % mem avail: 94.76)
1423500 2675.701889514923 532.01 q/s (% mem usage: 5.20, % mem avail: 94.76)
1424000 2676.554789543152 532.03 q/s (% mem usage: 5.20, % mem avail: 94.76)
1424500 2677.54984664917 532.02 q/s (% mem usage: 5.20, % mem avail: 94.75)
1425000 2679.370728492737 531.84 q/s (% mem usage: 5.20, % mem avail: 94.75)
1425500 2679.4228081703186 532.02 q/s (% mem usage: 5.20, % mem avail: 94.75)
1426000 2680.308715581894 532.03 q/s (% mem usage: 5.20, % mem avail: 94.75)
1426500 2681.9613757133484 531.89 q/s (% mem usage: 5.20, % mem avail: 94.75)
1427000 2682.599874019623 531.95 q/s (% mem usage: 5.20, % mem avail: 94.75)
1427500 2683.0818333625793 532.04 q/s (% mem usage: 5.20, % mem avail: 94.75)
1428000 2683.9853415489197 532.04 q/s (% mem usage: 5.30, % mem avail: 94.75)
1428500 2685.3513085842133 531.96 q/s (% mem usage: 5.30, % mem avail: 94.75)
1429000 2685.8061883449554 532.06 q/s (% mem usage: 5.30, % mem avail: 94.75)
1429500 2686.73370718956 532.06 q/s (% mem usage: 5.30, % mem avail: 94.75)
1430000 2687.6535291671753 532.06 q/s (% mem usage: 5.30, % mem avail: 94.74)
1430500 2688.8933370113373 532.00 q/s (% mem usage: 5.30, % mem avail: 94.75)
1431000 2689.596526861191 532.05 q/s (% mem usage: 5.30, % mem avail: 94.74)
1431500 2690.67716383934 532.02 q/s (% mem usage: 5.30, % mem avail: 94.74)
1432000 2691.6098353862762 532.02 q/s (% mem usage: 5.30, % mem avail: 94.74)
1432500 2692.5354895591736 532.03 q/s (% mem usage: 5.30, % mem avail: 94.74)
1433000 2693.331220149994 532.05 q/s (% mem usage: 5.30, % mem avail: 94.74)
1433500 2694.5740535259247 532.00 q/s (% mem usage: 5.30, % mem avail: 94.74)
1434000 2695.5028898715973 532.00 q/s (% mem usage: 5.30, % mem avail: 94.74)
1434500 2696.4953837394714 531.99 q/s (% mem usage: 5.30, % mem avail: 94.73)
1435000 2697.476933002472 531.98 q/s (% mem usage: 5.30, % mem avail: 94.73)
1435500 2698.943551301956 531.87 q/s (% mem usage: 5.30, % mem avail: 94.73)
1436000 2700.0873551368713 531.83 q/s (% mem usage: 5.30, % mem avail: 94.73)
1436500 2700.1739156246185 532.00 q/s (% mem usage: 5.30, % mem avail: 94.73)
1437000 2701.095044374466 532.01 q/s (% mem usage: 5.30, % mem avail: 94.72)
1437500 2702.041290998459 532.01 q/s (% mem usage: 5.30, % mem avail: 94.72)
1438000 2703.0058193206787 532.00 q/s (% mem usage: 5.30, % mem avail: 94.72)
1438500 2704.6896452903748 531.85 q/s (% mem usage: 5.30, % mem avail: 94.72)
1439000 2704.8178701400757 532.01 q/s (% mem usage: 5.30, % mem avail: 94.72)
1439500 2706.0146005153656 531.96 q/s (% mem usage: 5.30, % mem avail: 94.72)
1440000 2706.683578014374 532.02 q/s (% mem usage: 5.30, % mem avail: 94.72)
1440500 2707.5577008724213 532.03 q/s (% mem usage: 5.30, % mem avail: 94.72)
1441000 2708.4028313159943 532.05 q/s (% mem usage: 5.30, % mem avail: 94.72)
1441500 2709.4019343852997 532.04 q/s (% mem usage: 5.30, % mem avail: 94.72)
1442000 2710.358456134796 532.03 q/s (% mem usage: 5.30, % mem avail: 94.72)
1442500 2711.416670322418 532.01 q/s (% mem usage: 5.30, % mem avail: 94.72)
1443000 2712.349781036377 532.01 q/s (% mem usage: 5.30, % mem avail: 94.72)
1443500 2713.187169313431 532.03 q/s (% mem usage: 5.30, % mem avail: 94.72)
1444000 2714.1416137218475 532.03 q/s (% mem usage: 5.30, % mem avail: 94.72)
1444500 2715.14763879776 532.02 q/s (% mem usage: 5.30, % mem avail: 94.72)
1445000 2716.029578924179 532.03 q/s (% mem usage: 5.30, % mem avail: 94.72)
1445500 2716.9672071933746 532.03 q/s (% mem usage: 5.30, % mem avail: 94.72)
1446000 2719.1762578487396 531.78 q/s (% mem usage: 5.30, % mem avail: 94.72)
1446500 2719.2222504615784 531.95 q/s (% mem usage: 5.30, % mem avail: 94.72)
1447000 2719.6878917217255 532.05 q/s (% mem usage: 5.30, % mem avail: 94.72)
1447500 2720.628031730652 532.05 q/s (% mem usage: 5.30, % mem avail: 94.72)
1448000 2721.4638221263885 532.07 q/s (% mem usage: 5.30, % mem avail: 94.72)
1448500 2722.518341779709 532.04 q/s (% mem usage: 5.30, % mem avail: 94.72)
1449000 2723.416648864746 532.05 q/s (% mem usage: 5.30, % mem avail: 94.72)
1449500 2724.3478484153748 532.05 q/s (% mem usage: 5.30, % mem avail: 94.72)
1450000 2725.302173137665 532.05 q/s (% mem usage: 5.30, % mem avail: 94.72)
1450500 2726.2298159599304 532.05 q/s (% mem usage: 5.30, % mem avail: 94.72)
1451000 2727.118849992752 532.06 q/s (% mem usage: 5.30, % mem avail: 94.72)
1451500 2728.0955035686493 532.06 q/s (% mem usage: 5.30, % mem avail: 94.72)
1452000 2729.2513303756714 532.01 q/s (% mem usage: 5.30, % mem avail: 94.72)
1452500 2729.9318640232086 532.06 q/s (% mem usage: 5.30, % mem avail: 94.72)
1453000 2730.962985754013 532.05 q/s (% mem usage: 5.30, % mem avail: 94.72)
1453500 2731.8199479579926 532.06 q/s (% mem usage: 5.30, % mem avail: 94.72)
1454000 2733.0856511592865 532.00 q/s (% mem usage: 5.30, % mem avail: 94.72)
1454500 2733.900358438492 532.02 q/s (% mem usage: 5.30, % mem avail: 94.72)
1455000 2734.7638132572174 532.04 q/s (% mem usage: 5.30, % mem avail: 94.72)
1455500 2735.696547269821 532.04 q/s (% mem usage: 5.30, % mem avail: 94.72)
1456000 2736.6465966701508 532.04 q/s (% mem usage: 5.30, % mem avail: 94.72)
1456500 2737.527843952179 532.05 q/s (% mem usage: 5.30, % mem avail: 94.72)
1457000 2738.3482081890106 532.07 q/s (% mem usage: 5.30, % mem avail: 94.72)
1457500 2739.756444454193 531.98 q/s (% mem usage: 5.30, % mem avail: 94.72)
1458000 2740.8942697048187 531.94 q/s (% mem usage: 5.30, % mem avail: 94.72)
1458500 2741.221752643585 532.06 q/s (% mem usage: 5.30, % mem avail: 94.72)
1459000 2742.265984773636 532.04 q/s (% mem usage: 5.30, % mem avail: 94.72)
1459500 2744.399568080902 531.81 q/s (% mem usage: 5.30, % mem avail: 94.72)
1460000 2744.4785730838776 531.98 q/s (% mem usage: 5.30, % mem avail: 94.72)
1460500 2746.34139084816 531.80 q/s (% mem usage: 5.30, % mem avail: 94.72)
1461000 2746.387971639633 531.97 q/s (% mem usage: 5.30, % mem avail: 94.72)
1461500 2747.282710790634 531.98 q/s (% mem usage: 5.30, % mem avail: 94.72)
1462000 2747.8649623394012 532.05 q/s (% mem usage: 5.30, % mem avail: 94.72)
1462500 2748.717647075653 532.07 q/s (% mem usage: 5.30, % mem avail: 94.72)
1463000 2749.7224140167236 532.05 q/s (% mem usage: 5.30, % mem avail: 94.72)
1463500 2751.491473674774 531.89 q/s (% mem usage: 5.30, % mem avail: 94.72)
1464000 2751.5413806438446 532.07 q/s (% mem usage: 5.30, % mem avail: 94.72)
1464500 2752.4298157691956 532.08 q/s (% mem usage: 5.30, % mem avail: 94.72)
1465000 2753.435746192932 532.06 q/s (% mem usage: 5.30, % mem avail: 94.72)
1465500 2755.792685031891 531.79 q/s (% mem usage: 5.30, % mem avail: 94.72)
1466000 2755.840612411499 531.96 q/s (% mem usage: 5.30, % mem avail: 94.72)
1466500 2756.755313396454 531.97 q/s (% mem usage: 5.30, % mem avail: 94.72)
1467000 2757.387330055237 532.03 q/s (% mem usage: 5.30, % mem avail: 94.72)
1467500 2758.0545785427094 532.08 q/s (% mem usage: 5.30, % mem avail: 94.72)
1468000 2758.935511112213 532.09 q/s (% mem usage: 5.30, % mem avail: 94.72)
1468500 2759.8966414928436 532.09 q/s (% mem usage: 5.30, % mem avail: 94.72)
1469000 2762.0221495628357 531.86 q/s (% mem usage: 5.30, % mem avail: 94.71)
1469500 2762.3754835128784 531.97 q/s (% mem usage: 5.30, % mem avail: 94.71)
1470000 2762.8556003570557 532.06 q/s (% mem usage: 5.30, % mem avail: 94.71)
1470500 2763.8477141857147 532.05 q/s (% mem usage: 5.30, % mem avail: 94.71)
1471000 2764.529189825058 532.10 q/s (% mem usage: 5.30, % mem avail: 94.71)
1471500 2766.641829252243 531.87 q/s (% mem usage: 5.30, % mem avail: 94.71)
1472000 2767.301492214203 531.93 q/s (% mem usage: 5.30, % mem avail: 94.72)
1472500 2768.6375505924225 531.85 q/s (% mem usage: 5.30, % mem avail: 94.72)
1473000 2768.6805605888367 532.02 q/s (% mem usage: 5.30, % mem avail: 94.72)
1473500 2769.1444234848022 532.11 q/s (% mem usage: 5.30, % mem avail: 94.72)
1474000 2770.272052049637 532.08 q/s (% mem usage: 5.30, % mem avail: 94.72)
1474500 2771.6082377433777 532.00 q/s (% mem usage: 5.30, % mem avail: 94.72)
1475000 2772.0799493789673 532.09 q/s (% mem usage: 5.30, % mem avail: 94.72)
1475500 2772.9780309200287 532.10 q/s (% mem usage: 5.30, % mem avail: 94.72)
1476000 2774.0771770477295 532.07 q/s (% mem usage: 5.30, % mem avail: 94.72)
1476500 2776.5162374973297 531.78 q/s (% mem usage: 5.30, % mem avail: 94.72)
1477000 2776.5606298446655 531.95 q/s (% mem usage: 5.30, % mem avail: 94.72)
1477500 2777.424434185028 531.97 q/s (% mem usage: 5.30, % mem avail: 94.72)
1478000 2777.816790342331 532.07 q/s (% mem usage: 5.30, % mem avail: 94.72)
1478500 2778.626371383667 532.10 q/s (% mem usage: 5.30, % mem avail: 94.72)
1479000 2779.7912368774414 532.05 q/s (% mem usage: 5.30, % mem avail: 94.72)
1479500 2780.4977016448975 532.10 q/s (% mem usage: 5.30, % mem avail: 94.73)
1480000 2782.133320569992 531.97 q/s (% mem usage: 5.30, % mem avail: 94.73)
1480500 2782.322422504425 532.11 q/s (% mem usage: 5.30, % mem avail: 94.73)
1481000 2783.3137102127075 532.10 q/s (% mem usage: 5.30, % mem avail: 94.73)
1481500 2784.130482196808 532.12 q/s (% mem usage: 5.30, % mem avail: 94.73)
1482000 2785.171821832657 532.10 q/s (% mem usage: 5.30, % mem avail: 94.73)
1482500 2786.03258395195 532.12 q/s (% mem usage: 5.30, % mem avail: 94.73)
1483000 2787.25470161438 532.06 q/s (% mem usage: 5.30, % mem avail: 94.73)
1483500 2788.0444779396057 532.09 q/s (% mem usage: 5.30, % mem avail: 94.73)
1484000 2789.9604189395905 531.91 q/s (% mem usage: 5.30, % mem avail: 94.73)
1484500 2790.0054652690887 532.08 q/s (% mem usage: 5.30, % mem avail: 94.73)
1485000 2790.6919918060303 532.13 q/s (% mem usage: 5.30, % mem avail: 94.73)
1485500 2791.6894443035126 532.12 q/s (% mem usage: 5.30, % mem avail: 94.73)
1486000 2792.5745480060577 532.13 q/s (% mem usage: 5.30, % mem avail: 94.73)
1486500 2793.602789878845 532.11 q/s (% mem usage: 5.30, % mem avail: 94.73)
1487000 2794.501181125641 532.12 q/s (% mem usage: 5.30, % mem avail: 94.73)
1487500 2795.494198322296 532.11 q/s (% mem usage: 5.30, % mem avail: 94.73)
1488000 2796.4528996944427 532.10 q/s (% mem usage: 5.30, % mem avail: 94.73)
1488500 2797.343098640442 532.11 q/s (% mem usage: 5.30, % mem avail: 94.73)
1489000 2798.162077665329 532.14 q/s (% mem usage: 5.30, % mem avail: 94.73)
1489500 2799.0836811065674 532.14 q/s (% mem usage: 5.30, % mem avail: 94.73)
1490000 2800.0970668792725 532.12 q/s (% mem usage: 5.30, % mem avail: 94.73)
1490500 2800.9151287078857 532.15 q/s (% mem usage: 5.30, % mem avail: 94.73)
1491000 2801.844164609909 532.15 q/s (% mem usage: 5.30, % mem avail: 94.73)
1491500 2802.7027995586395 532.16 q/s (% mem usage: 5.30, % mem avail: 94.73)
1492000 2803.694972753525 532.15 q/s (% mem usage: 5.30, % mem avail: 94.73)
1492500 2804.7503168582916 532.13 q/s (% mem usage: 5.30, % mem avail: 94.73)
1493000 2805.9430248737335 532.08 q/s (% mem usage: 5.30, % mem avail: 94.73)
1493500 2806.6170094013214 532.14 q/s (% mem usage: 5.30, % mem avail: 94.73)
1494000 2807.711617231369 532.11 q/s (% mem usage: 5.30, % mem avail: 94.73)
1494500 2808.7588143348694 532.09 q/s (% mem usage: 5.30, % mem avail: 94.73)
1495000 2809.675038576126 532.09 q/s (% mem usage: 5.30, % mem avail: 94.73)
1495500 2810.52037525177 532.11 q/s (% mem usage: 5.30, % mem avail: 94.73)
1496000 2811.846192598343 532.03 q/s (% mem usage: 5.30, % mem avail: 94.73)
1496500 2812.3108088970184 532.12 q/s (% mem usage: 5.30, % mem avail: 94.73)
1497000 2813.23140001297 532.13 q/s (% mem usage: 5.30, % mem avail: 94.73)
1497500 2814.11998963356 532.14 q/s (% mem usage: 5.30, % mem avail: 94.73)
1498000 2815.145664215088 532.12 q/s (% mem usage: 5.30, % mem avail: 94.73)
1498500 2816.531435728073 532.04 q/s (% mem usage: 5.30, % mem avail: 94.73)
1499000 2817.136476993561 532.10 q/s (% mem usage: 5.30, % mem avail: 94.73)
1499500 2818.004768371582 532.11 q/s (% mem usage: 5.30, % mem avail: 94.73)
1500000 2819.0092856884003 532.10 q/s (% mem usage: 5.30, % mem avail: 94.73)
1500500 2819.9166915416718 532.11 q/s (% mem usage: 5.30, % mem avail: 94.73)
1501000 2820.8450412750244 532.11 q/s (% mem usage: 5.30, % mem avail: 94.73)
1501500 2821.780191421509 532.11 q/s (% mem usage: 5.30, % mem avail: 94.73)
1502000 2822.6831047534943 532.12 q/s (% mem usage: 5.30, % mem avail: 94.73)
1502500 2823.7040207386017 532.10 q/s (% mem usage: 5.30, % mem avail: 94.73)
1503000 2824.497969865799 532.13 q/s (% mem usage: 5.30, % mem avail: 94.73)
1503500 2825.6997561454773 532.08 q/s (% mem usage: 5.30, % mem avail: 94.73)
1504000 2826.539708137512 532.10 q/s (% mem usage: 5.30, % mem avail: 94.73)
1504500 2828.0482087135315 531.99 q/s (% mem usage: 5.30, % mem avail: 94.73)
1505000 2828.507581949234 532.08 q/s (% mem usage: 5.30, % mem avail: 94.73)
1505500 2829.5304350852966 532.07 q/s (% mem usage: 5.30, % mem avail: 94.73)
1506000 2830.7155356407166 532.02 q/s (% mem usage: 5.30, % mem avail: 94.73)
1506500 2831.2945959568024 532.09 q/s (% mem usage: 5.30, % mem avail: 94.73)
1507000 2832.0516476631165 532.12 q/s (% mem usage: 5.30, % mem avail: 94.73)
1507500 2833.30375289917 532.06 q/s (% mem usage: 5.30, % mem avail: 94.73)
1508000 2834.1130430698395 532.09 q/s (% mem usage: 5.30, % mem avail: 94.73)
1508500 2835.072944879532 532.09 q/s (% mem usage: 5.30, % mem avail: 94.73)
1509000 2835.8290593624115 532.12 q/s (% mem usage: 5.30, % mem avail: 94.73)
1509500 2836.7383205890656 532.13 q/s (% mem usage: 5.30, % mem avail: 94.73)
1510000 2839.3212728500366 531.82 q/s (% mem usage: 5.30, % mem avail: 94.73)
1510500 2839.3643691539764 531.99 q/s (% mem usage: 5.30, % mem avail: 94.73)
1511000 2839.4995489120483 532.14 q/s (% mem usage: 5.30, % mem avail: 94.73)
1511500 2840.3080949783325 532.16 q/s (% mem usage: 5.30, % mem avail: 94.73)
1512000 2841.2637684345245 532.16 q/s (% mem usage: 5.30, % mem avail: 94.73)
1512500 2842.0067360401154 532.19 q/s (% mem usage: 5.30, % mem avail: 94.73)
1513000 2842.8714323043823 532.21 q/s (% mem usage: 5.30, % mem avail: 94.73)
1513500 2843.8450469970703 532.20 q/s (% mem usage: 5.30, % mem avail: 94.73)
1514000 2844.6989455223083 532.22 q/s (% mem usage: 5.30, % mem avail: 94.73)
1514500 2845.682639360428 532.21 q/s (% mem usage: 5.30, % mem avail: 94.73)
1515000 2846.5883243083954 532.22 q/s (% mem usage: 5.30, % mem avail: 94.73)
1515500 2847.673428297043 532.19 q/s (% mem usage: 5.30, % mem avail: 94.73)
1516000 2848.6727905273438 532.18 q/s (% mem usage: 5.30, % mem avail: 94.73)
1516500 2849.4491732120514 532.21 q/s (% mem usage: 5.30, % mem avail: 94.73)
1517000 2850.309383392334 532.22 q/s (% mem usage: 5.30, % mem avail: 94.73)
1517500 2852.616472005844 531.97 q/s (% mem usage: 5.30, % mem avail: 94.73)
1518000 2852.658332824707 532.14 q/s (% mem usage: 5.30, % mem avail: 94.73)
1518500 2853.1640985012054 532.22 q/s (% mem usage: 5.30, % mem avail: 94.73)
1519000 2854.057996034622 532.22 q/s (% mem usage: 5.30, % mem avail: 94.73)
1519500 2854.9699470996857 532.23 q/s (% mem usage: 5.30, % mem avail: 94.73)
1520000 2856.293790102005 532.16 q/s (% mem usage: 5.30, % mem avail: 94.73)
1520500 2856.8043229579926 532.24 q/s (% mem usage: 5.30, % mem avail: 94.73)
1521000 2857.7288143634796 532.24 q/s (% mem usage: 5.30, % mem avail: 94.73)
1521500 2858.72332239151 532.23 q/s (% mem usage: 5.30, % mem avail: 94.73)
1522000 2859.5910291671753 532.24 q/s (% mem usage: 5.30, % mem avail: 94.73)
1522500 2860.6339704990387 532.22 q/s (% mem usage: 5.30, % mem avail: 94.73)
1523000 2861.6209506988525 532.22 q/s (% mem usage: 5.30, % mem avail: 94.73)
1523500 2862.4766006469727 532.23 q/s (% mem usage: 5.30, % mem avail: 94.73)
1524000 2863.346071243286 532.24 q/s (% mem usage: 5.30, % mem avail: 94.73)
1524500 2864.1865272521973 532.26 q/s (% mem usage: 5.30, % mem avail: 94.73)
1525000 2865.1174087524414 532.26 q/s (% mem usage: 5.30, % mem avail: 94.73)
1525500 2866.0090742111206 532.27 q/s (% mem usage: 5.30, % mem avail: 94.73)
1526000 2866.861423254013 532.29 q/s (% mem usage: 5.30, % mem avail: 94.73)
1526500 2867.9868874549866 532.25 q/s (% mem usage: 5.30, % mem avail: 94.73)
1527000 2870.1292355060577 532.03 q/s (% mem usage: 5.30, % mem avail: 94.73)
1527500 2870.1742100715637 532.20 q/s (% mem usage: 5.30, % mem avail: 94.73)
1528000 2870.8740668296814 532.24 q/s (% mem usage: 5.30, % mem avail: 94.73)
1528500 2871.655516386032 532.27 q/s (% mem usage: 5.30, % mem avail: 94.73)
1529000 2872.540414571762 532.28 q/s (% mem usage: 5.30, % mem avail: 94.73)
1529500 2873.586885690689 532.26 q/s (% mem usage: 5.30, % mem avail: 94.73)
1530000 2874.4610929489136 532.27 q/s (% mem usage: 5.30, % mem avail: 94.73)
1530500 2875.3410351276398 532.28 q/s (% mem usage: 5.30, % mem avail: 94.73)
1531000 2876.4378905296326 532.26 q/s (% mem usage: 5.30, % mem avail: 94.73)
1531500 2877.5174272060394 532.23 q/s (% mem usage: 5.30, % mem avail: 94.73)
1532000 2878.185296058655 532.28 q/s (% mem usage: 5.30, % mem avail: 94.73)
1532500 2879.3954441547394 532.23 q/s (% mem usage: 5.30, % mem avail: 94.73)
1533000 2880.076105117798 532.28 q/s (% mem usage: 5.30, % mem avail: 94.73)
1533500 2881.136059522629 532.26 q/s (% mem usage: 5.30, % mem avail: 94.73)
1534000 2881.95600771904 532.28 q/s (% mem usage: 5.30, % mem avail: 94.73)
1534500 2882.8579008579254 532.28 q/s (% mem usage: 5.30, % mem avail: 94.73)
1535000 2883.806818962097 532.28 q/s (% mem usage: 5.30, % mem avail: 94.73)
1535500 2884.8637149333954 532.26 q/s (% mem usage: 5.30, % mem avail: 94.73)
1536000 2885.7015748023987 532.28 q/s (% mem usage: 5.30, % mem avail: 94.73)
1536500 2886.6542751789093 532.28 q/s (% mem usage: 5.30, % mem avail: 94.73)
1537000 2887.704064846039 532.26 q/s (% mem usage: 5.30, % mem avail: 94.73)
1537500 2888.4933202266693 532.28 q/s (% mem usage: 5.30, % mem avail: 94.73)
1538000 2889.3897285461426 532.29 q/s (% mem usage: 5.30, % mem avail: 94.73)
1538500 2890.319436073303 532.29 q/s (% mem usage: 5.30, % mem avail: 94.73)
1539000 2891.250435113907 532.30 q/s (% mem usage: 5.30, % mem avail: 94.73)
1539500 2893.267975091934 532.10 q/s (% mem usage: 5.30, % mem avail: 94.73)
1540000 2893.3091418743134 532.26 q/s (% mem usage: 5.30, % mem avail: 94.73)
1540500 2894.107335805893 532.29 q/s (% mem usage: 5.30, % mem avail: 94.73)
1541000 2895.4704008102417 532.21 q/s (% mem usage: 5.30, % mem avail: 94.73)
1541500 2897.1510722637177 532.07 q/s (% mem usage: 5.30, % mem avail: 94.73)
1542000 2897.208715200424 532.24 q/s (% mem usage: 5.30, % mem avail: 94.72)
1542500 2898.0985918045044 532.25 q/s (% mem usage: 5.30, % mem avail: 94.73)
1543000 2899.0744836330414 532.24 q/s (% mem usage: 5.30, % mem avail: 94.73)
1543500 2900.0012612342834 532.24 q/s (% mem usage: 5.30, % mem avail: 94.73)
1544000 2900.922910928726 532.24 q/s (% mem usage: 5.30, % mem avail: 94.73)
1544500 2901.7928948402405 532.26 q/s (% mem usage: 5.30, % mem avail: 94.73)
1545000 2902.8123219013214 532.24 q/s (% mem usage: 5.30, % mem avail: 94.73)
1545500 2903.766530752182 532.24 q/s (% mem usage: 5.30, % mem avail: 94.73)
1546000 2904.6928203105927 532.24 q/s (% mem usage: 5.30, % mem avail: 94.73)
1546500 2906.8311643600464 532.02 q/s (% mem usage: 5.30, % mem avail: 94.73)
1547000 2906.879190683365 532.19 q/s (% mem usage: 5.30, % mem avail: 94.73)
1547500 2907.321382522583 532.28 q/s (% mem usage: 5.30, % mem avail: 94.73)
1548000 2908.2057468891144 532.29 q/s (% mem usage: 5.30, % mem avail: 94.73)
1548500 2909.6376276016235 532.20 q/s (% mem usage: 5.30, % mem avail: 94.73)
1549000 2909.8383133411407 532.33 q/s (% mem usage: 5.30, % mem avail: 94.73)
1549500 2910.9667904376984 532.30 q/s (% mem usage: 5.30, % mem avail: 94.73)
1550000 2911.8386318683624 532.31 q/s (% mem usage: 5.30, % mem avail: 94.73)
1550500 2913.372997045517 532.20 q/s (% mem usage: 5.30, % mem avail: 94.73)
1551000 2913.652656555176 532.32 q/s (% mem usage: 5.30, % mem avail: 94.73)
1551500 2914.6080276966095 532.32 q/s (% mem usage: 5.30, % mem avail: 94.73)
1552000 2915.6113271713257 532.31 q/s (% mem usage: 5.30, % mem avail: 94.73)
1552500 2918.1457958221436 532.02 q/s (% mem usage: 5.30, % mem avail: 94.72)
1553000 2918.1894776821136 532.18 q/s (% mem usage: 5.30, % mem avail: 94.72)
1553500 2918.4945085048676 532.29 q/s (% mem usage: 5.30, % mem avail: 94.72)
1554000 2919.3546838760376 532.31 q/s (% mem usage: 5.30, % mem avail: 94.72)
1554500 2920.6139771938324 532.25 q/s (% mem usage: 5.30, % mem avail: 94.72)
1555000 2921.51802277565 532.26 q/s (% mem usage: 5.30, % mem avail: 94.72)
1555500 2922.203357934952 532.30 q/s (% mem usage: 5.30, % mem avail: 94.72)
1556000 2923.0789976119995 532.32 q/s (% mem usage: 5.30, % mem avail: 94.73)
1556500 2923.940019130707 532.33 q/s (% mem usage: 5.30, % mem avail: 94.73)
1557000 2926.5453593730927 532.03 q/s (% mem usage: 5.30, % mem avail: 94.72)
1557500 2926.591844558716 532.19 q/s (% mem usage: 5.30, % mem avail: 94.72)
1558000 2926.790331363678 532.32 q/s (% mem usage: 5.30, % mem avail: 94.72)
1558500 2929.163876771927 532.06 q/s (% mem usage: 5.30, % mem avail: 94.73)
1559000 2929.2173256874084 532.22 q/s (% mem usage: 5.30, % mem avail: 94.73)
1559500 2929.9158573150635 532.27 q/s (% mem usage: 5.30, % mem avail: 94.73)
1560000 2930.566860437393 532.32 q/s (% mem usage: 5.30, % mem avail: 94.73)
1560500 2931.403753757477 532.34 q/s (% mem usage: 5.30, % mem avail: 94.73)
1561000 2932.321741580963 532.34 q/s (% mem usage: 5.30, % mem avail: 94.73)
1561500 2933.2071964740753 532.35 q/s (% mem usage: 5.30, % mem avail: 94.73)
1562000 2934.1970751285553 532.34 q/s (% mem usage: 5.30, % mem avail: 94.73)
1562500 2935.620581150055 532.26 q/s (% mem usage: 5.30, % mem avail: 94.73)
1563000 2935.8642489910126 532.38 q/s (% mem usage: 5.30, % mem avail: 94.73)
1563500 2937.013875722885 532.34 q/s (% mem usage: 5.30, % mem avail: 94.73)
1564000 2937.9984323978424 532.34 q/s (% mem usage: 5.30, % mem avail: 94.72)
^[[B1564500 2938.9399361610413 532.33 q/s (% mem usage: 5.30, % mem avail: 94.73)
1565000 2940.820796728134 532.16 q/s (% mem usage: 5.30, % mem avail: 94.73)
1565500 2940.865015029907 532.33 q/s (% mem usage: 5.30, % mem avail: 94.73)
1566000 2941.666358947754 532.35 q/s (% mem usage: 5.30, % mem avail: 94.73)
1566500 2942.730211019516 532.33 q/s (% mem usage: 5.30, % mem avail: 94.72)
1567000 2943.6271047592163 532.34 q/s (% mem usage: 5.30, % mem avail: 94.72)
1567500 2944.500851392746 532.35 q/s (% mem usage: 5.30, % mem avail: 94.72)
1568000 2945.386340856552 532.36 q/s (% mem usage: 5.30, % mem avail: 94.72)
1568500 2946.2597093582153 532.37 q/s (% mem usage: 5.30, % mem avail: 94.72)
1569000 2947.2589218616486 532.36 q/s (% mem usage: 5.30, % mem avail: 94.72)
1569500 2948.2067198753357 532.36 q/s (% mem usage: 5.30, % mem avail: 94.73)
1570000 2950.772890806198 532.06 q/s (% mem usage: 5.30, % mem avail: 94.72)
1570500 2951.917317867279 532.03 q/s (% mem usage: 5.30, % mem avail: 94.72)
1571000 2953.15695810318 531.97 q/s (% mem usage: 5.30, % mem avail: 94.72)
1571500 2953.207762479782 532.13 q/s (% mem usage: 5.30, % mem avail: 94.72)
1572000 2953.2530925273895 532.29 q/s (% mem usage: 5.30, % mem avail: 94.72)
1572500 2955.028898000717 532.14 q/s (% mem usage: 5.30, % mem avail: 94.72)
1573000 2955.0808708667755 532.30 q/s (% mem usage: 5.30, % mem avail: 94.72)
1573500 2956.9221806526184 532.14 q/s (% mem usage: 5.30, % mem avail: 94.72)
1574000 2956.967485666275 532.30 q/s (% mem usage: 5.30, % mem avail: 94.72)
1574500 2958.4753606319427 532.20 q/s (% mem usage: 5.30, % mem avail: 94.72)
1575000 2959.9869527816772 532.10 q/s (% mem usage: 5.30, % mem avail: 94.72)
1575500 2961.1191699504852 532.06 q/s (% mem usage: 5.30, % mem avail: 94.72)
1576000 2961.1656501293182 532.22 q/s (% mem usage: 5.30, % mem avail: 94.72)
1576500 2961.726235151291 532.29 q/s (% mem usage: 5.30, % mem avail: 94.72)
1577000 2962.7338812351227 532.28 q/s (% mem usage: 5.30, % mem avail: 94.72)
1577500 2964.770646095276 532.08 q/s (% mem usage: 5.30, % mem avail: 94.72)
1578000 2964.984746694565 532.21 q/s (% mem usage: 5.30, % mem avail: 94.72)
1578500 2965.5343148708344 532.28 q/s (% mem usage: 5.30, % mem avail: 94.72)
1579000 2966.5998797416687 532.26 q/s (% mem usage: 5.30, % mem avail: 94.72)
1579500 2967.5605504512787 532.26 q/s (% mem usage: 5.30, % mem avail: 94.72)
1580000 2968.529595375061 532.25 q/s (% mem usage: 5.30, % mem avail: 94.72)
1580500 2969.9012472629547 532.17 q/s (% mem usage: 5.30, % mem avail: 94.72)
1581000 2970.316823720932 532.27 q/s (% mem usage: 5.30, % mem avail: 94.72)
1581500 2971.3258669376373 532.25 q/s (% mem usage: 5.30, % mem avail: 94.72)
1582000 2972.3431508541107 532.24 q/s (% mem usage: 5.30, % mem avail: 94.72)
1582500 2973.371890068054 532.22 q/s (% mem usage: 5.30, % mem avail: 94.72)
1583000 2974.2643785476685 532.23 q/s (% mem usage: 5.30, % mem avail: 94.71)
1583500 2975.0728013515472 532.26 q/s (% mem usage: 5.30, % mem avail: 94.71)
1584000 2976.035556793213 532.25 q/s (% mem usage: 5.30, % mem avail: 94.72)
1584500 2979.04265499115 531.88 q/s (% mem usage: 5.30, % mem avail: 94.74)
1585000 2979.091946363449 532.04 q/s (% mem usage: 5.30, % mem avail: 94.74)
1585500 2979.1378190517426 532.20 q/s (% mem usage: 5.30, % mem avail: 94.74)
1586000 2979.8771772384644 532.24 q/s (% mem usage: 5.30, % mem avail: 94.74)
1586500 2981.043538093567 532.20 q/s (% mem usage: 5.30, % mem avail: 94.74)
1587000 2981.735633134842 532.24 q/s (% mem usage: 5.30, % mem avail: 94.74)
1587500 2982.685571908951 532.24 q/s (% mem usage: 5.30, % mem avail: 94.73)
1588000 2983.57856631279 532.25 q/s (% mem usage: 5.30, % mem avail: 94.73)
1588500 2984.5071725845337 532.25 q/s (% mem usage: 5.30, % mem avail: 94.73)
1589000 2985.252559900284 532.28 q/s (% mem usage: 5.30, % mem avail: 94.73)
1589500 2986.2301349639893 532.28 q/s (% mem usage: 5.30, % mem avail: 94.73)
1590000 2987.056627511978 532.30 q/s (% mem usage: 5.30, % mem avail: 94.73)
1590500 2988.0153484344482 532.29 q/s (% mem usage: 5.30, % mem avail: 94.73)
1591000 2989.019077539444 532.28 q/s (% mem usage: 5.30, % mem avail: 94.73)
1591500 2990.082904100418 532.26 q/s (% mem usage: 5.30, % mem avail: 94.73)
1592000 2990.8783264160156 532.29 q/s (% mem usage: 5.30, % mem avail: 94.72)
1592500 2991.980526447296 532.26 q/s (% mem usage: 5.30, % mem avail: 94.72)
1593000 2992.8813223838806 532.26 q/s (% mem usage: 5.30, % mem avail: 94.72)
1593500 2993.901713848114 532.25 q/s (% mem usage: 5.30, % mem avail: 94.72)
1594000 2994.8530027866364 532.25 q/s (% mem usage: 5.30, % mem avail: 94.72)
1594500 2996.54314994812 532.11 q/s (% mem usage: 5.30, % mem avail: 94.72)
1595000 2996.5889053344727 532.27 q/s (% mem usage: 5.30, % mem avail: 94.72)
1595500 2998.372255563736 532.12 q/s (% mem usage: 5.30, % mem avail: 94.71)
1596000 2998.682545185089 532.23 q/s (% mem usage: 5.30, % mem avail: 94.71)
1596500 2999.5711998939514 532.24 q/s (% mem usage: 5.30, % mem avail: 94.71)
1597000 3000.5319068431854 532.24 q/s (% mem usage: 5.30, % mem avail: 94.73)
1597500 3001.7137157917023 532.20 q/s (% mem usage: 5.30, % mem avail: 94.73)
1598000 3002.34987449646 532.25 q/s (% mem usage: 5.30, % mem avail: 94.73)
1598500 3003.302087545395 532.25 q/s (% mem usage: 5.30, % mem avail: 94.73)
1599000 3004.6247475147247 532.18 q/s (% mem usage: 5.30, % mem avail: 94.72)
1599500 3005.258579492569 532.23 q/s (% mem usage: 5.30, % mem avail: 94.72)
1600000 3006.224790096283 532.23 q/s (% mem usage: 5.30, % mem avail: 94.72)
1600500 3007.1253657341003 532.24 q/s (% mem usage: 5.30, % mem avail: 94.72)
1601000 3008.0558652877808 532.24 q/s (% mem usage: 5.30, % mem avail: 94.72)
1601500 3008.976014137268 532.24 q/s (% mem usage: 5.30, % mem avail: 94.72)
1602000 3010.3353033065796 532.17 q/s (% mem usage: 5.30, % mem avail: 94.72)
1602500 3010.818515062332 532.25 q/s (% mem usage: 5.30, % mem avail: 94.72)
1603000 3011.8111515045166 532.24 q/s (% mem usage: 5.30, % mem avail: 94.72)
1603500 3012.570843219757 532.27 q/s (% mem usage: 5.30, % mem avail: 94.71)
1604000 3013.565237760544 532.26 q/s (% mem usage: 5.30, % mem avail: 94.71)
1604500 3014.5037336349487 532.26 q/s (% mem usage: 5.30, % mem avail: 94.71)
1605000 3015.460934638977 532.26 q/s (% mem usage: 5.30, % mem avail: 94.71)
1605500 3016.316031217575 532.27 q/s (% mem usage: 5.30, % mem avail: 94.71)
1606000 3017.425597190857 532.24 q/s (% mem usage: 5.30, % mem avail: 94.71)
1606500 3018.414001941681 532.23 q/s (% mem usage: 5.30, % mem avail: 94.71)
1607000 3019.21973323822 532.26 q/s (% mem usage: 5.30, % mem avail: 94.71)
1607500 3020.253907442093 532.24 q/s (% mem usage: 5.30, % mem avail: 94.71)
1608000 3021.2297337055206 532.23 q/s (% mem usage: 5.30, % mem avail: 94.72)
1608500 3022.19366979599 532.23 q/s (% mem usage: 5.30, % mem avail: 94.72)
1609000 3023.5395386219025 532.16 q/s (% mem usage: 5.30, % mem avail: 94.72)
1609500 3023.937662601471 532.25 q/s (% mem usage: 5.30, % mem avail: 94.72)
1610000 3024.848612546921 532.26 q/s (% mem usage: 5.30, % mem avail: 94.72)
1610500 3025.839100122452 532.25 q/s (% mem usage: 5.30, % mem avail: 94.71)
1611000 3026.7455174922943 532.25 q/s (% mem usage: 5.30, % mem avail: 94.71)
1611500 3027.5686671733856 532.28 q/s (% mem usage: 5.30, % mem avail: 94.71)
1612000 3028.6233806610107 532.26 q/s (% mem usage: 5.30, % mem avail: 94.71)
1612500 3029.436752796173 532.28 q/s (% mem usage: 5.30, % mem avail: 94.71)
1613000 3030.5507185459137 532.25 q/s (% mem usage: 5.30, % mem avail: 94.71)
1613500 3031.216413974762 532.29 q/s (% mem usage: 5.30, % mem avail: 94.71)
1614000 3032.2849197387695 532.27 q/s (% mem usage: 5.30, % mem avail: 94.71)
1614500 3033.073928117752 532.30 q/s (% mem usage: 5.30, % mem avail: 94.71)
1615000 3034.060120344162 532.29 q/s (% mem usage: 5.30, % mem avail: 94.70)
1615500 3034.9874234199524 532.29 q/s (% mem usage: 5.30, % mem avail: 94.70)
1616000 3036.000063896179 532.28 q/s (% mem usage: 5.30, % mem avail: 94.70)
1616500 3037.2099006175995 532.23 q/s (% mem usage: 5.30, % mem avail: 94.71)
1617000 3037.8581829071045 532.28 q/s (% mem usage: 5.30, % mem avail: 94.74)
1617500 3038.7277364730835 532.30 q/s (% mem usage: 5.30, % mem avail: 94.73)
1618000 3039.6621313095093 532.30 q/s (% mem usage: 5.30, % mem avail: 94.74)
1618500 3041.7918853759766 532.09 q/s (% mem usage: 5.30, % mem avail: 94.73)
1619000 3041.834832906723 532.24 q/s (% mem usage: 5.30, % mem avail: 94.73)
1619500 3042.6509363651276 532.27 q/s (% mem usage: 5.30, % mem avail: 94.73)
1620000 3044.3691639900208 532.13 q/s (% mem usage: 5.30, % mem avail: 94.73)
1620500 3044.4190759658813 532.29 q/s (% mem usage: 5.30, % mem avail: 94.73)
1621000 3047.4234125614166 531.92 q/s (% mem usage: 5.30, % mem avail: 94.73)
1621500 3047.467005968094 532.08 q/s (% mem usage: 5.30, % mem avail: 94.73)
1622000 3047.9155683517456 532.17 q/s (% mem usage: 5.30, % mem avail: 94.73)
1622500 3049.755537748337 532.01 q/s (% mem usage: 5.30, % mem avail: 94.73)
1623000 3049.8101053237915 532.16 q/s (% mem usage: 5.30, % mem avail: 94.73)
1623500 3050.2418081760406 532.25 q/s (% mem usage: 5.30, % mem avail: 94.73)
1624000 3051.163654088974 532.26 q/s (% mem usage: 5.30, % mem avail: 94.73)
1624500 3052.086270570755 532.26 q/s (% mem usage: 5.30, % mem avail: 94.73)
1625000 3053.021365404129 532.26 q/s (% mem usage: 5.30, % mem avail: 94.72)
1625500 3053.9338586330414 532.26 q/s (% mem usage: 5.30, % mem avail: 94.72)
1626000 3054.8204622268677 532.27 q/s (% mem usage: 5.30, % mem avail: 94.72)
1626500 3055.818687915802 532.26 q/s (% mem usage: 5.30, % mem avail: 94.72)
1627000 3056.6858019828796 532.28 q/s (% mem usage: 5.30, % mem avail: 94.72)
1627500 3057.599884033203 532.28 q/s (% mem usage: 5.30, % mem avail: 94.72)
1628000 3058.578524827957 532.27 q/s (% mem usage: 5.30, % mem avail: 94.72)
1628500 3059.5348060131073 532.27 q/s (% mem usage: 5.30, % mem avail: 94.72)
1629000 3060.3186087608337 532.30 q/s (% mem usage: 5.30, % mem avail: 94.72)
1629500 3061.347707271576 532.28 q/s (% mem usage: 5.30, % mem avail: 94.72)
1630000 3062.3590281009674 532.27 q/s (% mem usage: 5.30, % mem avail: 94.71)
1630500 3063.696810245514 532.20 q/s (% mem usage: 5.30, % mem avail: 94.71)
1631000 3064.113076686859 532.29 q/s (% mem usage: 5.30, % mem avail: 94.71)
1631500 3066.876392841339 531.97 q/s (% mem usage: 5.30, % mem avail: 94.71)
1632000 3066.917683362961 532.13 q/s (% mem usage: 5.30, % mem avail: 94.71)
1632500 3066.9656190872192 532.29 q/s (% mem usage: 5.30, % mem avail: 94.71)
1633000 3067.8397290706635 532.30 q/s (% mem usage: 5.30, % mem avail: 94.71)
1633500 3068.9990854263306 532.26 q/s (% mem usage: 5.30, % mem avail: 94.71)
1634000 3069.802491903305 532.28 q/s (% mem usage: 5.30, % mem avail: 94.71)
1634500 3070.6033189296722 532.31 q/s (% mem usage: 5.30, % mem avail: 94.71)
1635000 3071.598648548126 532.30 q/s (% mem usage: 5.30, % mem avail: 94.71)
1635500 3073.5074841976166 532.13 q/s (% mem usage: 5.30, % mem avail: 94.71)
1636000 3073.558591604233 532.28 q/s (% mem usage: 5.30, % mem avail: 94.71)
1636500 3074.3793749809265 532.30 q/s (% mem usage: 5.30, % mem avail: 94.71)
1637000 3075.334832429886 532.30 q/s (% mem usage: 5.30, % mem avail: 94.71)
1637500 3076.3846073150635 532.28 q/s (% mem usage: 5.30, % mem avail: 94.71)
1638000 3078.6375012397766 532.05 q/s (% mem usage: 5.30, % mem avail: 94.71)
1638500 3078.686178445816 532.21 q/s (% mem usage: 5.30, % mem avail: 94.71)
1639000 3079.018279314041 532.31 q/s (% mem usage: 5.30, % mem avail: 94.71)
1639500 3080.0642805099487 532.29 q/s (% mem usage: 5.30, % mem avail: 94.71)
1640000 3080.9248349666595 532.31 q/s (% mem usage: 5.30, % mem avail: 94.71)
1640500 3081.8508014678955 532.31 q/s (% mem usage: 5.30, % mem avail: 94.71)
1641000 3082.715887784958 532.32 q/s (% mem usage: 5.30, % mem avail: 94.71)
1641500 3083.714010000229 532.31 q/s (% mem usage: 5.30, % mem avail: 94.71)
1642000 3084.6866760253906 532.31 q/s (% mem usage: 5.30, % mem avail: 94.71)
1642500 3085.7618889808655 532.28 q/s (% mem usage: 5.30, % mem avail: 94.71)
1643000 3086.595006942749 532.30 q/s (% mem usage: 5.30, % mem avail: 94.71)
1643500 3087.5815103054047 532.29 q/s (% mem usage: 5.30, % mem avail: 94.71)
1644000 3088.3760414123535 532.32 q/s (% mem usage: 5.30, % mem avail: 94.71)
1644500 3089.43905377388 532.30 q/s (% mem usage: 5.30, % mem avail: 94.71)
1645000 3091.8565831184387 532.04 q/s (% mem usage: 5.30, % mem avail: 94.71)
1645500 3091.904227256775 532.20 q/s (% mem usage: 5.30, % mem avail: 94.71)
1646000 3092.2303931713104 532.30 q/s (% mem usage: 5.30, % mem avail: 94.71)
1646500 3094.5655167102814 532.06 q/s (% mem usage: 5.30, % mem avail: 94.71)
1647000 3095.518488883972 532.06 q/s (% mem usage: 5.30, % mem avail: 94.71)
1647500 3095.5618858337402 532.21 q/s (% mem usage: 5.30, % mem avail: 94.71)
1648000 3095.945658683777 532.31 q/s (% mem usage: 5.30, % mem avail: 94.71)
1648500 3096.863494873047 532.31 q/s (% mem usage: 5.30, % mem avail: 94.71)
1649000 3099.242611646652 532.07 q/s (% mem usage: 5.30, % mem avail: 94.71)
1649500 3099.30038189888 532.22 q/s (% mem usage: 5.30, % mem avail: 94.71)
1650000 3099.823395729065 532.29 q/s (% mem usage: 5.30, % mem avail: 94.71)
1650500 3100.656327724457 532.31 q/s (% mem usage: 5.30, % mem avail: 94.71)
1651000 3101.4570388793945 532.33 q/s (% mem usage: 5.30, % mem avail: 94.71)
1651500 3102.314352273941 532.34 q/s (% mem usage: 5.30, % mem avail: 94.71)
1652000 3103.2794399261475 532.34 q/s (% mem usage: 5.30, % mem avail: 94.71)
1652500 3104.1135823726654 532.36 q/s (% mem usage: 5.30, % mem avail: 94.71)
1653000 3105.023857116699 532.36 q/s (% mem usage: 5.30, % mem avail: 94.71)
1653500 3106.0661363601685 532.35 q/s (% mem usage: 5.30, % mem avail: 94.71)
1654000 3106.8268587589264 532.38 q/s (% mem usage: 5.30, % mem avail: 94.71)
1654500 3107.72402882576 532.38 q/s (% mem usage: 5.30, % mem avail: 94.71)
1655000 3108.88134598732 532.35 q/s (% mem usage: 5.30, % mem avail: 94.71)
1655500 3109.659613132477 532.37 q/s (% mem usage: 5.30, % mem avail: 94.71)
1656000 3111.3702018260956 532.24 q/s (% mem usage: 5.30, % mem avail: 94.71)
1656500 3111.560013771057 532.37 q/s (% mem usage: 5.30, % mem avail: 94.71)
1657000 3112.564633369446 532.36 q/s (% mem usage: 5.30, % mem avail: 94.71)
1657500 3113.8182764053345 532.30 q/s (% mem usage: 5.30, % mem avail: 94.71)
1658000 3114.3155179023743 532.38 q/s (% mem usage: 5.30, % mem avail: 94.71)
1658500 3115.3068313598633 532.37 q/s (% mem usage: 5.30, % mem avail: 94.71)
1659000 3116.1453788280487 532.39 q/s (% mem usage: 5.30, % mem avail: 94.71)
1659500 3117.153477907181 532.38 q/s (% mem usage: 5.30, % mem avail: 94.71)
1660000 3118.0581245422363 532.38 q/s (% mem usage: 5.30, % mem avail: 94.71)
1660500 3118.8071191310883 532.42 q/s (% mem usage: 5.30, % mem avail: 94.71)
1661000 3119.889126777649 532.39 q/s (% mem usage: 5.30, % mem avail: 94.71)
1661500 3120.745801925659 532.40 q/s (% mem usage: 5.30, % mem avail: 94.71)
1662000 3121.5470583438873 532.43 q/s (% mem usage: 5.30, % mem avail: 94.71)
1662500 3122.402773141861 532.44 q/s (% mem usage: 5.30, % mem avail: 94.71)
1663000 3123.2064735889435 532.47 q/s (% mem usage: 5.30, % mem avail: 94.71)
1663500 3124.0792043209076 532.48 q/s (% mem usage: 5.30, % mem avail: 94.71)
1664000 3126.7999124526978 532.17 q/s (% mem usage: 5.30, % mem avail: 94.70)
1664500 3126.8518857955933 532.32 q/s (% mem usage: 5.30, % mem avail: 94.70)
1665000 3127.027265071869 532.45 q/s (% mem usage: 5.30, % mem avail: 94.70)
1665500 3127.8825120925903 532.47 q/s (% mem usage: 5.30, % mem avail: 94.70)
1666000 3128.8144023418427 532.47 q/s (% mem usage: 5.30, % mem avail: 94.71)
1666500 3129.7437915802 532.47 q/s (% mem usage: 5.30, % mem avail: 94.71)
1667000 3131.7145009040833 532.30 q/s (% mem usage: 5.30, % mem avail: 94.70)
1667500 3131.762448310852 532.45 q/s (% mem usage: 5.30, % mem avail: 94.70)
1668000 3132.7100353240967 532.45 q/s (% mem usage: 5.30, % mem avail: 94.70)
1668500 3133.9100689888 532.40 q/s (% mem usage: 5.30, % mem avail: 94.70)
1669000 3134.755968809128 532.42 q/s (% mem usage: 5.30, % mem avail: 94.71)
1669500 3135.735512971878 532.41 q/s (% mem usage: 5.30, % mem avail: 94.71)
1670000 3136.57487988472 532.43 q/s (% mem usage: 5.30, % mem avail: 94.70)
1670500 3138.6484229564667 532.24 q/s (% mem usage: 5.30, % mem avail: 94.72)
1671000 3138.7012197971344 532.39 q/s (% mem usage: 5.30, % mem avail: 94.72)
1671500 3139.537381887436 532.40 q/s (% mem usage: 5.30, % mem avail: 94.72)
1672000 3140.4150762557983 532.41 q/s (% mem usage: 5.30, % mem avail: 94.72)
1672500 3141.2708246707916 532.43 q/s (% mem usage: 5.30, % mem avail: 94.72)
1673000 3142.2312734127045 532.42 q/s (% mem usage: 5.30, % mem avail: 94.72)
1673500 3142.9435575008392 532.46 q/s (% mem usage: 5.30, % mem avail: 94.72)
1674000 3143.9100728034973 532.46 q/s (% mem usage: 5.30, % mem avail: 94.72)
1674500 3144.8425431251526 532.46 q/s (% mem usage: 5.30, % mem avail: 94.72)
1675000 3145.810022354126 532.45 q/s (% mem usage: 5.30, % mem avail: 94.72)
1675500 3146.66006064415 532.47 q/s (% mem usage: 5.30, % mem avail: 94.72)
1676000 3147.5804572105408 532.47 q/s (% mem usage: 5.30, % mem avail: 94.72)
1676500 3149.3769278526306 532.33 q/s (% mem usage: 5.30, % mem avail: 94.72)
1677000 3149.4332127571106 532.48 q/s (% mem usage: 5.30, % mem avail: 94.72)
1677500 3150.3136084079742 532.49 q/s (% mem usage: 5.30, % mem avail: 94.72)
1678000 3151.2378675937653 532.49 q/s (% mem usage: 5.30, % mem avail: 94.72)
1678500 3152.2387816905975 532.48 q/s (% mem usage: 5.30, % mem avail: 94.72)
1679000 3153.2910006046295 532.46 q/s (% mem usage: 5.30, % mem avail: 94.72)
1679500 3154.2611451148987 532.45 q/s (% mem usage: 5.30, % mem avail: 94.72)
1680000 3156.0622141361237 532.31 q/s (% mem usage: 5.30, % mem avail: 94.72)
1680500 3156.274425506592 532.43 q/s (% mem usage: 5.30, % mem avail: 94.72)
1681000 3157.2734088897705 532.42 q/s (% mem usage: 5.30, % mem avail: 94.72)
1681500 3158.751230955124 532.33 q/s (% mem usage: 5.30, % mem avail: 94.72)
1682000 3159.077576637268 532.43 q/s (% mem usage: 5.30, % mem avail: 94.72)
1682500 3160.029765367508 532.43 q/s (% mem usage: 5.30, % mem avail: 94.72)
1683000 3161.0162477493286 532.42 q/s (% mem usage: 5.30, % mem avail: 94.72)
1683500 3162.129570245743 532.39 q/s (% mem usage: 5.30, % mem avail: 94.72)
1684000 3162.951610803604 532.41 q/s (% mem usage: 5.30, % mem avail: 94.72)
1684500 3163.8133590221405 532.43 q/s (% mem usage: 5.30, % mem avail: 94.72)
1685000 3164.729333639145 532.43 q/s (% mem usage: 5.30, % mem avail: 94.72)
1685500 3165.7343266010284 532.42 q/s (% mem usage: 5.30, % mem avail: 94.72)
1686000 3167.0825288295746 532.35 q/s (% mem usage: 5.30, % mem avail: 94.72)
1686500 3167.600321292877 532.42 q/s (% mem usage: 5.30, % mem avail: 94.72)
1687000 3168.49845290184 532.43 q/s (% mem usage: 5.30, % mem avail: 94.72)
1687500 3170.841958284378 532.19 q/s (% mem usage: 5.30, % mem avail: 94.72)
1688000 3170.886207342148 532.34 q/s (% mem usage: 5.30, % mem avail: 94.72)
1688500 3171.6132159233093 532.38 q/s (% mem usage: 5.30, % mem avail: 94.72)
1689000 3172.5335264205933 532.38 q/s (% mem usage: 5.30, % mem avail: 94.72)
1689500 3173.4787254333496 532.38 q/s (% mem usage: 5.30, % mem avail: 94.72)
1690000 3174.3403952121735 532.39 q/s (% mem usage: 5.30, % mem avail: 94.72)
1690500 3175.3190591335297 532.39 q/s (% mem usage: 5.30, % mem avail: 94.72)
1691000 3176.156867980957 532.40 q/s (% mem usage: 5.30, % mem avail: 94.72)
1691500 3177.1079721450806 532.40 q/s (% mem usage: 5.30, % mem avail: 94.72)
1692000 3178.7857875823975 532.28 q/s (% mem usage: 5.30, % mem avail: 94.72)
1692500 3180.5696787834167 532.14 q/s (% mem usage: 5.30, % mem avail: 94.72)
1693000 3180.616496324539 532.29 q/s (% mem usage: 5.30, % mem avail: 94.72)
1693500 3182.399204492569 532.15 q/s (% mem usage: 5.30, % mem avail: 94.72)
1694000 3182.4399111270905 532.30 q/s (% mem usage: 5.30, % mem avail: 94.72)
1694500 3182.965580224991 532.37 q/s (% mem usage: 5.30, % mem avail: 94.72)
1695000 3183.791856765747 532.38 q/s (% mem usage: 5.30, % mem avail: 94.72)
1695500 3184.743602514267 532.38 q/s (% mem usage: 5.30, % mem avail: 94.72)
1696000 3185.774495124817 532.37 q/s (% mem usage: 5.30, % mem avail: 94.72)
1696500 3186.7299909591675 532.36 q/s (% mem usage: 5.30, % mem avail: 94.72)
1697000 3187.7249143123627 532.35 q/s (% mem usage: 5.30, % mem avail: 94.72)
1697500 3188.580432653427 532.37 q/s (% mem usage: 5.30, % mem avail: 94.72)
1698000 3189.4325110912323 532.38 q/s (% mem usage: 5.30, % mem avail: 94.72)
1698500 3190.408953666687 532.38 q/s (% mem usage: 5.30, % mem avail: 94.72)
1699000 3191.2249941825867 532.40 q/s (% mem usage: 5.30, % mem avail: 94.72)
1699500 3192.2138924598694 532.39 q/s (% mem usage: 5.30, % mem avail: 94.72)
1700000 3193.179015636444 532.38 q/s (% mem usage: 5.30, % mem avail: 94.72)
1700500 3194.112130880356 532.39 q/s (% mem usage: 5.30, % mem avail: 94.72)
1701000 3195.0456802845 532.39 q/s (% mem usage: 5.30, % mem avail: 94.72)
1701500 3198.4817233085632 531.97 q/s (% mem usage: 5.30, % mem avail: 94.71)
1702000 3198.5421617031097 532.12 q/s (% mem usage: 5.30, % mem avail: 94.71)
1702500 3198.5941956043243 532.27 q/s (% mem usage: 5.30, % mem avail: 94.71)
1703000 3198.803239583969 532.39 q/s (% mem usage: 5.30, % mem avail: 94.71)
1703500 3199.6607127189636 532.40 q/s (% mem usage: 5.30, % mem avail: 94.71)
1704000 3200.4659094810486 532.42 q/s (% mem usage: 5.30, % mem avail: 94.71)
1704500 3201.360558986664 532.43 q/s (% mem usage: 5.30, % mem avail: 94.71)
1705000 3202.1851625442505 532.45 q/s (% mem usage: 5.30, % mem avail: 94.71)
1705500 3203.1004860401154 532.45 q/s (% mem usage: 5.30, % mem avail: 94.71)
1706000 3204.9945316314697 532.29 q/s (% mem usage: 5.30, % mem avail: 94.71)
1706500 3205.071233510971 532.44 q/s (% mem usage: 5.30, % mem avail: 94.71)
1707000 3206.0732996463776 532.43 q/s (% mem usage: 5.30, % mem avail: 94.71)
1707500 3207.2342228889465 532.39 q/s (% mem usage: 5.30, % mem avail: 94.71)
1708000 3207.8942544460297 532.44 q/s (% mem usage: 5.30, % mem avail: 94.71)
1708500 3208.8345856666565 532.44 q/s (% mem usage: 5.30, % mem avail: 94.71)
1709000 3209.754997730255 532.44 q/s (% mem usage: 5.30, % mem avail: 94.71)
1709500 3210.7048625946045 532.44 q/s (% mem usage: 5.30, % mem avail: 94.71)
1710000 3211.701813220978 532.43 q/s (% mem usage: 5.30, % mem avail: 94.71)
1710500 3212.8641242980957 532.39 q/s (% mem usage: 5.30, % mem avail: 94.71)
1711000 3213.5540862083435 532.43 q/s (% mem usage: 5.30, % mem avail: 94.71)
1711500 3215.3615794181824 532.29 q/s (% mem usage: 5.30, % mem avail: 94.71)
1712000 3215.4246475696564 532.43 q/s (% mem usage: 5.30, % mem avail: 94.71)
1712500 3216.4151401519775 532.43 q/s (% mem usage: 5.30, % mem avail: 94.71)
1713000 3217.2673370838165 532.44 q/s (% mem usage: 5.30, % mem avail: 94.71)
1713500 3219.7226288318634 532.19 q/s (% mem usage: 5.30, % mem avail: 94.71)
1714000 3220.068851709366 532.29 q/s (% mem usage: 5.30, % mem avail: 94.71)
1714500 3220.113323688507 532.43 q/s (% mem usage: 5.30, % mem avail: 94.71)
1715000 3222.3515729904175 532.22 q/s (% mem usage: 5.30, % mem avail: 94.71)
1715500 3222.4105389118195 532.37 q/s (% mem usage: 5.30, % mem avail: 94.71)
1716000 3223.279580116272 532.38 q/s (% mem usage: 5.30, % mem avail: 94.71)
1716500 3224.0959746837616 532.40 q/s (% mem usage: 5.30, % mem avail: 94.71)
1717000 3225.0413959026337 532.40 q/s (% mem usage: 5.30, % mem avail: 94.71)
1717500 3230.1164503097534 531.71 q/s (% mem usage: 5.30, % mem avail: 94.68)
1718000 3230.1798253059387 531.86 q/s (% mem usage: 5.30, % mem avail: 94.68)
1718500 3230.231017589569 532.01 q/s (% mem usage: 5.30, % mem avail: 94.68)
1719000 3230.2860510349274 532.15 q/s (% mem usage: 5.30, % mem avail: 94.68)
1719500 3230.3303894996643 532.30 q/s (% mem usage: 5.30, % mem avail: 94.68)
1720000 3230.412408351898 532.44 q/s (% mem usage: 5.30, % mem avail: 94.68)
1720500 3231.4314444065094 532.43 q/s (% mem usage: 5.30, % mem avail: 94.69)
1721000 3232.5400092601776 532.40 q/s (% mem usage: 5.30, % mem avail: 94.69)
1721500 3233.733236551285 532.36 q/s (% mem usage: 5.30, % mem avail: 94.69)
1722000 3234.3265085220337 532.41 q/s (% mem usage: 5.30, % mem avail: 94.69)
1722500 3235.508308649063 532.37 q/s (% mem usage: 5.30, % mem avail: 94.69)
1723000 3236.4032866954803 532.38 q/s (% mem usage: 5.30, % mem avail: 94.69)
1723500 3237.261533498764 532.39 q/s (% mem usage: 5.30, % mem avail: 94.69)
1724000 3238.1257581710815 532.41 q/s (% mem usage: 5.30, % mem avail: 94.69)
1724500 3239.0785896778107 532.40 q/s (% mem usage: 5.30, % mem avail: 94.69)
1725000 3239.970633983612 532.41 q/s (% mem usage: 5.30, % mem avail: 94.69)
1725500 3240.956619501114 532.40 q/s (% mem usage: 5.30, % mem avail: 94.69)
1726000 3241.7732203006744 532.42 q/s (% mem usage: 5.30, % mem avail: 94.69)
1726500 3242.7606415748596 532.42 q/s (% mem usage: 5.30, % mem avail: 94.69)
1727000 3243.871054649353 532.39 q/s (% mem usage: 5.30, % mem avail: 94.69)
1727500 3244.580919981003 532.43 q/s (% mem usage: 5.30, % mem avail: 94.69)
1728000 3245.4844541549683 532.43 q/s (% mem usage: 5.30, % mem avail: 94.69)
1728500 3246.339720726013 532.45 q/s (% mem usage: 5.30, % mem avail: 94.69)
1729000 3247.2959229946136 532.44 q/s (% mem usage: 5.30, % mem avail: 94.69)
1729500 3248.23726606369 532.44 q/s (% mem usage: 5.30, % mem avail: 94.69)
1730000 3249.28537940979 532.42 q/s (% mem usage: 5.30, % mem avail: 94.69)
1730500 3250.429652929306 532.39 q/s (% mem usage: 5.30, % mem avail: 94.69)
1731000 3250.8783135414124 532.47 q/s (% mem usage: 5.30, % mem avail: 94.68)
1731500 3252.5360944271088 532.35 q/s (% mem usage: 5.30, % mem avail: 94.68)
1732000 3252.7439374923706 532.47 q/s (% mem usage: 5.30, % mem avail: 94.68)
1732500 3253.8477227687836 532.45 q/s (% mem usage: 5.30, % mem avail: 94.68)
1733000 3254.6907200813293 532.46 q/s (% mem usage: 5.30, % mem avail: 94.68)
1733500 3256.5552983283997 532.31 q/s (% mem usage: 5.30, % mem avail: 94.70)
1734000 3256.6346023082733 532.45 q/s (% mem usage: 5.30, % mem avail: 94.70)
1734500 3257.5255312919617 532.46 q/s (% mem usage: 5.30, % mem avail: 94.70)
1735000 3258.4934689998627 532.45 q/s (% mem usage: 5.30, % mem avail: 94.69)
1735500 3259.3578321933746 532.47 q/s (% mem usage: 5.30, % mem avail: 94.69)
1736000 3260.515399456024 532.43 q/s (% mem usage: 5.30, % mem avail: 94.69)
1736500 3262.159658432007 532.32 q/s (% mem usage: 5.30, % mem avail: 94.69)
1737000 3262.3022134304047 532.45 q/s (% mem usage: 5.30, % mem avail: 94.69)
1737500 3263.1899511814117 532.45 q/s (% mem usage: 5.30, % mem avail: 94.69)
1738000 3264.1012556552887 532.46 q/s (% mem usage: 5.30, % mem avail: 94.69)
1738500 3265.2046208381653 532.43 q/s (% mem usage: 5.30, % mem avail: 94.69)
1739000 3266.121234178543 532.44 q/s (% mem usage: 5.30, % mem avail: 94.69)
1739500 3266.936865091324 532.46 q/s (% mem usage: 5.30, % mem avail: 94.69)
1740000 3267.90585398674 532.45 q/s (% mem usage: 5.30, % mem avail: 94.69)
1740500 3268.7818298339844 532.46 q/s (% mem usage: 5.30, % mem avail: 94.69)
1741000 3269.6421666145325 532.47 q/s (% mem usage: 5.30, % mem avail: 94.68)
1741500 3270.53981089592 532.48 q/s (% mem usage: 5.30, % mem avail: 94.68)
1742000 3271.668650865555 532.45 q/s (% mem usage: 5.30, % mem avail: 94.68)
1742500 3272.4170043468475 532.48 q/s (% mem usage: 5.30, % mem avail: 94.68)
1743000 3273.263822078705 532.50 q/s (% mem usage: 5.30, % mem avail: 94.68)
1743500 3274.473135948181 532.45 q/s (% mem usage: 5.30, % mem avail: 94.69)
1744000 3275.154381275177 532.49 q/s (% mem usage: 5.30, % mem avail: 94.69)
1744500 3276.200706243515 532.48 q/s (% mem usage: 5.30, % mem avail: 94.68)
1745000 3277.103592157364 532.48 q/s (% mem usage: 5.30, % mem avail: 94.68)
1745500 3278.129203081131 532.47 q/s (% mem usage: 5.30, % mem avail: 94.68)
1746000 3278.986083984375 532.48 q/s (% mem usage: 5.30, % mem avail: 94.68)
1746500 3279.8316445350647 532.50 q/s (% mem usage: 5.30, % mem avail: 94.68)
1747000 3281.0792038440704 532.45 q/s (% mem usage: 5.30, % mem avail: 94.68)
1747500 3281.8836529254913 532.47 q/s (% mem usage: 5.30, % mem avail: 94.67)
1748000 3282.4505410194397 532.53 q/s (% mem usage: 5.30, % mem avail: 94.67)
1748500 3284.446293115616 532.36 q/s (% mem usage: 5.30, % mem avail: 94.69)
1749000 3284.4916195869446 532.50 q/s (% mem usage: 5.30, % mem avail: 94.69)
1749500 3285.316910266876 532.52 q/s (% mem usage: 5.30, % mem avail: 94.69)
1750000 3286.1162469387054 532.54 q/s (% mem usage: 5.30, % mem avail: 94.69)
1750500 3287.0380721092224 532.55 q/s (% mem usage: 5.30, % mem avail: 94.69)
1751000 3288.1120529174805 532.52 q/s (% mem usage: 5.30, % mem avail: 94.69)
1751500 3288.888075351715 532.55 q/s (% mem usage: 5.30, % mem avail: 94.69)
1752000 3289.87859416008 532.54 q/s (% mem usage: 5.30, % mem avail: 94.68)
1752500 3290.7548353672028 532.55 q/s (% mem usage: 5.30, % mem avail: 94.68)
1753000 3291.709086894989 532.55 q/s (% mem usage: 5.30, % mem avail: 94.68)
1753500 3292.521342754364 532.57 q/s (% mem usage: 5.30, % mem avail: 94.68)
1754000 3293.4370057582855 532.57 q/s (% mem usage: 5.30, % mem avail: 94.68)
1754500 3294.471066236496 532.56 q/s (% mem usage: 5.30, % mem avail: 94.68)
1755000 3295.3488755226135 532.57 q/s (% mem usage: 5.30, % mem avail: 94.67)
1755500 3296.217826604843 532.58 q/s (% mem usage: 5.30, % mem avail: 94.67)
1756000 3297.178731441498 532.58 q/s (% mem usage: 5.30, % mem avail: 94.67)
1756500 3298.9818363189697 532.44 q/s (% mem usage: 5.30, % mem avail: 94.67)
1757000 3299.1638119220734 532.56 q/s (% mem usage: 5.30, % mem avail: 94.67)
1757500 3299.9561347961426 532.58 q/s (% mem usage: 5.30, % mem avail: 94.67)
1758000 3300.9608883857727 532.57 q/s (% mem usage: 5.30, % mem avail: 94.67)
1758500 3301.8873524665833 532.57 q/s (% mem usage: 5.30, % mem avail: 94.66)
1759000 3303.3045568466187 532.50 q/s (% mem usage: 5.30, % mem avail: 94.66)
1759500 3304.222138404846 532.50 q/s (% mem usage: 5.30, % mem avail: 94.69)
1760000 3305.925065279007 532.38 q/s (% mem usage: 5.30, % mem avail: 94.68)
1760500 3305.9731516838074 532.52 q/s (% mem usage: 5.30, % mem avail: 94.68)
1761000 3306.531957387924 532.58 q/s (% mem usage: 5.30, % mem avail: 94.68)
1761500 3307.9024307727814 532.51 q/s (% mem usage: 5.30, % mem avail: 94.68)
1762000 3308.3999433517456 532.58 q/s (% mem usage: 5.30, % mem avail: 94.68)
1762500 3309.3314826488495 532.58 q/s (% mem usage: 5.30, % mem avail: 94.68)
1763000 3311.220272064209 532.43 q/s (% mem usage: 5.30, % mem avail: 94.67)
1763500 3311.420601129532 532.55 q/s (% mem usage: 5.30, % mem avail: 94.67)
1764000 3312.056521177292 532.60 q/s (% mem usage: 5.30, % mem avail: 94.67)
1764500 3314.1790466308594 532.41 q/s (% mem usage: 5.30, % mem avail: 94.67)
1765000 3314.2154924869537 532.55 q/s (% mem usage: 5.30, % mem avail: 94.67)
1765500 3314.941383600235 532.59 q/s (% mem usage: 5.30, % mem avail: 94.67)
1766000 3315.8982462882996 532.59 q/s (% mem usage: 5.30, % mem avail: 94.66)
1766500 3316.850534915924 532.58 q/s (% mem usage: 5.30, % mem avail: 94.66)
1767000 3318.823776960373 532.42 q/s (% mem usage: 5.30, % mem avail: 94.66)
1767500 3318.8710553646088 532.56 q/s (% mem usage: 5.30, % mem avail: 94.66)
1768000 3319.9038667678833 532.55 q/s (% mem usage: 5.30, % mem avail: 94.66)
1768500 3320.330493927002 532.63 q/s (% mem usage: 5.30, % mem avail: 94.66)
1769000 3321.3174896240234 532.62 q/s (% mem usage: 5.30, % mem avail: 94.65)
1769500 3322.5630292892456 532.57 q/s (% mem usage: 5.30, % mem avail: 94.67)
1770000 3323.786684989929 532.53 q/s (% mem usage: 5.30, % mem avail: 94.67)
1770500 3324.363149881363 532.58 q/s (% mem usage: 5.30, % mem avail: 94.67)
1771000 3325.2946348190308 532.58 q/s (% mem usage: 5.30, % mem avail: 94.67)
1771500 3326.8865706920624 532.48 q/s (% mem usage: 5.30, % mem avail: 94.67)
1772000 3327.069249153137 532.60 q/s (% mem usage: 5.30, % mem avail: 94.67)
1772500 3328.0402715206146 532.60 q/s (% mem usage: 5.30, % mem avail: 94.67)
1773000 3328.8473176956177 532.62 q/s (% mem usage: 5.30, % mem avail: 94.67)
1773500 3329.763733148575 532.62 q/s (% mem usage: 5.30, % mem avail: 94.67)
1774000 3330.6895594596863 532.62 q/s (% mem usage: 5.30, % mem avail: 94.67)
1774500 3331.5803236961365 532.63 q/s (% mem usage: 5.30, % mem avail: 94.66)
1775000 3332.675234079361 532.61 q/s (% mem usage: 5.30, % mem avail: 94.66)
1775500 3333.6674909591675 532.60 q/s (% mem usage: 5.30, % mem avail: 94.66)
1776000 3334.565487384796 532.60 q/s (% mem usage: 5.30, % mem avail: 94.66)
1776500 3335.464940071106 532.61 q/s (% mem usage: 5.30, % mem avail: 94.66)
1777000 3336.2958340644836 532.63 q/s (% mem usage: 5.30, % mem avail: 94.66)
1777500 3337.221607208252 532.63 q/s (% mem usage: 5.30, % mem avail: 94.65)
1778000 3338.1497881412506 532.63 q/s (% mem usage: 5.30, % mem avail: 94.65)
1778500 3339.019852876663 532.64 q/s (% mem usage: 5.30, % mem avail: 94.65)
1779000 3339.9009330272675 532.65 q/s (% mem usage: 5.40, % mem avail: 94.65)
1779500 3341.0884277820587 532.61 q/s (% mem usage: 5.40, % mem avail: 94.65)
1780000 3341.7467999458313 532.66 q/s (% mem usage: 5.40, % mem avail: 94.65)
1780500 3343.108615398407 532.59 q/s (% mem usage: 5.40, % mem avail: 94.65)
1781000 3343.8949377536774 532.61 q/s (% mem usage: 5.40, % mem avail: 94.64)
1781500 3344.503398180008 532.67 q/s (% mem usage: 5.40, % mem avail: 94.64)
1782000 3345.5891003608704 532.64 q/s (% mem usage: 5.30, % mem avail: 94.69)
1782500 3346.5903475284576 532.63 q/s (% mem usage: 5.30, % mem avail: 94.69)
1783000 3347.513450860977 532.63 q/s (% mem usage: 5.30, % mem avail: 94.69)
1783500 3348.541818380356 532.62 q/s (% mem usage: 5.30, % mem avail: 94.69)
1784000 3349.462709903717 532.62 q/s (% mem usage: 5.30, % mem avail: 94.69)
1784500 3350.2631492614746 532.64 q/s (% mem usage: 5.30, % mem avail: 94.69)
1785000 3351.31449508667 532.63 q/s (% mem usage: 5.30, % mem avail: 94.69)
1785500 3352.1987674236298 532.64 q/s (% mem usage: 5.30, % mem avail: 94.68)
1786000 3357.181695461273 531.99 q/s (% mem usage: 5.30, % mem avail: 94.68)
1786500 3357.241701364517 532.13 q/s (% mem usage: 5.30, % mem avail: 94.68)
1787000 3357.2864232063293 532.28 q/s (% mem usage: 5.30, % mem avail: 94.68)
1787500 3357.327795982361 532.42 q/s (% mem usage: 5.30, % mem avail: 94.68)
1788000 3357.361344575882 532.56 q/s (% mem usage: 5.30, % mem avail: 94.68)
1788500 3357.8098068237305 532.64 q/s (% mem usage: 5.30, % mem avail: 94.68)
1789000 3358.603319168091 532.66 q/s (% mem usage: 5.30, % mem avail: 94.67)
1789500 3359.527403831482 532.66 q/s (% mem usage: 5.30, % mem avail: 94.67)
1790000 3360.3295624256134 532.69 q/s (% mem usage: 5.30, % mem avail: 94.67)
1790500 3361.2753162384033 532.68 q/s (% mem usage: 5.30, % mem avail: 94.67)
1791000 3362.123044490814 532.70 q/s (% mem usage: 5.30, % mem avail: 94.67)
1791500 3363.1239445209503 532.69 q/s (% mem usage: 5.30, % mem avail: 94.67)
1792000 3363.912711620331 532.71 q/s (% mem usage: 5.30, % mem avail: 94.67)
1792500 3366.8264241218567 532.40 q/s (% mem usage: 5.30, % mem avail: 94.66)
1793000 3366.8734250068665 532.54 q/s (% mem usage: 5.30, % mem avail: 94.66)
1793500 3368.019017934799 532.51 q/s (% mem usage: 5.30, % mem avail: 94.66)
1794000 3368.062369823456 532.65 q/s (% mem usage: 5.30, % mem avail: 94.66)
1794500 3370.6443519592285 532.39 q/s (% mem usage: 5.30, % mem avail: 94.66)
1795000 3370.6932933330536 532.53 q/s (% mem usage: 5.30, % mem avail: 94.66)
1795500 3370.745407104492 532.67 q/s (% mem usage: 5.30, % mem avail: 94.66)
1796000 3371.611377954483 532.68 q/s (% mem usage: 5.30, % mem avail: 94.66)
1796500 3372.7543110847473 532.65 q/s (% mem usage: 5.30, % mem avail: 94.66)
1797000 3373.7131583690643 532.65 q/s (% mem usage: 5.30, % mem avail: 94.66)
1797500 3376.157608985901 532.41 q/s (% mem usage: 5.30, % mem avail: 94.66)
1798000 3376.2022428512573 532.55 q/s (% mem usage: 5.30, % mem avail: 94.66)
1798500 3376.698164701462 532.62 q/s (% mem usage: 5.30, % mem avail: 94.65)
1799000 3377.5329999923706 532.64 q/s (% mem usage: 5.30, % mem avail: 94.65)
1799500 3378.421285867691 532.65 q/s (% mem usage: 5.30, % mem avail: 94.65)
1800000 3379.352750301361 532.65 q/s (% mem usage: 5.30, % mem avail: 94.65)
1800500 3380.4032208919525 532.63 q/s (% mem usage: 5.30, % mem avail: 94.65)
1801000 3382.3825492858887 532.46 q/s (% mem usage: 5.40, % mem avail: 94.65)
1801500 3382.495831489563 532.59 q/s (% mem usage: 5.40, % mem avail: 94.65)
1802000 3383.056746482849 532.65 q/s (% mem usage: 5.40, % mem avail: 94.65)
1802500 3384.053584575653 532.65 q/s (% mem usage: 5.40, % mem avail: 94.65)
1803000 3385.0819025039673 532.63 q/s (% mem usage: 5.30, % mem avail: 94.65)
1803500 3386.1309609413147 532.61 q/s (% mem usage: 5.30, % mem avail: 94.65)
1804000 3387.112167596817 532.61 q/s (% mem usage: 5.30, % mem avail: 94.65)
1804500 3387.7911710739136 532.65 q/s (% mem usage: 5.30, % mem avail: 94.65)
1805000 3388.7649908065796 532.64 q/s (% mem usage: 5.30, % mem avail: 94.65)
1805500 3390.009280204773 532.59 q/s (% mem usage: 5.30, % mem avail: 94.65)
1806000 3390.5795702934265 532.65 q/s (% mem usage: 5.30, % mem avail: 94.65)
1806500 3391.486634016037 532.66 q/s (% mem usage: 5.30, % mem avail: 94.65)
1807000 3392.4319813251495 532.66 q/s (% mem usage: 5.30, % mem avail: 94.65)
1807500 3393.43723487854 532.65 q/s (% mem usage: 5.30, % mem avail: 94.65)
1808000 3394.2586159706116 532.66 q/s (% mem usage: 5.30, % mem avail: 94.65)
1808500 3395.285791158676 532.65 q/s (% mem usage: 5.30, % mem avail: 94.65)
1809000 3396.3084530830383 532.64 q/s (% mem usage: 5.30, % mem avail: 94.65)
1809500 3397.330286502838 532.62 q/s (% mem usage: 5.30, % mem avail: 94.65)
1810000 3398.231899499893 532.63 q/s (% mem usage: 5.30, % mem avail: 94.65)
1810500 3399.1161925792694 532.64 q/s (% mem usage: 5.30, % mem avail: 94.65)
1811000 3401.402032852173 532.43 q/s (% mem usage: 5.30, % mem avail: 94.65)
1811500 3401.450646162033 532.57 q/s (% mem usage: 5.30, % mem avail: 94.65)
1812000 3401.955146789551 532.63 q/s (% mem usage: 5.30, % mem avail: 94.65)
1812500 3402.971295595169 532.62 q/s (% mem usage: 5.30, % mem avail: 94.65)
1813000 3404.1162922382355 532.59 q/s (% mem usage: 5.30, % mem avail: 94.65)
1813500 3404.8217346668243 532.63 q/s (% mem usage: 5.30, % mem avail: 94.65)
1814000 3405.8535771369934 532.61 q/s (% mem usage: 5.30, % mem avail: 94.65)
1814500 3406.608321905136 532.64 q/s (% mem usage: 5.30, % mem avail: 94.65)
1815000 3407.5452642440796 532.64 q/s (% mem usage: 5.30, % mem avail: 94.65)
1815500 3408.4913849830627 532.64 q/s (% mem usage: 5.30, % mem avail: 94.65)
1816000 3409.5015363693237 532.63 q/s (% mem usage: 5.30, % mem avail: 94.65)
1816500 3411.230246067047 532.51 q/s (% mem usage: 5.30, % mem avail: 94.65)
1817000 3411.6155154705048 532.59 q/s (% mem usage: 5.30, % mem avail: 94.65)
1817500 3413.2234015464783 532.49 q/s (% mem usage: 5.30, % mem avail: 94.65)
1818000 3415.124612092972 532.34 q/s (% mem usage: 5.30, % mem avail: 94.65)
1818500 3415.1716244220734 532.48 q/s (% mem usage: 5.30, % mem avail: 94.65)
1819000 3415.5917048454285 532.56 q/s (% mem usage: 5.30, % mem avail: 94.65)
1819500 3416.036187648773 532.63 q/s (% mem usage: 5.30, % mem avail: 94.65)
1820000 3418.7508521080017 532.36 q/s (% mem usage: 5.30, % mem avail: 94.65)
1820500 3418.790637254715 532.50 q/s (% mem usage: 5.30, % mem avail: 94.65)
1821000 3418.9253828525543 532.62 q/s (% mem usage: 5.30, % mem avail: 94.65)
1821500 3419.940977573395 532.61 q/s (% mem usage: 5.30, % mem avail: 94.65)
1822000 3420.9433743953705 532.60 q/s (% mem usage: 5.30, % mem avail: 94.65)
1822500 3421.9869644641876 532.59 q/s (% mem usage: 5.30, % mem avail: 94.65)
1823000 3422.7540419101715 532.61 q/s (% mem usage: 5.30, % mem avail: 94.65)
1823500 3424.774407863617 532.44 q/s (% mem usage: 5.30, % mem avail: 94.65)
1824000 3424.8117940425873 532.58 q/s (% mem usage: 5.30, % mem avail: 94.65)
1824500 3425.481123447418 532.63 q/s (% mem usage: 5.30, % mem avail: 94.65)
1825000 3426.4768908023834 532.62 q/s (% mem usage: 5.30, % mem avail: 94.65)
1825500 3427.4156477451324 532.62 q/s (% mem usage: 5.30, % mem avail: 94.65)
1826000 3428.320284843445 532.62 q/s (% mem usage: 5.30, % mem avail: 94.65)
1826500 3429.24760222435 532.62 q/s (% mem usage: 5.30, % mem avail: 94.65)
1827000 3430.2346436977386 532.62 q/s (% mem usage: 5.30, % mem avail: 94.65)
1827500 3431.13818526268 532.62 q/s (% mem usage: 5.30, % mem avail: 94.65)
1828000 3432.1561024188995 532.61 q/s (% mem usage: 5.30, % mem avail: 94.65)
1828500 3433.076285123825 532.61 q/s (% mem usage: 5.30, % mem avail: 94.65)
1829000 3434.8440215587616 532.48 q/s (% mem usage: 5.30, % mem avail: 94.65)
1829500 3434.9391820430756 532.61 q/s (% mem usage: 5.40, % mem avail: 94.65)
1830000 3435.883601665497 532.61 q/s (% mem usage: 5.30, % mem avail: 94.65)
1830500 3436.9480073451996 532.59 q/s (% mem usage: 5.40, % mem avail: 94.65)
1831000 3437.6803205013275 532.63 q/s (% mem usage: 5.30, % mem avail: 94.65)
1831500 3438.6684641838074 532.62 q/s (% mem usage: 5.30, % mem avail: 94.65)
1832000 3440.569461107254 532.47 q/s (% mem usage: 5.30, % mem avail: 94.65)
1832500 3440.611696958542 532.61 q/s (% mem usage: 5.30, % mem avail: 94.65)
1833000 3441.5308389663696 532.61 q/s (% mem usage: 5.40, % mem avail: 94.65)
1833500 3442.8798735141754 532.55 q/s (% mem usage: 5.40, % mem avail: 94.65)
1834000 3444.7122588157654 532.41 q/s (% mem usage: 5.40, % mem avail: 94.65)
1834500 3444.765005350113 532.55 q/s (% mem usage: 5.40, % mem avail: 94.65)
1835000 3445.8773925304413 532.52 q/s (% mem usage: 5.40, % mem avail: 94.65)
1835500 3446.6197278499603 532.55 q/s (% mem usage: 5.40, % mem avail: 94.65)
1836000 3447.250419616699 532.60 q/s (% mem usage: 5.40, % mem avail: 94.65)
1836500 3448.1623628139496 532.60 q/s (% mem usage: 5.40, % mem avail: 94.65)
1837000 3449.092226743698 532.60 q/s (% mem usage: 5.40, % mem avail: 94.65)
1837500 3450.0410845279694 532.60 q/s (% mem usage: 5.40, % mem avail: 94.65)
1838000 3450.9599409103394 532.61 q/s (% mem usage: 5.30, % mem avail: 94.65)
1838500 3451.9617981910706 532.60 q/s (% mem usage: 5.40, % mem avail: 94.65)
1839000 3452.709231853485 532.63 q/s (% mem usage: 5.40, % mem avail: 94.65)
1839500 3453.663765668869 532.62 q/s (% mem usage: 5.30, % mem avail: 94.65)
1840000 3454.591192007065 532.62 q/s (% mem usage: 5.40, % mem avail: 94.65)
1840500 3455.678743839264 532.60 q/s (% mem usage: 5.40, % mem avail: 94.65)
1841000 3456.5965700149536 532.60 q/s (% mem usage: 5.40, % mem avail: 94.65)
1841500 3457.6692667007446 532.58 q/s (% mem usage: 5.40, % mem avail: 94.65)
1842000 3458.5640363693237 532.59 q/s (% mem usage: 5.40, % mem avail: 94.65)
1842500 3459.941155433655 532.52 q/s (% mem usage: 5.40, % mem avail: 94.65)
1843000 3462.332302570343 532.30 q/s (% mem usage: 5.40, % mem avail: 94.65)
1843500 3462.3907647132874 532.44 q/s (% mem usage: 5.40, % mem avail: 94.65)
1844000 3464.134572982788 532.31 q/s (% mem usage: 5.40, % mem avail: 94.65)
1844500 3464.1747765541077 532.45 q/s (% mem usage: 5.40, % mem avail: 94.65)
1845000 3464.2235968112946 532.59 q/s (% mem usage: 5.40, % mem avail: 94.65)
1845500 3465.085066318512 532.60 q/s (% mem usage: 5.40, % mem avail: 94.65)
1846000 3465.9455256462097 532.61 q/s (% mem usage: 5.40, % mem avail: 94.65)
1846500 3466.970766067505 532.60 q/s (% mem usage: 5.40, % mem avail: 94.65)
1847000 3468.020310163498 532.58 q/s (% mem usage: 5.40, % mem avail: 94.65)
1847500 3468.8368089199066 532.60 q/s (% mem usage: 5.40, % mem avail: 94.65)
1848000 3469.734015226364 532.61 q/s (% mem usage: 5.40, % mem avail: 94.65)
1848500 3471.7164776325226 532.45 q/s (% mem usage: 5.40, % mem avail: 94.65)
1849000 3471.7678396701813 532.58 q/s (% mem usage: 5.40, % mem avail: 94.65)
1849500 3472.6890165805817 532.58 q/s (% mem usage: 5.40, % mem avail: 94.65)
1850000 3473.4044241905212 532.62 q/s (% mem usage: 5.40, % mem avail: 94.65)
1850500 3474.540125608444 532.59 q/s (% mem usage: 5.40, % mem avail: 94.65)
1851000 3475.650903940201 532.56 q/s (% mem usage: 5.40, % mem avail: 94.65)
1851500 3476.6244311332703 532.56 q/s (% mem usage: 5.40, % mem avail: 94.65)
1852000 3477.564873456955 532.56 q/s (% mem usage: 5.40, % mem avail: 94.65)
1852500 3479.3090455532074 532.43 q/s (% mem usage: 5.40, % mem avail: 94.65)
1853000 3479.3500287532806 532.57 q/s (% mem usage: 5.40, % mem avail: 94.65)
1853500 3480.2009921073914 532.58 q/s (% mem usage: 5.40, % mem avail: 94.65)
1854000 3481.1817247867584 532.58 q/s (% mem usage: 5.40, % mem avail: 94.65)
1854500 3482.144057750702 532.57 q/s (% mem usage: 5.30, % mem avail: 94.68)
1855000 3483.095285177231 532.57 q/s (% mem usage: 5.30, % mem avail: 94.68)
1855500 3484.9948687553406 532.43 q/s (% mem usage: 5.30, % mem avail: 94.68)
1856000 3485.0388209819794 532.56 q/s (% mem usage: 5.30, % mem avail: 94.68)
1856500 3486.1173825263977 532.54 q/s (% mem usage: 5.30, % mem avail: 94.68)
1857000 3487.708039999008 532.44 q/s (% mem usage: 5.30, % mem avail: 94.68)
1857500 3487.8567309379578 532.56 q/s (% mem usage: 5.30, % mem avail: 94.68)
1858000 3489.411718606949 532.47 q/s (% mem usage: 5.30, % mem avail: 94.68)
1858500 3489.7346432209015 532.56 q/s (% mem usage: 5.30, % mem avail: 94.68)
1859000 3490.7383620738983 532.55 q/s (% mem usage: 5.30, % mem avail: 94.68)
1859500 3491.6683869361877 532.55 q/s (% mem usage: 5.30, % mem avail: 94.68)
1860000 3492.71591424942 532.54 q/s (% mem usage: 5.30, % mem avail: 94.68)
1860500 3493.569047689438 532.55 q/s (% mem usage: 5.30, % mem avail: 94.68)
1861000 3494.544713497162 532.54 q/s (% mem usage: 5.30, % mem avail: 94.68)
1861500 3495.660264492035 532.52 q/s (% mem usage: 5.30, % mem avail: 94.68)
1862000 3497.997208595276 532.30 q/s (% mem usage: 5.30, % mem avail: 94.68)
1862500 3498.043694972992 532.44 q/s (% mem usage: 5.30, % mem avail: 94.68)
1863000 3498.5131278038025 532.51 q/s (% mem usage: 5.30, % mem avail: 94.68)
1863500 3499.3474609851837 532.53 q/s (% mem usage: 5.30, % mem avail: 94.68)
1864000 3500.277693271637 532.53 q/s (% mem usage: 5.30, % mem avail: 94.68)
1864500 3501.915349006653 532.42 q/s (% mem usage: 5.30, % mem avail: 94.68)
1865000 3502.0800528526306 532.54 q/s (% mem usage: 5.30, % mem avail: 94.68)
1865500 3502.9896886348724 532.55 q/s (% mem usage: 5.30, % mem avail: 94.68)
1866000 3503.9482882022858 532.54 q/s (% mem usage: 5.30, % mem avail: 94.68)
1866500 3504.802463054657 532.55 q/s (% mem usage: 5.30, % mem avail: 94.68)
1867000 3505.692796945572 532.56 q/s (% mem usage: 5.30, % mem avail: 94.68)
1867500 3506.527753353119 532.58 q/s (% mem usage: 5.30, % mem avail: 94.68)
1868000 3507.356953859329 532.59 q/s (% mem usage: 5.30, % mem avail: 94.68)
1868500 3508.3286950588226 532.59 q/s (% mem usage: 5.30, % mem avail: 94.68)
1869000 3509.7685208320618 532.51 q/s (% mem usage: 5.30, % mem avail: 94.68)
1869500 3510.213963985443 532.59 q/s (% mem usage: 5.30, % mem avail: 94.68)
1870000 3511.2429473400116 532.57 q/s (% mem usage: 5.30, % mem avail: 94.68)
1870500 3512.580909729004 532.51 q/s (% mem usage: 5.30, % mem avail: 94.68)
1871000 3513.0023283958435 532.59 q/s (% mem usage: 5.30, % mem avail: 94.68)
1871500 3514.8407135009766 532.46 q/s (% mem usage: 5.30, % mem avail: 94.68)
1872000 3515.0764865875244 532.56 q/s (% mem usage: 5.30, % mem avail: 94.68)
1872500 3515.897266149521 532.58 q/s (% mem usage: 5.30, % mem avail: 94.68)
1873000 3516.957012653351 532.56 q/s (% mem usage: 5.30, % mem avail: 94.68)
1873500 3518.5299100875854 532.47 q/s (% mem usage: 5.30, % mem avail: 94.68)
1874000 3518.8347747325897 532.56 q/s (% mem usage: 5.30, % mem avail: 94.68)
1874500 3519.7051639556885 532.57 q/s (% mem usage: 5.30, % mem avail: 94.68)
1875000 3520.4569516181946 532.60 q/s (% mem usage: 5.30, % mem avail: 94.68)
1875500 3521.38973903656 532.60 q/s (% mem usage: 5.30, % mem avail: 94.68)
1876000 3522.6720423698425 532.55 q/s (% mem usage: 5.30, % mem avail: 94.68)
1876500 3523.3237636089325 532.59 q/s (% mem usage: 5.30, % mem avail: 94.68)
1877000 3524.3277814388275 532.58 q/s (% mem usage: 5.30, % mem avail: 94.68)
1877500 3525.388146162033 532.57 q/s (% mem usage: 5.30, % mem avail: 94.68)
1878000 3526.249296426773 532.58 q/s (% mem usage: 5.30, % mem avail: 94.68)
1878500 3527.142790555954 532.58 q/s (% mem usage: 5.30, % mem avail: 94.68)
1879000 3527.9644310474396 532.60 q/s (% mem usage: 5.30, % mem avail: 94.68)
1879176 3528.093272447586 532.63 q/s (% mem usage: 4.10, % mem avail: 95.89)
[32mDone[0m
[1;33mResult files:[0m
   /workdir/func_anno_update/func.emapper.hits
   /workdir/func_anno_update/func.emapper.seed_orthologs
   /workdir/func_anno_update/func.emapper.annotations

================================================================================
CITATION:
If you use this software, please cite:

[1] eggNOG-mapper v2: functional annotation, orthology assignments, and domain 
      prediction at the metagenomic scale. Carlos P. Cantalapiedra, 
      Ana Hernandez-Plaza, Ivica Letunic, Peer Bork, Jaime Huerta-Cepas. 2021.
      Molecular Biology and Evolution, msab293, https://doi.org/10.1093/molbev/msab293

[2] eggNOG 5.0: a hierarchical, functionally and phylogenetically annotated
      orthology resource based on 5090 organisms and 2502 viruses. Jaime
      Huerta-Cepas, Damian Szklarczyk, Davide Heller, Ana Hernandez-Plaza,
      Sofia K Forslund, Helen Cook, Daniel R Mende, Ivica Letunic, Thomas
      Rattei, Lars J Jensen, Christian von Mering and Peer Bork. Nucleic Acids
      Research, Volume 47, Issue D1, 8 January 2019, Pages D309-D314,
      https://doi.org/10.1093/nar/gky1085 

[3] Sensitive protein alignments at tree-of-life scale using DIAMOND.
       Buchfink B, Reuter K, Drost HG. 2021.
       Nature Methods 18, 366–368 (2021). https://doi.org/10.1038/s41592-021-01101-x

e.g. Functional annotation was performed using eggNOG-mapper (version emapper-2.1.10) [1]
 based on eggNOG orthology data [2]. Sequence searches were performed using [3].

================================================================================

Total hits processed: 1879176
Total time: 5919 secs
FINISHED
[INFO] eggNOG-mapper annotation completed.

real	99m9.286s
user	1672m10.946s
sys	2746m10.495s
==========================================
结束时间: 
2026-06-26 14:51:54
==========================================
